Godot Engine v4.7.2.stable.official.ed1daf0bf - https://godotengine.org

ERROR: Failed to read the root certificate store.
   at: get_system_ca_certificates (platform/windows/os_windows.cpp:2582)
[   0% ] [90m[1mfirst_scan_filesystem[22m | Started 项目初始化 (5 steps)[39m[0m
[   0% ] [90m[1mfirst_scan_filesystem[22m | 正在扫描文件结构……[39m[0m
[  16% ] [90m[1mfirst_scan_filesystem[22m | 正在加载全局类名……[39m[0m
[  33% ] [90m[1mfirst_scan_filesystem[22m | 正在校验 GDExtension……[39m[0m
[  50% ] [90m[1mfirst_scan_filesystem[22m | 正在创建自动加载脚本……[39m[0m
[  66% ] [90m[1mfirst_scan_filesystem[22m | 正在初始化插件……[39m[0m
[  83% ] [90m[1mfirst_scan_filesystem[22m | 正在启动文件扫描……[39m[0m
[92m[ DONE ][39m [1mfirst_scan_filesystem[22m
[0m
[   0% ] [90m[1mupdate_scripts_classes[22m | Started 正在注册全局类…… (16 steps)[39m[0m
[   0% ] [90m[1mupdate_scripts_classes[22m | [39m[0m
[   5% ] [90m[1mupdate_scripts_classes[22m | [39m[0m
[  11% ] [90m[1mupdate_scripts_classes[22m | [39m[0m
[  17% ] [90m[1mupdate_scripts_classes[22m | [39m[0m
[  23% ] [90m[1mupdate_scripts_classes[22m | [39m[0m
[  29% ] [90m[1mupdate_scripts_classes[22m | [39m[0m
[  35% ] [90m[1mupdate_scripts_classes[22m | [39m[0m
[  41% ] [90m[1mupdate_scripts_classes[22m | [39m[0m
[  47% ] [90m[1mupdate_scripts_classes[22m | [39m[0m
[  52% ] [90m[1mupdate_scripts_classes[22m | [39m[0m
[  58% ] [90m[1mupdate_scripts_classes[22m | [39m[0m
[  64% ] [90m[1mupdate_scripts_classes[22m | [39m[0m
[  70% ] [90m[1mupdate_scripts_classes[22m | [39m[0m
[  76% ] [90m[1mupdate_scripts_classes[22m | [39m[0m
[  82% ] [90m[1mupdate_scripts_classes[22m | [39m[0m
[  88% ] [90m[1mupdate_scripts_classes[22m | [39m[0m
[92m[ DONE ][39m [1mupdate_scripts_classes[22m
[0m
BUNDLED_DECKS: 4; REGISTERED_CARDS: 486
[   0% ] [90m[1msavepack[22m | Started 打包中 (102 steps)[39m[0m
[   1% ] [90m[1msavepack[22m | 正在保存文件：res://cards/50.json[39m[0m
[   1% ] [90m[1msavepack[22m | 正在保存文件：res://cards/53.json[39m[0m
[   1% ] [90m[1msavepack[22m | 正在保存文件：res://cards/54.json[39m[0m
[   1% ] [90m[1msavepack[22m | 正在保存文件：res://cards/56.json[39m[0m
[   1% ] [90m[1msavepack[22m | 正在保存文件：res://cards/57.json[39m[0m
[   1% ] [90m[1msavepack[22m | 正在保存文件：res://cards/68.json[39m[0m
[   1% ] [90m[1msavepack[22m | 正在保存文件：res://cards/70.json[39m[0m
[   1% ] [90m[1msavepack[22m | 正在保存文件：res://cards/96.json[39m[0m
[   1% ] [90m[1msavepack[22m | 正在保存文件：res://cards/99.json[39m[0m
[   1% ] [90m[1msavepack[22m | 正在保存文件：res://cards/100.json[39m[0m
[   1% ] [90m[1msavepack[22m | 正在保存文件：res://cards/112.json[39m[0m
[   1% ] [90m[1msavepack[22m | 正在保存文件：res://cards/164.json[39m[0m
[   1% ] [90m[1msavepack[22m | 正在保存文件：res://cards/165.json[39m[0m
[   1% ] [90m[1msavepack[22m | 正在保存文件：res://cards/167.json[39m[0m
[   1% ] [90m[1msavepack[22m | 正在保存文件：res://cards/170.json[39m[0m
[   1% ] [90m[1msavepack[22m | 正在保存文件：res://cards/1.json[39m[0m
[   1% ] [90m[1msavepack[22m | 正在保存文件：res://cards/5.json[39m[0m
[   1% ] [90m[1msavepack[22m | 正在保存文件：res://cards/6.json[39m[0m
[   1% ] [90m[1msavepack[22m | 正在保存文件：res://cards/11.json[39m[0m
[   1% ] [90m[1msavepack[22m | 正在保存文件：res://cards/14.json[39m[0m
[   1% ] [90m[1msavepack[22m | 正在保存文件：res://cards/15.json[39m[0m
[   1% ] [90m[1msavepack[22m | 正在保存文件：res://cards/18.json[39m[0m
[   1% ] [90m[1msavepack[22m | 正在保存文件：res://cards/21.json[39m[0m
[   1% ] [90m[1msavepack[22m | 正在保存文件：res://cards/23.json[39m[0m
[   1% ] [90m[1msavepack[22m | 正在保存文件：res://cards/28.json[39m[0m
[   1% ] [90m[1msavepack[22m | 正在保存文件：res://cards/29.json[39m[0m
[   1% ] [90m[1msavepack[22m | 正在保存文件：res://cards/30.json[39m[0m
[   1% ] [90m[1msavepack[22m | 正在保存文件：res://cards/33.json[39m[0m
[   1% ] [90m[1msavepack[22m | 正在保存文件：res://cards/35.json[39m[0m
[   1% ] [90m[1msavepack[22m | 正在保存文件：res://cards/38.json[39m[0m
[   1% ] [90m[1msavepack[22m | 正在保存文件：res://cards/39.json[39m[0m
[   1% ] [90m[1msavepack[22m | 正在保存文件：res://cards/41.json[39m[0m
[   1% ] [90m[1msavepack[22m | 正在保存文件：res://cards/48.json[39m[0m
[   1% ] [90m[1msavepack[22m | 正在保存文件：res://cards/49.json[39m[0m
[   1% ] [90m[1msavepack[22m | 正在保存文件：res://cards/61.json[39m[0m
[   1% ] [90m[1msavepack[22m | 正在保存文件：res://cards/64.json[39m[0m
[   1% ] [90m[1msavepack[22m | 正在保存文件：res://cards/71.json[39m[0m
[   1% ] [90m[1msavepack[22m | 正在保存文件：res://cards/75.json[39m[0m
[   1% ] [90m[1msavepack[22m | 正在保存文件：res://cards/78.json[39m[0m
[   1% ] [90m[1msavepack[22m | 正在保存文件：res://cards/79.json[39m[0m
[   1% ] [90m[1msavepack[22m | 正在保存文件：res://cards/87.json[39m[0m
[   1% ] [90m[1msavepack[22m | 正在保存文件：res://cards/soi_unit_004.json[39m[0m
[   1% ] [90m[1msavepack[22m | 正在保存文件：res://cards/94.json[39m[0m
[   1% ] [90m[1msavepack[22m | 正在保存文件：res://cards/106.json[39m[0m
[   1% ] [90m[1msavepack[22m | 正在保存文件：res://cards/110.json[39m[0m
[   1% ] [90m[1msavepack[22m | 正在保存文件：res://cards/118.json[39m[0m
[   1% ] [90m[1msavepack[22m | 正在保存文件：res://cards/120.json[39m[0m
[   1% ] [90m[1msavepack[22m | 正在保存文件：res://cards/130.json[39m[0m
[   1% ] [90m[1msavepack[22m | 正在保存文件：res://cards/131.json[39m[0m
[   1% ] [90m[1msavepack[22m | 正在保存文件：res://cards/139.json[39m[0m
[   1% ] [90m[1msavepack[22m | 正在保存文件：res://cards/141.json[39m[0m
[   1% ] [90m[1msavepack[22m | 正在保存文件：res://cards/143.json[39m[0m
[   1% ] [90m[1msavepack[22m | 正在保存文件：res://cards/147.json[39m[0m
[   1% ] [90m[1msavepack[22m | 正在保存文件：res://cards/162.json[39m[0m
[   1% ] [90m[1msavepack[22m | 正在保存文件：res://cards/163.json[39m[0m
[   1% ] [90m[1msavepack[22m | 正在保存文件：res://cards/176.json[39m[0m
[   1% ] [90m[1msavepack[22m | 正在保存文件：res://cards/177.json[39m[0m
[   1% ] [90m[1msavepack[22m | 正在保存文件：res://cards/166.json[39m[0m
[   1% ] [90m[1msavepack[22m | 正在保存文件：res://cards/168.json[39m[0m
[   1% ] [90m[1msavepack[22m | 正在保存文件：res://cards/169.json[39m[0m
[   1% ] [90m[1msavepack[22m | 正在保存文件：res://cards/174.json[39m[0m
[   1% ] [90m[1msavepack[22m | 正在保存文件：res://cards/91.json[39m[0m
[   1% ] [90m[1msavepack[22m | 正在保存文件：res://cards/133.json[39m[0m
[   1% ] [90m[1msavepack[22m | 正在保存文件：res://cards/rec_unit_097.json[39m[0m
[   1% ] [90m[1msavepack[22m | 正在保存文件：res://cards/soi_unit_086.json[39m[0m
[   1% ] [90m[1msavepack[22m | 正在保存文件：res://cards/character-soi-018.json[39m[0m
[   1% ] [90m[1msavepack[22m | 正在保存文件：res://cards/character-soi-006.json[39m[0m
[   1% ] [90m[1msavepack[22m | 正在保存文件：res://cards/spell-soi-098.json[39m[0m
[   1% ] [90m[1msavepack[22m | 正在保存文件：res://cards/spell-fdf-054.json[39m[0m
[   1% ] [90m[1msavepack[22m | 正在保存文件：res://cards/spell-rei-015.json[39m[0m
[   1% ] [90m[1msavepack[22m | 正在保存文件：res://cards/spell-mar-007.json[39m[0m
[   1% ] [90m[1msavepack[22m | 正在保存文件：res://cards/field-fdn-016.json[39m[0m
[   1% ] [90m[1msavepack[22m | 正在保存文件：res://cards/spell-fdf-ex05.json[39m[0m
[   1% ] [90m[1msavepack[22m | 正在保存文件：res://cards/spell-rei-006.json[39m[0m
[   1% ] [90m[1msavepack[22m | 正在保存文件：res://cards/spell-mar-005.json[39m[0m
[   1% ] [90m[1msavepack[22m | 正在保存文件：res://cards/character-fdf-ex05.json[39m[0m
[   1% ] [90m[1msavepack[22m | 正在保存文件：res://cards/token-fdf-133.json[39m[0m
[   1% ] [90m[1msavepack[22m | 正在保存文件：res://cards/character-rei-ex01.json[39m[0m
[   1% ] [90m[1msavepack[22m | 正在保存文件：res://cards/character-fdf-ex04.json[39m[0m
[   1% ] [90m[1msavepack[22m | 正在保存文件：res://cards/character-rei-001.json[39m[0m
[   1% ] [90m[1msavepack[22m | 正在保存文件：res://cards/spell-rei-010.json[39m[0m
[   1% ] [90m[1msavepack[22m | 正在保存文件：res://cards/character-mar-020.json[39m[0m
[   1% ] [90m[1msavepack[22m | 正在保存文件：res://cards/token-smm-025.json[39m[0m
[   1% ] [90m[1msavepack[22m | 正在保存文件：res://cards/character-rei-017.json[39m[0m
[   1% ] [90m[1msavepack[22m | 正在保存文件：res://cards/character-rei-007.json[39m[0m
[   1% ] [90m[1msavepack[22m | 正在保存文件：res://cards/field-rei-004.json[39m[0m
[   1% ] [90m[1msavepack[22m | 正在保存文件：res://cards/character-rec-096.json[39m[0m
[   1% ] [90m[1msavepack[22m | 正在保存文件：res://cards/character-fdf-070.json[39m[0m
[   1% ] [90m[1msavepack[22m | 正在保存文件：res://cards/token-fdn-085.json[39m[0m
[   1% ] [90m[1msavepack[22m | 正在保存文件：res://cards/spell-mar-002.json[39m[0m
[   1% ] [90m[1msavepack[22m | 正在保存文件：res://cards/spell-mar-003.json[39m[0m
[   1% ] [90m[1msavepack[22m | 正在保存文件：res://cards/character-fdf-ex01.json[39m[0m
[   1% ] [90m[1msavepack[22m | 正在保存文件：res://cards/field-fdf-108.json[39m[0m
[   1% ] [90m[1msavepack[22m | 正在保存文件：res://cards/spell-fdf-019.json[39m[0m
[   1% ] [90m[1msavepack[22m | 正在保存文件：res://cards/spell-fdf-023.json[39m[0m
[   1% ] [90m[1msavepack[22m | 正在保存文件：res://cards/character-fdf-116.json[39m[0m
[   1% ] [90m[1msavepack[22m | 正在保存文件：res://cards/token-fdf-132.json[39m[0m
[   1% ] [90m[1msavepack[22m | 正在保存文件：res://cards/spell-fdf-011.json[39m[0m
[   1% ] [90m[1msavepack[22m | 正在保存文件：res://cards/character-rei-022.json[39m[0m
[   1% ] [90m[1msavepack[22m | 正在保存文件：res://cards/spell-rei-011.json[39m[0m
[   1% ] [90m[1msavepack[22m | 正在保存文件：res://cards/spell-rei-012.json[39m[0m
[   1% ] [90m[1msavepack[22m | 正在保存文件：res://cards/character-fdf-099.json[39m[0m
[   1% ] [90m[1msavepack[22m | 正在保存文件：res://cards/spell-fdf-007.json[39m[0m
[   1% ] [90m[1msavepack[22m | 正在保存文件：res://cards/character-fdf-ex02.json[39m[0m
[   1% ] [90m[1msavepack[22m | 正在保存文件：res://cards/character-rei-026.json[39m[0m
[   1% ] [90m[1msavepack[22m | 正在保存文件：res://cards/field-rei-005.json[39m[0m
[   1% ] [90m[1msavepack[22m | 正在保存文件：res://cards/spell-rei-002.json[39m[0m
[   1% ] [90m[1msavepack[22m | 正在保存文件：res://cards/character-mar-ex.json[39m[0m
[   1% ] [90m[1msavepack[22m | 正在保存文件：res://cards/token-kmo-027.json[39m[0m
[   1% ] [90m[1msavepack[22m | 正在保存文件：res://cards/field-rei-003.json[39m[0m
[   1% ] [90m[1msavepack[22m | 正在保存文件：res://cards/character-rec-104.json[39m[0m
[   1% ] [90m[1msavepack[22m | 正在保存文件：res://cards/field-smm-004.json[39m[0m
[   1% ] [90m[1msavepack[22m | 正在保存文件：res://cards/spell-mar-004.json[39m[0m
[   1% ] [90m[1msavepack[22m | 正在保存文件：res://cards/field-mar-006.json[39m[0m
[   1% ] [90m[1msavepack[22m | 正在保存文件：res://cards/character-ucs-060.json[39m[0m
[   1% ] [90m[1msavepack[22m | 正在保存文件：res://cards/token-fdf-130.json[39m[0m
[   1% ] [90m[1msavepack[22m | 正在保存文件：res://cards/character-fdf-ex03.json[39m[0m
[   1% ] [90m[1msavepack[22m | 正在保存文件：res://cards/spell-fdf-036.json[39m[0m
[   1% ] [90m[1msavepack[22m | 正在保存文件：res://cards/character-fdf-095.json[39m[0m
[   1% ] [90m[1msavepack[22m | 正在保存文件：res://cards/character-rei-023.json[39m[0m
[   1% ] [90m[1msavepack[22m | 正在保存文件：res://cards/spell-mar-012.json[39m[0m
[   1% ] [90m[1msavepack[22m | 正在保存文件：res://cards/spell-mar-013.json[39m[0m
[   1% ] [90m[1msavepack[22m | 正在保存文件：res://cards/spell-mar-014.json[39m[0m
[   1% ] [90m[1msavepack[22m | 正在保存文件：res://cards/item-mar-017.json[39m[0m
[   1% ] [90m[1msavepack[22m | 正在保存文件：res://cards/character-mar-021.json[39m[0m
[   1% ] [90m[1msavepack[22m | 正在保存文件：res://cards/character-mar-022.json[39m[0m
[   1% ] [90m[1msavepack[22m | 正在保存文件：res://cards/character-mar-023.json[39m[0m
[   1% ] [90m[1msavepack[22m | 正在保存文件：res://cards/character-mar-024.json[39m[0m
[   1% ] [90m[1msavepack[22m | 正在保存文件：res://cards/character-mar-025.json[39m[0m
[   1% ] [90m[1msavepack[22m | 正在保存文件：res://cards/character-mar-ex01.json[39m[0m
[   1% ] [90m[1msavepack[22m | 正在保存文件：res://cards/token-fdf-128.json[39m[0m
[   1% ] [90m[1msavepack[22m | 正在保存文件：res://cards/token-ucs-093.json[39m[0m
[   1% ] [90m[1msavepack[22m | 正在保存文件：res://cards/101.json[39m[0m
[   1% ] [90m[1msavepack[22m | 正在保存文件：res://cards/102.json[39m[0m
[   1% ] [90m[1msavepack[22m | 正在保存文件：res://cards/103.json[39m[0m
[   1% ] [90m[1msavepack[22m | 正在保存文件：res://cards/104.json[39m[0m
[   1% ] [90m[1msavepack[22m | 正在保存文件：res://cards/105.json[39m[0m
[   1% ] [90m[1msavepack[22m | 正在保存文件：res://cards/107.json[39m[0m
[   1% ] [90m[1msavepack[22m | 正在保存文件：res://cards/109.json[39m[0m
[   1% ] [90m[1msavepack[22m | 正在保存文件：res://cards/111.json[39m[0m
[   1% ] [90m[1msavepack[22m | 正在保存文件：res://cards/113.json[39m[0m
[   1% ] [90m[1msavepack[22m | 正在保存文件：res://cards/114.json[39m[0m
[   1% ] [90m[1msavepack[22m | 正在保存文件：res://cards/116.json[39m[0m
[   1% ] [90m[1msavepack[22m | 正在保存文件：res://cards/119.json[39m[0m
[   1% ] [90m[1msavepack[22m | 正在保存文件：res://cards/12.json[39m[0m
[   1% ] [90m[1msavepack[22m | 正在保存文件：res://cards/121.json[39m[0m
[   1% ] [90m[1msavepack[22m | 正在保存文件：res://cards/122.json[39m[0m
[   1% ] [90m[1msavepack[22m | 正在保存文件：res://cards/123.json[39m[0m
[   1% ] [90m[1msavepack[22m | 正在保存文件：res://cards/124.json[39m[0m
[   1% ] [90m[1msavepack[22m | 正在保存文件：res://cards/125.json[39m[0m
[   1% ] [90m[1msavepack[22m | 正在保存文件：res://cards/126.json[39m[0m
[   1% ] [90m[1msavepack[22m | 正在保存文件：res://cards/127.json[39m[0m
[   1% ] [90m[1msavepack[22m | 正在保存文件：res://cards/128.json[39m[0m
[   1% ] [90m[1msavepack[22m | 正在保存文件：res://cards/129.json[39m[0m
[   1% ] [90m[1msavepack[22m | 正在保存文件：res://cards/13.json[39m[0m
[   1% ] [90m[1msavepack[22m | 正在保存文件：res://cards/132.json[39m[0m
[   1% ] [90m[1msavepack[22m | 正在保存文件：res://cards/134.json[39m[0m
[   1% ] [90m[1msavepack[22m | 正在保存文件：res://cards/135.json[39m[0m
[   1% ] [90m[1msavepack[22m | 正在保存文件：res://cards/136.json[39m[0m
[   1% ] [90m[1msavepack[22m | 正在保存文件：res://cards/137.json[39m[0m
[   1% ] [90m[1msavepack[22m | 正在保存文件：res://cards/138.json[39m[0m
[   1% ] [90m[1msavepack[22m | 正在保存文件：res://cards/140.json[39m[0m
[   1% ] [90m[1msavepack[22m | 正在保存文件：res://cards/142.json[39m[0m
[   1% ] [90m[1msavepack[22m | 正在保存文件：res://cards/144.json[39m[0m
[   1% ] [90m[1msavepack[22m | 正在保存文件：res://cards/145.json[39m[0m
[   1% ] [90m[1msavepack[22m | 正在保存文件：res://cards/146.json[39m[0m
[   1% ] [90m[1msavepack[22m | 正在保存文件：res://cards/148.json[39m[0m
[   1% ] [90m[1msavepack[22m | 正在保存文件：res://cards/149.json[39m[0m
[   1% ] [90m[1msavepack[22m | 正在保存文件：res://cards/150.json[39m[0m
[   1% ] [90m[1msavepack[22m | 正在保存文件：res://cards/151.json[39m[0m
[   1% ] [90m[1msavepack[22m | 正在保存文件：res://cards/152.json[39m[0m
[   1% ] [90m[1msavepack[22m | 正在保存文件：res://cards/153.json[39m[0m
[   1% ] [90m[1msavepack[22m | 正在保存文件：res://cards/154.json[39m[0m
[   1% ] [90m[1msavepack[22m | 正在保存文件：res://cards/155.json[39m[0m
[   1% ] [90m[1msavepack[22m | 正在保存文件：res://cards/156.json[39m[0m
[   1% ] [90m[1msavepack[22m | 正在保存文件：res://cards/157.json[39m[0m
[   1% ] [90m[1msavepack[22m | 正在保存文件：res://cards/158.json[39m[0m
[   1% ] [90m[1msavepack[22m | 正在保存文件：res://cards/159.json[39m[0m
[   1% ] [90m[1msavepack[22m | 正在保存文件：res://cards/160.json[39m[0m
[   1% ] [90m[1msavepack[22m | 正在保存文件：res://cards/161.json[39m[0m
[   1% ] [90m[1msavepack[22m | 正在保存文件：res://cards/17.json[39m[0m
[   1% ] [90m[1msavepack[22m | 正在保存文件：res://cards/171.json[39m[0m
[   1% ] [90m[1msavepack[22m | 正在保存文件：res://cards/172.json[39m[0m
[   1% ] [90m[1msavepack[22m | 正在保存文件：res://cards/173.json[39m[0m
[   1% ] [90m[1msavepack[22m | 正在保存文件：res://cards/175.json[39m[0m
[   1% ] [90m[1msavepack[22m | 正在保存文件：res://cards/178.json[39m[0m
[   1% ] [90m[1msavepack[22m | 正在保存文件：res://cards/19.json[39m[0m
[   1% ] [90m[1msavepack[22m | 正在保存文件：res://cards/2.json[39m[0m
[   1% ] [90m[1msavepack[22m | 正在保存文件：res://cards/22.json[39m[0m
[   1% ] [90m[1msavepack[22m | 正在保存文件：res://cards/24.json[39m[0m
[   1% ] [90m[1msavepack[22m | 正在保存文件：res://cards/25.json[39m[0m
[   1% ] [90m[1msavepack[22m | 正在保存文件：res://cards/26.json[39m[0m
[   1% ] [90m[1msavepack[22m | 正在保存文件：res://cards/27.json[39m[0m
[   1% ] [90m[1msavepack[22m | 正在保存文件：res://cards/3.json[39m[0m
[   1% ] [90m[1msavepack[22m | 正在保存文件：res://cards/31.json[39m[0m
[   1% ] [90m[1msavepack[22m | 正在保存文件：res://cards/32.json[39m[0m
[   1% ] [90m[1msavepack[22m | 正在保存文件：res://cards/34.json[39m[0m
[   1% ] [90m[1msavepack[22m | 正在保存文件：res://cards/42.json[39m[0m
[   1% ] [90m[1msavepack[22m | 正在保存文件：res://cards/43.json[39m[0m
[   1% ] [90m[1msavepack[22m | 正在保存文件：res://cards/44.json[39m[0m
[   1% ] [90m[1msavepack[22m | 正在保存文件：res://cards/45.json[39m[0m
[   1% ] [90m[1msavepack[22m | 正在保存文件：res://cards/46.json[39m[0m
[   1% ] [90m[1msavepack[22m | 正在保存文件：res://cards/47.json[39m[0m
[   1% ] [90m[1msavepack[22m | 正在保存文件：res://cards/51.json[39m[0m
[   1% ] [90m[1msavepack[22m | 正在保存文件：res://cards/52.json[39m[0m
[   1% ] [90m[1msavepack[22m | 正在保存文件：res://cards/55.json[39m[0m
[   1% ] [90m[1msavepack[22m | 正在保存文件：res://cards/58.json[39m[0m
[   1% ] [90m[1msavepack[22m | 正在保存文件：res://cards/59.json[39m[0m
[   1% ] [90m[1msavepack[22m | 正在保存文件：res://cards/60.json[39m[0m
[   1% ] [90m[1msavepack[22m | 正在保存文件：res://cards/62.json[39m[0m
[   1% ] [90m[1msavepack[22m | 正在保存文件：res://cards/63.json[39m[0m
[   1% ] [90m[1msavepack[22m | 正在保存文件：res://cards/66.json[39m[0m
[   1% ] [90m[1msavepack[22m | 正在保存文件：res://cards/67.json[39m[0m
[   1% ] [90m[1msavepack[22m | 正在保存文件：res://cards/7.json[39m[0m
[   1% ] [90m[1msavepack[22m | 正在保存文件：res://cards/73.json[39m[0m
[   1% ] [90m[1msavepack[22m | 正在保存文件：res://cards/74.json[39m[0m
[   1% ] [90m[1msavepack[22m | 正在保存文件：res://cards/76.json[39m[0m
[   1% ] [90m[1msavepack[22m | 正在保存文件：res://cards/77.json[39m[0m
[   1% ] [90m[1msavepack[22m | 正在保存文件：res://cards/8.json[39m[0m
[   1% ] [90m[1msavepack[22m | 正在保存文件：res://cards/80.json[39m[0m
[   1% ] [90m[1msavepack[22m | 正在保存文件：res://cards/82.json[39m[0m
[   1% ] [90m[1msavepack[22m | 正在保存文件：res://cards/85.json[39m[0m
[   1% ] [90m[1msavepack[22m | 正在保存文件：res://cards/86.json[39m[0m
[   1% ] [90m[1msavepack[22m | 正在保存文件：res://cards/9.json[39m[0m
[   1% ] [90m[1msavepack[22m | 正在保存文件：res://cards/90.json[39m[0m
[   1% ] [90m[1msavepack[22m | 正在保存文件：res://cards/93.json[39m[0m
[   1% ] [90m[1msavepack[22m | 正在保存文件：res://cards/97.json[39m[0m
[   1% ] [90m[1msavepack[22m | 正在保存文件：res://cards/98.json[39m[0m
[   1% ] [90m[1msavepack[22m | 正在保存文件：res://cards/spell-smm-006.json[39m[0m
[   1% ] [90m[1msavepack[22m | 正在保存文件：res://cards/spell-kmo-005.json[39m[0m
[   1% ] [90m[1msavepack[22m | 正在保存文件：res://cards/spell-kmo-004.json[39m[0m
[   1% ] [90m[1msavepack[22m | 正在保存文件：res://cards/character-smm01.json[39m[0m
[   1% ] [90m[1msavepack[22m | 正在保存文件：res://cards/character-kmo-001.json[39m[0m
[   1% ] [90m[1msavepack[22m | 正在保存文件：res://cards/spell-kmo-002.json[39m[0m
[   1% ] [90m[1msavepack[22m | 正在保存文件：res://cards/character-smm07.json[39m[0m
[   1% ] [90m[1msavepack[22m | 正在保存文件：res://cards/spell-ucs-011.json[39m[0m
[   1% ] [90m[1msavepack[22m | 正在保存文件：res://cards/spell-ucs-008.json[39m[0m
[   1% ] [90m[1msavepack[22m | 正在保存文件：res://cards/item-ucs-012.json[39m[0m
[   1% ] [90m[1msavepack[22m | 正在保存文件：res://cards/spell-ucs-029.json[39m[0m
[   1% ] [90m[1msavepack[22m | 正在保存文件：res://cards/spell-ucs-026.json[39m[0m
[   1% ] [90m[1msavepack[22m | 正在保存文件：res://cards/character-ucs-032.json[39m[0m
[   1% ] [90m[1msavepack[22m | 正在保存文件：res://cards/character-ucs-072.json[39m[0m
[   1% ] [90m[1msavepack[22m | 正在保存文件：res://cards/spell-ucs-019.json[39m[0m
[   1% ] [90m[1msavepack[22m | 正在保存文件：res://cards/character-ucs-071.json[39m[0m
[   1% ] [90m[1msavepack[22m | 正在保存文件：res://cards/character-ucs-038.json[39m[0m
[   1% ] [90m[1msavepack[22m | 正在保存文件：res://cards/character-ucs-069.json[39m[0m
[   1% ] [90m[1msavepack[22m | 正在保存文件：res://cards/character-ucs-048.json[39m[0m
[   1% ] [90m[1msavepack[22m | 正在保存文件：res://cards/character-ucs-042.json[39m[0m
[   1% ] [90m[1msavepack[22m | 正在保存文件：res://cards/spell-ucs-014.json[39m[0m
[   1% ] [90m[1msavepack[22m | 正在保存文件：res://cards/spell-ucs-027.json[39m[0m
[   1% ] [90m[1msavepack[22m | 正在保存文件：res://cards/token-ucs-099.json[39m[0m
[   1% ] [90m[1msavepack[22m | 正在保存文件：res://cards/spell-lof-025.json[39m[0m
[   1% ] [90m[1msavepack[22m | 正在保存文件：res://cards/spell-fdn-066.json[39m[0m
[   1% ] [90m[1msavepack[22m | 正在保存文件：res://cards/spell-htk-018.json[39m[0m
[   1% ] [90m[1msavepack[22m | 正在保存文件：res://cards/spell-fdn-069.json[39m[0m
[   1% ] [90m[1msavepack[22m | 正在保存文件：res://cards/character-lof-003.json[39m[0m
[   1% ] [90m[1msavepack[22m | 正在保存文件：res://cards/character-lof-017.json[39m[0m
[   1% ] [90m[1msavepack[22m | 正在保存文件：res://cards/spell-lof-007.json[39m[0m
[   1% ] [90m[1msavepack[22m | 正在保存文件：res://cards/spell-htk-003.json[39m[0m
[   1% ] [90m[1msavepack[22m | 正在保存文件：res://cards/spell-fdf-083.json[39m[0m
[   1% ] [90m[1msavepack[22m | 正在保存文件：res://cards/character-fdn-068.json[39m[0m
[   1% ] [90m[1msavepack[22m | 正在保存文件：res://cards/character-lof-001.json[39m[0m
[   1% ] [90m[1msavepack[22m | 正在保存文件：res://cards/character-htk-001.json[39m[0m
[   1% ] [90m[1msavepack[22m | 正在保存文件：res://cards/character-fdn-067.json[39m[0m
[   1% ] [90m[1msavepack[22m | 正在保存文件：res://cards/character-htk-002.json[39m[0m
[   1% ] [90m[1msavepack[22m | 正在保存文件：res://cards/character-ucs-007.json[39m[0m
[   1% ] [90m[1msavepack[22m | 正在保存文件：res://cards/token-htk-033.json[39m[0m
[   1% ] [90m[1msavepack[22m | 正在保存文件：res://cards/token-htk-031.json[39m[0m
[   1% ] [90m[1msavepack[22m | 正在保存文件：res://cards/token-htk-032.json[39m[0m
[   1% ] [90m[1msavepack[22m | 正在保存文件：res://cards/spell-fdn-017.json[39m[0m
[   1% ] [90m[1msavepack[22m | 正在保存文件：res://cards/spell-fdf-085.json[39m[0m
[   1% ] [90m[1msavepack[22m | 正在保存文件：res://cards/spell-fdf-064.json[39m[0m
[   1% ] [90m[1msavepack[22m | 正在保存文件：res://cards/spell-fdn-005.json[39m[0m
[   1% ] [90m[1msavepack[22m | 正在保存文件：res://cards/spell-fdf-088.json[39m[0m
[   1% ] [90m[1msavepack[22m | 正在保存文件：res://cards/spell-fdn-009.json[39m[0m
[   1% ] [90m[1msavepack[22m | 正在保存文件：res://cards/spell-ucs-022.json[39m[0m
[   1% ] [90m[1msavepack[22m | 正在保存文件：res://cards/spell-fdf-086.json[39m[0m
[   1% ] [90m[1msavepack[22m | 正在保存文件：res://cards/spell-fdf-042.json[39m[0m
[   1% ] [90m[1msavepack[22m | 正在保存文件：res://cards/spell-fdn-022.json[39m[0m
[   1% ] [90m[1msavepack[22m | 正在保存文件：res://cards/spell-fdn-040.json[39m[0m
[   1% ] [90m[1msavepack[22m | 正在保存文件：res://cards/spell-lof-006.json[39m[0m
[   1% ] [90m[1msavepack[22m | 正在保存文件：res://cards/item-fdn-044.json[39m[0m
[   1% ] [90m[1msavepack[22m | 正在保存文件：res://cards/spell-fdf-044.json[39m[0m
[   1% ] [90m[1msavepack[22m | 正在保存文件：res://cards/spell-fdf-005.json[39m[0m
[   1% ] [90m[1msavepack[22m | 正在保存文件：res://cards/spell-fdf-120.json[39m[0m
[   1% ] [90m[1msavepack[22m | 正在保存文件：res://cards/spell-htk-004.json[39m[0m
[   1% ] [90m[1msavepack[22m | 正在保存文件：res://cards/item-lof-009.json[39m[0m
[   1% ] [90m[1msavepack[22m | 正在保存文件：res://cards/spell-fdf-084.json[39m[0m
[   1% ] [90m[1msavepack[22m | 正在保存文件：res://cards/spell-fdf-072.json[39m[0m
[   1% ] [90m[1msavepack[22m | 正在保存文件：res://cards/spell-fdf-026.json[39m[0m
[   1% ] [90m[1msavepack[22m | 正在保存文件：res://cards/spell-fdn-032.json[39m[0m
[   1% ] [90m[1msavepack[22m | 正在保存文件：res://cards/spell-fdn-010.json[39m[0m
[   1% ] [90m[1msavepack[22m | 正在保存文件：res://cards/item-ucs-005.json[39m[0m
[   1% ] [90m[1msavepack[22m | 正在保存文件：res://cards/spell-ucs-059.json[39m[0m
[   1% ] [90m[1msavepack[22m | 正在保存文件：res://cards/spell-fdf-080.json[39m[0m
[   1% ] [90m[1msavepack[22m | 正在保存文件：res://cards/spell-fdf-039.json[39m[0m
[   1% ] [90m[1msavepack[22m | 正在保存文件：res://cards/spell-fdn-029.json[39m[0m
[   1% ] [90m[1msavepack[22m | 正在保存文件：res://cards/spell-fdf-081.json[39m[0m
[   1% ] [90m[1msavepack[22m | 正在保存文件：res://cards/spell-ucs-009.json[39m[0m
[   1% ] [90m[1msavepack[22m | 正在保存文件：res://cards/item-fdf-097.json[39m[0m
[   1% ] [90m[1msavepack[22m | 正在保存文件：res://cards/spell-fdn-030.json[39m[0m
[   1% ] [90m[1msavepack[22m | 正在保存文件：res://cards/item-ucs-017.json[39m[0m
[   1% ] [90m[1msavepack[22m | 正在保存文件：res://cards/spell-ucs-054.json[39m[0m
[   1% ] [90m[1msavepack[22m | 正在保存文件：res://cards/spell-fdf-060.json[39m[0m
[   1% ] [90m[1msavepack[22m | 正在保存文件：res://cards/spell-fdf-071.json[39m[0m
[   1% ] [90m[1msavepack[22m | 正在保存文件：res://cards/spell-fdf-066.json[39m[0m
[   1% ] [90m[1msavepack[22m | 正在保存文件：res://cards/spell-fdn-020.json[39m[0m
[   1% ] [90m[1msavepack[22m | 正在保存文件：res://cards/spell-ucs-015.json[39m[0m
[   1% ] [90m[1msavepack[22m | 正在保存文件：res://cards/spell-ucs-033.json[39m[0m
[   1% ] [90m[1msavepack[22m | 正在保存文件：res://cards/spell-ucs-037.json[39m[0m
[   1% ] [90m[1msavepack[22m | 正在保存文件：res://cards/character-lof-004.json[39m[0m
[   1% ] [90m[1msavepack[22m | 正在保存文件：res://cards/item-fdf-096.json[39m[0m
[   1% ] [90m[1msavepack[22m | 正在保存文件：res://cards/spell-ucs-004.json[39m[0m
[   1% ] [90m[1msavepack[22m | 正在保存文件：res://cards/spell-fdf-003.json[39m[0m
[   1% ] [90m[1msavepack[22m | 正在保存文件：res://cards/spell-ucs-052.json[39m[0m
[   1% ] [90m[1msavepack[22m | 正在保存文件：res://cards/item-ucs-013.json[39m[0m
[   1% ] [90m[1msavepack[22m | 正在保存文件：res://cards/spell-fdn-001.json[39m[0m
[   1% ] [90m[1msavepack[22m | 正在保存文件：res://cards/item-htk-008.json[39m[0m
[   1% ] [90m[1msavepack[22m | 正在保存文件：res://cards/spell-ucs-018.json[39m[0m
[   1% ] [90m[1msavepack[22m | 正在保存文件：res://cards/character-fdf-119.json[39m[0m
[   1% ] [90m[1msavepack[22m | 正在保存文件：res://cards/token-fdf-131.json[39m[0m
[   1% ] [90m[1msavepack[22m | 正在保存文件：res://cards/spell-fdn-003.json[39m[0m
[   1% ] [90m[1msavepack[22m | 正在保存文件：res://cards/spell-fdf-047.json[39m[0m
[   1% ] [90m[1msavepack[22m | 正在保存文件：res://cards/spell-fdf-049.json[39m[0m
[   1% ] [90m[1msavepack[22m | 正在保存文件：res://cards/character-fdn-036.json[39m[0m
[   1% ] [90m[1msavepack[22m | 正在保存文件：res://cards/character-htk-005.json[39m[0m
[   1% ] [90m[1msavepack[22m | 正在保存文件：res://cards/character-fdn-038.json[39m[0m
[   1% ] [90m[1msavepack[22m | 正在保存文件：res://cards/spell-fdf-122.json[39m[0m
[   1% ] [90m[1msavepack[22m | 正在保存文件：res://cards/spell-ucs-057.json[39m[0m
[   1% ] [90m[1msavepack[22m | 正在保存文件：res://cards/field-fdf-089.json[39m[0m
[   1% ] [90m[1msavepack[22m | 正在保存文件：res://cards/spell-fdf-038.json[39m[0m
[   1% ] [90m[1msavepack[22m | 正在保存文件：res://cards/character-ucs-073.json[39m[0m
[   1% ] [90m[1msavepack[22m | 正在保存文件：res://cards/character-fdf-110.json[39m[0m
[   1% ] [90m[1msavepack[22m | 正在保存文件：res://cards/spell-fdf-018.json[39m[0m
[   1% ] [90m[1msavepack[22m | 正在保存文件：res://cards/spell-fdf-002.json[39m[0m
[   1% ] [90m[1msavepack[22m | 正在保存文件：res://cards/spell-ucs-043.json[39m[0m
[   1% ] [90m[1msavepack[22m | 正在保存文件：res://cards/spell-fdn-033.json[39m[0m
[   1% ] [90m[1msavepack[22m | 正在保存文件：res://cards/spell-fdf-076.json[39m[0m
[   1% ] [90m[1msavepack[22m | 正在保存文件：res://cards/character-fdn-024.json[39m[0m
[   1% ] [90m[1msavepack[22m | 正在保存文件：res://cards/character-ucs-058.json[39m[0m
[   1% ] [90m[1msavepack[22m | 正在保存文件：res://cards/spell-rec-056.json[39m[0m
[   1% ] [90m[1msavepack[22m | 正在保存文件：res://cards/spell-kmo-003.json[39m[0m
[   1% ] [90m[1msavepack[22m | 正在保存文件：res://cards/spell-fdn-008.json[39m[0m
[   1% ] [90m[1msavepack[22m | 正在保存文件：res://cards/spell-fdf-037.json[39m[0m
[   1% ] [90m[1msavepack[22m | 正在保存文件：res://cards/character-ucs-061.json[39m[0m
[   1% ] [90m[1msavepack[22m | 正在保存文件：res://cards/character-fdf-106.json[39m[0m
[   1% ] [90m[1msavepack[22m | 正在保存文件：res://cards/spell-fdn-031.json[39m[0m
[   1% ] [90m[1msavepack[22m | 正在保存文件：res://cards/spell-fdf-017.json[39m[0m
[   1% ] [90m[1msavepack[22m | 正在保存文件：res://cards/spell-fdf-059.json[39m[0m
[   1% ] [90m[1msavepack[22m | 正在保存文件：res://cards/character-ucs-056.json[39m[0m
[   1% ] [90m[1msavepack[22m | 正在保存文件：res://cards/character-fdn-006.json[39m[0m
[   1% ] [90m[1msavepack[22m | 正在保存文件：res://cards/character-fdn-007.json[39m[0m
[   1% ] [90m[1msavepack[22m | 正在保存文件：res://cards/character-ucs-036.json[39m[0m
[   1% ] [90m[1msavepack[22m | 正在保存文件：res://cards/field-fdf-107.json[39m[0m
[   1% ] [90m[1msavepack[22m | 正在保存文件：res://cards/character-fdf-041.json[39m[0m
[   1% ] [90m[1msavepack[22m | 正在保存文件：res://cards/spell-fdn-046.json[39m[0m
[   1% ] [90m[1msavepack[22m | 正在保存文件：res://cards/character-fdn-043.json[39m[0m
[   1% ] [90m[1msavepack[22m | 正在保存文件：res://cards/character-smm05.json[39m[0m
[   1% ] [90m[1msavepack[22m | 正在保存文件：res://cards/character-fdf-092.json[39m[0m
[   1% ] [90m[1msavepack[22m | 正在保存文件：res://cards/spell-fdn-023.json[39m[0m
[   1% ] [90m[1msavepack[22m | 正在保存文件：res://cards/spell-rec-054.json[39m[0m
[   1% ] [90m[1msavepack[22m | 正在保存文件：res://cards/spell-smm-002.json[39m[0m
[   1% ] [90m[1msavepack[22m | 正在保存文件：res://cards/character-ucs-020.json[39m[0m
[   1% ] [90m[1msavepack[22m | 正在保存文件：res://cards/character-ucs-021.json[39m[0m
[   1% ] [90m[1msavepack[22m | 正在保存文件：res://cards/character-fdf-029.json[39m[0m
[   1% ] [90m[1msavepack[22m | 正在保存文件：res://cards/character-fdf-098.json[39m[0m
[   1% ] [90m[1msavepack[22m | 正在保存文件：res://cards/character-fdf-112.json[39m[0m
[   1% ] [90m[1msavepack[22m | 正在保存文件：res://cards/character-fdf-117.json[39m[0m
[   1% ] [90m[1msavepack[22m | 正在保存文件：res://cards/spell-fdf-055.json[39m[0m
[   1% ] [90m[1msavepack[22m | 正在保存文件：res://cards/spell-soi-119.json[39m[0m
[   1% ] [90m[1msavepack[22m | 正在保存文件：res://cards/character-ucs-053.json[39m[0m
[   1% ] [90m[1msavepack[22m | 正在保存文件：res://cards/spell-fdf-052.json[39m[0m
[   1% ] [90m[1msavepack[22m | 正在保存文件：res://cards/character-fdf-090.json[39m[0m
[   1% ] [90m[1msavepack[22m | 正在保存文件：res://cards/spell-fdf-040.json[39m[0m
[   1% ] [90m[1msavepack[22m | 正在保存文件：res://cards/character-fdf-102.json[39m[0m
[   1% ] [90m[1msavepack[22m | 正在保存文件：res://cards/spell-smm-003.json[39m[0m
[   1% ] [90m[1msavepack[22m | 正在保存文件：res://cards/spell-rec-055.json[39m[0m
[   1% ] [90m[1msavepack[22m | 正在保存文件：res://cards/character-fdn-021.json[39m[0m
[   1% ] [90m[1msavepack[22m | 正在保存文件：res://cards/spell-fdf-033.json[39m[0m
[   1% ] [90m[1msavepack[22m | 正在保存文件：res://cards/character-fdn-026.json[39m[0m
[   1% ] [90m[1msavepack[22m | 正在保存文件：res://cards/character-fdn-004.json[39m[0m
[   1% ] [90m[1msavepack[22m | 正在保存文件：res://cards/spell-fdf-073.json[39m[0m
[   1% ] [90m[1msavepack[22m | 正在保存文件：res://cards/spell-fdf-056.json[39m[0m
[   1% ] [90m[1msavepack[22m | 正在保存文件：res://cards/spell-fdf-016.json[39m[0m
[   1% ] [90m[1msavepack[22m | 正在保存文件：res://cards/character-fdf-093.json[39m[0m
[   1% ] [90m[1msavepack[22m | 正在保存文件：res://cards/spell-fdf-030.json[39m[0m
[   1% ] [90m[1msavepack[22m | 正在保存文件：res://cards/spell-fdf-050.json[39m[0m
[   1% ] [90m[1msavepack[22m | 正在保存文件：res://cards/spell-fdf-009.json[39m[0m
[   1% ] [90m[1msavepack[22m | 正在保存文件：res://cards/token-fdn-082.json[39m[0m
[   1% ] [90m[1msavepack[22m | 正在保存文件：res://cards/character-fdf-105.json[39m[0m
[   1% ] [90m[1msavepack[22m | 正在保存文件：res://cards/spell-ucs-041.json[39m[0m
[   1% ] [90m[1msavepack[22m | 正在保存文件：res://cards/spell-ucs-031.json[39m[0m
[   1% ] [90m[1msavepack[22m | 正在保存文件：res://cards/spell-fdf-024.json[39m[0m
[   1% ] [90m[1msavepack[22m | 正在保存文件：res://cards/spell-fdf-079.json[39m[0m
[   1% ] [90m[1msavepack[22m | 正在保存文件：res://cards/character-ucs-023.json[39m[0m
[   1% ] [90m[1msavepack[22m | 正在保存文件：res://cards/character-fdn-027.json[39m[0m
[   1% ] [90m[1msavepack[22m | 正在保存文件：res://cards/spell-fdf-028.json[39m[0m
[   1% ] [90m[1msavepack[22m | 正在保存文件：res://cards/spell-fdf-048.json[39m[0m
[   1% ] [90m[1msavepack[22m | 正在保存文件：res://cards/spell-fdn-019.json[39m[0m
[   1% ] [90m[1msavepack[22m | 正在保存文件：res://cards/spell-fdn-018.json[39m[0m
[   1% ] [90m[1msavepack[22m | 正在保存文件：res://cards/spell-fdf-006.json[39m[0m
[   1% ] [90m[1msavepack[22m | 正在保存文件：res://cards/character-ucs-046.json[39m[0m
[   1% ] [90m[1msavepack[22m | 正在保存文件：res://cards/spell-fdf-077.json[39m[0m
[   1% ] [90m[1msavepack[22m | 正在保存文件：res://cards/character-fdf-100.json[39m[0m
[   1% ] [90m[1msavepack[22m | 正在保存文件：res://cards/character-fdf-065.json[39m[0m
[   1% ] [90m[1msavepack[22m | 正在保存文件：res://cards/character-fdn-035.json[39m[0m
[   1% ] [90m[1msavepack[22m | 正在保存文件：res://cards/character-ucs-010.json[39m[0m
[   1% ] [90m[1msavepack[22m | 正在保存文件：res://cards/character-fdf-094.json[39m[0m
[   1% ] [90m[1msavepack[22m | 正在保存文件：res://cards/spell-fdf-022.json[39m[0m
[   1% ] [90m[1msavepack[22m | 正在保存文件：res://cards/character-ucs-044.json[39m[0m
[   1% ] [90m[1msavepack[22m | 正在保存文件：res://cards/spell-fdf-078.json[39m[0m
[   1% ] [90m[1msavepack[22m | 正在保存文件：res://cards/character-ucs-063.json[39m[0m
[   1% ] [90m[1msavepack[22m | 正在保存文件：res://cards/token-fdf-127.json[39m[0m
[   1% ] [90m[1msavepack[22m | 正在保存文件：res://cards/spell-fdf-027.json[39m[0m
[   1% ] [90m[1msavepack[22m | 正在保存文件：res://cards/character-fdf-113.json[39m[0m
[   1% ] [90m[1msavepack[22m | 正在保存文件：res://cards/spell-fdf-057.json[39m[0m
[   1% ] [90m[1msavepack[22m | 正在保存文件：res://cards/spell-fdf-012.json[39m[0m
[   1% ] [90m[1msavepack[22m | 正在保存文件：res://cards/spell-fdn-028.json[39m[0m
[   1% ] [90m[1msavepack[22m | 正在保存文件：res://cards/character-ucs-066.json[39m[0m
[   1% ] [90m[1msavepack[22m | 正在保存文件：res://cards/field-ucs-064.json[39m[0m
[   1% ] [90m[1msavepack[22m | 正在保存文件：res://cards/spell-ucs-039.json[39m[0m
[   1% ] [90m[1msavepack[22m | 正在保存文件：res://cards/character-fdf-111.json[39m[0m
[   1% ] [90m[1msavepack[22m | 正在保存文件：res://cards/spell-fdf-074.json[39m[0m
[   1% ] [90m[1msavepack[22m | 正在保存文件：res://cards/spell-fdf-015.json[39m[0m
[   1% ] [90m[1msavepack[22m | 正在保存文件：res://cards/spell-fdf-051.json[39m[0m
[   1% ] [90m[1msavepack[22m | 正在保存文件：res://cards/spell-fdf-058.json[39m[0m
[   1% ] [90m[1msavepack[22m | 正在保存文件：res://cards/character-fdf-046.json[39m[0m
[   1% ] [90m[1msavepack[22m | 正在保存文件：res://cards/spell-fdf-067.json[39m[0m
[   1% ] [90m[1msavepack[22m | 正在保存文件：res://cards/spell-fdf-061.json[39m[0m
[   1% ] [90m[1msavepack[22m | 正在保存文件：res://cards/spell-fdf-087.json[39m[0m
[   1% ] [90m[1msavepack[22m | 正在保存文件：res://cards/spell-fdf-063.json[39m[0m
[   1% ] [90m[1msavepack[22m | 正在保存文件：res://cards/character-ucs-068.json[39m[0m
[   1% ] [90m[1msavepack[22m | 正在保存文件：res://cards/character-fdn-071.json[39m[0m
[   1% ] [90m[1msavepack[22m | 正在保存文件：res://cards/character-ucs-034.json[39m[0m
[   1% ] [90m[1msavepack[22m | 正在保存文件：res://cards/spell-fdn-039.json[39m[0m
[   1% ] [90m[1msavepack[22m | 正在保存文件：res://cards/character-kmo-005.json[39m[0m
[   1% ] [90m[1msavepack[22m | 正在保存文件：res://cards/character-ucs-003.json[39m[0m
[   1% ] [90m[1msavepack[22m | 正在保存文件：res://cards/spell-fdf-035.json[39m[0m
[   1% ] [90m[1msavepack[22m | 正在保存文件：res://cards/character-fdn-041.json[39m[0m
[   1% ] [90m[1msavepack[22m | 正在保存文件：res://cards/character-fdn-014.json[39m[0m
[   1% ] [90m[1msavepack[22m | 正在保存文件：res://cards/spell-fdf-082.json[39m[0m
[   1% ] [90m[1msavepack[22m | 正在保存文件：res://cards/spell-fdf-014.json[39m[0m
[   1% ] [90m[1msavepack[22m | 正在保存文件：res://cards/spell-fdn-011.json[39m[0m
[   1% ] [90m[1msavepack[22m | 正在保存文件：res://cards/character-ucs-067.json[39m[0m
[   1% ] [90m[1msavepack[22m | 正在保存文件：res://cards/character-fdn-048.json[39m[0m
[   1% ] [90m[1msavepack[22m | 正在保存文件：res://cards/character-fdf-114.json[39m[0m
[   1% ] [90m[1msavepack[22m | 正在保存文件：res://cards/character-fdf-103.json[39m[0m
[   1% ] [90m[1msavepack[22m | 正在保存文件：res://cards/character-fdn-025.json[39m[0m
[   1% ] [90m[1msavepack[22m | 正在保存文件：res://cards/spell-fdf-032.json[39m[0m
[   1% ] [90m[1msavepack[22m | 正在保存文件：res://cards/character-ucs-016.json[39m[0m
[   1% ] [90m[1msavepack[22m | 正在保存文件：res://cards/character-fdf-115.json[39m[0m
[   1% ] [90m[1msavepack[22m | 正在保存文件：res://cards/character-fdf-109.json[39m[0m
[   1% ] [90m[1msavepack[22m | 正在保存文件：res://cards/spell-fdf-031.json[39m[0m
[   1% ] [90m[1msavepack[22m | 正在保存文件：res://cards/spell-ucs-035.json[39m[0m
[   1% ] [90m[1msavepack[22m | 正在保存文件：res://cards/spell-fdf-043.json[39m[0m
[   1% ] [90m[1msavepack[22m | 正在保存文件：res://cards/character-fdf-104.json[39m[0m
[   1% ] [90m[1msavepack[22m | 正在保存文件：res://cards/spell-fdn-002.json[39m[0m
[   1% ] [90m[1msavepack[22m | 正在保存文件：res://cards/spell-fdf-010.json[39m[0m
[   1% ] [90m[1msavepack[22m | 正在保存文件：res://cards/spell-fdf-021.json[39m[0m
[   1% ] [90m[1msavepack[22m | 正在保存文件：res://cards/character-fdn-037.json[39m[0m
[   1% ] [90m[1msavepack[22m | 正在保存文件：res://cards/token-fdf-129.json[39m[0m
[   1% ] [90m[1msavepack[22m | 正在保存文件：res://cards/spell-fdf-013.json[39m[0m
[   1% ] [90m[1msavepack[22m | 正在保存文件：res://cards/spell-fdf-025.json[39m[0m
[   1% ] [90m[1msavepack[22m | 正在保存文件：res://cards/character-fdn-045.json[39m[0m
[   1% ] [90m[1msavepack[22m | 正在保存文件：res://cards/character-fdf-069.json[39m[0m
[   1% ] [90m[1msavepack[22m | 正在保存文件：res://cards/character-ucs-025.json[39m[0m
[   1% ] [90m[1msavepack[22m | 正在保存文件：res://cards/spell-fdf-121.json[39m[0m
[   1% ] [90m[1msavepack[22m | 正在保存文件：res://cards/field-rei-013.json[39m[0m
[   1% ] [90m[1msavepack[22m | 正在保存文件：res://cards/character-fdn-034.json[39m[0m
[   1% ] [90m[1msavepack[22m | 正在保存文件：res://cards/character-ucs-065.json[39m[0m
[   1% ] [90m[1msavepack[22m | 正在保存文件：res://cards/spell-fdf-001.json[39m[0m
[   1% ] [90m[1msavepack[22m | 正在保存文件：res://cards/spell-fdf-075.json[39m[0m
[   1% ] [90m[1msavepack[22m | 正在保存文件：res://cards/spell-fdf-068.json[39m[0m
[   1% ] [90m[1msavepack[22m | 正在保存文件：res://cards/character-fdn-042.json[39m[0m
[   1% ] [90m[1msavepack[22m | 正在保存文件：res://cards/spell-ucs-050.json[39m[0m
[   1% ] [90m[1msavepack[22m | 正在保存文件：res://cards/spell-fdf-123.json[39m[0m
[   1% ] [90m[1msavepack[22m | 正在保存文件：res://cards/character-fdf-101.json[39m[0m
[   1% ] [90m[1msavepack[22m | 正在保存文件：res://cards/character-lof-002.json[39m[0m
[   1% ] [90m[1msavepack[22m | 正在保存文件：res://cards/spell-fdn-015.json[39m[0m
[   1% ] [90m[1msavepack[22m | 正在保存文件：res://cards/spell-fdf-062.json[39m[0m
[   1% ] [90m[1msavepack[22m | 正在保存文件：res://cards/spell-fdf-045.json[39m[0m
[   1% ] [90m[1msavepack[22m | 正在保存文件：res://cards/spell-fdn-012.json[39m[0m
[   1% ] [90m[1msavepack[22m | 正在保存文件：res://cards/spell-fdf-053.json[39m[0m
[   1% ] [90m[1msavepack[22m | 正在保存文件：res://cards/character-fdn-013.json[39m[0m
[   1% ] [90m[1msavepack[22m | 正在保存文件：res://cards/spell-fdf-008.json[39m[0m
[   1% ] [90m[1msavepack[22m | 正在保存文件：res://cards/character-fdf-091.json[39m[0m
[   1% ] [90m[1msavepack[22m | 正在保存文件：res://net/rules_manifest.json[39m[0m
[   1% ] [90m[1msavepack[22m | 正在保存文件：res://data/bundled_decks.json[39m[0m
[   1% ] [90m[1msavepack[22m | 正在保存文件：res://new_script.gdc[39m[0m
[   1% ] [90m[1msavepack[22m | 正在保存文件：res://.godot/exported/133200997/export-3070c538c03ee49b7677ff960a3f5195-main.scn[39m[0m
[   1% ] [90m[1msavepack[22m | 正在保存文件：res://.godot/imported/card_back.svg-136a66e76c8948b16e8a6793a86f05b3.ctex[39m[0m
[   1% ] [90m[1msavepack[22m | 正在保存文件：res://assets/card_back.svg.import[39m[0m
[   1% ] [90m[1msavepack[22m | 正在保存文件：res://.godot/imported/combat_shield.svg-37ecd7fb56e2a74134e2e7303d54f210.ctex[39m[0m
[   1% ] [90m[1msavepack[22m | 正在保存文件：res://assets/combat_shield.svg.import[39m[0m
[   1% ] [90m[1msavepack[22m | 正在保存文件：res://.godot/imported/combat_sword.svg-f837ae6cc27f80644998669c377f2d57.ctex[39m[0m
[   1% ] [90m[1msavepack[22m | 正在保存文件：res://assets/combat_sword.svg.import[39m[0m
[   1% ] [90m[1msavepack[22m | 正在保存文件：res://.godot/imported/potato.svg-61db7f2814757992a9e2070632bf099f.ctex[39m[0m
[   1% ] [90m[1msavepack[22m | 正在保存文件：res://assets/potato.svg.import[39m[0m
[   1% ] [90m[1msavepack[22m | 正在保存文件：res://.godot/imported/roster_token.svg-30dfcc5544ba63c6cd5ef4069fa862b8.ctex[39m[0m
[   1% ] [90m[1msavepack[22m | 正在保存文件：res://assets/roster_token.svg.import[39m[0m
[   1% ] [90m[1msavepack[22m | 正在保存文件：res://assets/summoning_mist.gdshader[39m[0m
[   1% ] [90m[1msavepack[22m | 正在保存文件：res://.godot/imported/token_halfghost.svg-53602f0a80a9d45f1e07c3796ce42854.ctex[39m[0m
[   1% ] [90m[1msavepack[22m | 正在保存文件：res://assets/token_halfghost.svg.import[39m[0m
[   1% ] [90m[1msavepack[22m | 正在保存文件：res://.godot/imported/token_ufo.svg-65d7f28e9f92daa75139ef8b96688d1d.ctex[39m[0m
[   1% ] [90m[1msavepack[22m | 正在保存文件：res://assets/token_ufo.svg.import[39m[0m
[   1% ] [90m[1msavepack[22m | 正在保存文件：res://cards/1.json[39m[0m
[   1% ] [90m[1msavepack[22m | 正在保存文件：res://cards/2.json[39m[0m
[   1% ] [90m[1msavepack[22m | 正在保存文件：res://cards/3.json[39m[0m
[   1% ] [90m[1msavepack[22m | 正在保存文件：res://cards/5.json[39m[0m
[   2% ] [90m[1msavepack[22m | 正在保存文件：res://cards/6.json[39m[0m
[   2% ] [90m[1msavepack[22m | 正在保存文件：res://cards/7.json[39m[0m
[   2% ] [90m[1msavepack[22m | 正在保存文件：res://cards/8.json[39m[0m
[   2% ] [90m[1msavepack[22m | 正在保存文件：res://cards/9.json[39m[0m
[   2% ] [90m[1msavepack[22m | 正在保存文件：res://cards/11.json[39m[0m
[   2% ] [90m[1msavepack[22m | 正在保存文件：res://cards/12.json[39m[0m
[   2% ] [90m[1msavepack[22m | 正在保存文件：res://cards/13.json[39m[0m
[   2% ] [90m[1msavepack[22m | 正在保存文件：res://cards/14.json[39m[0m
[   2% ] [90m[1msavepack[22m | 正在保存文件：res://cards/15.json[39m[0m
[   2% ] [90m[1msavepack[22m | 正在保存文件：res://cards/17.json[39m[0m
[   2% ] [90m[1msavepack[22m | 正在保存文件：res://cards/18.json[39m[0m
[   2% ] [90m[1msavepack[22m | 正在保存文件：res://cards/19.json[39m[0m
[   2% ] [90m[1msavepack[22m | 正在保存文件：res://cards/21.json[39m[0m
[   3% ] [90m[1msavepack[22m | 正在保存文件：res://cards/22.json[39m[0m
[   3% ] [90m[1msavepack[22m | 正在保存文件：res://cards/23.json[39m[0m
[   3% ] [90m[1msavepack[22m | 正在保存文件：res://cards/24.json[39m[0m
[   3% ] [90m[1msavepack[22m | 正在保存文件：res://cards/25.json[39m[0m
[   3% ] [90m[1msavepack[22m | 正在保存文件：res://cards/26.json[39m[0m
[   3% ] [90m[1msavepack[22m | 正在保存文件：res://cards/27.json[39m[0m
[   3% ] [90m[1msavepack[22m | 正在保存文件：res://cards/28.json[39m[0m
[   3% ] [90m[1msavepack[22m | 正在保存文件：res://cards/29.json[39m[0m
[   3% ] [90m[1msavepack[22m | 正在保存文件：res://cards/30.json[39m[0m
[   3% ] [90m[1msavepack[22m | 正在保存文件：res://cards/31.json[39m[0m
[   3% ] [90m[1msavepack[22m | 正在保存文件：res://cards/32.json[39m[0m
[   3% ] [90m[1msavepack[22m | 正在保存文件：res://cards/33.json[39m[0m
[   3% ] [90m[1msavepack[22m | 正在保存文件：res://cards/34.json[39m[0m
[   3% ] [90m[1msavepack[22m | 正在保存文件：res://cards/35.json[39m[0m
[   4% ] [90m[1msavepack[22m | 正在保存文件：res://cards/38.json[39m[0m
[   4% ] [90m[1msavepack[22m | 正在保存文件：res://cards/39.json[39m[0m
[   4% ] [90m[1msavepack[22m | 正在保存文件：res://cards/41.json[39m[0m
[   4% ] [90m[1msavepack[22m | 正在保存文件：res://cards/42.json[39m[0m
[   4% ] [90m[1msavepack[22m | 正在保存文件：res://cards/43.json[39m[0m
[   4% ] [90m[1msavepack[22m | 正在保存文件：res://cards/44.json[39m[0m
[   4% ] [90m[1msavepack[22m | 正在保存文件：res://cards/45.json[39m[0m
[   4% ] [90m[1msavepack[22m | 正在保存文件：res://cards/46.json[39m[0m
[   4% ] [90m[1msavepack[22m | 正在保存文件：res://cards/47.json[39m[0m
[   4% ] [90m[1msavepack[22m | 正在保存文件：res://cards/48.json[39m[0m
[   4% ] [90m[1msavepack[22m | 正在保存文件：res://cards/49.json[39m[0m
[   4% ] [90m[1msavepack[22m | 正在保存文件：res://cards/50.json[39m[0m
[   4% ] [90m[1msavepack[22m | 正在保存文件：res://cards/51.json[39m[0m
[   5% ] [90m[1msavepack[22m | 正在保存文件：res://cards/52.json[39m[0m
[   5% ] [90m[1msavepack[22m | 正在保存文件：res://cards/53.json[39m[0m
[   5% ] [90m[1msavepack[22m | 正在保存文件：res://cards/54.json[39m[0m
[   5% ] [90m[1msavepack[22m | 正在保存文件：res://cards/55.json[39m[0m
[   5% ] [90m[1msavepack[22m | 正在保存文件：res://cards/56.json[39m[0m
[   5% ] [90m[1msavepack[22m | 正在保存文件：res://cards/57.json[39m[0m
[   5% ] [90m[1msavepack[22m | 正在保存文件：res://cards/58.json[39m[0m
[   5% ] [90m[1msavepack[22m | 正在保存文件：res://cards/59.json[39m[0m
[   5% ] [90m[1msavepack[22m | 正在保存文件：res://cards/60.json[39m[0m
[   5% ] [90m[1msavepack[22m | 正在保存文件：res://cards/61.json[39m[0m
[   5% ] [90m[1msavepack[22m | 正在保存文件：res://cards/62.json[39m[0m
[   5% ] [90m[1msavepack[22m | 正在保存文件：res://cards/63.json[39m[0m
[   5% ] [90m[1msavepack[22m | 正在保存文件：res://cards/64.json[39m[0m
[   6% ] [90m[1msavepack[22m | 正在保存文件：res://cards/66.json[39m[0m
[   6% ] [90m[1msavepack[22m | 正在保存文件：res://cards/67.json[39m[0m
[   6% ] [90m[1msavepack[22m | 正在保存文件：res://cards/68.json[39m[0m
[   6% ] [90m[1msavepack[22m | 正在保存文件：res://cards/70.json[39m[0m
[   6% ] [90m[1msavepack[22m | 正在保存文件：res://cards/71.json[39m[0m
[   6% ] [90m[1msavepack[22m | 正在保存文件：res://cards/73.json[39m[0m
[   6% ] [90m[1msavepack[22m | 正在保存文件：res://cards/74.json[39m[0m
[   6% ] [90m[1msavepack[22m | 正在保存文件：res://cards/75.json[39m[0m
[   6% ] [90m[1msavepack[22m | 正在保存文件：res://cards/76.json[39m[0m
[   6% ] [90m[1msavepack[22m | 正在保存文件：res://cards/77.json[39m[0m
[   6% ] [90m[1msavepack[22m | 正在保存文件：res://cards/78.json[39m[0m
[   6% ] [90m[1msavepack[22m | 正在保存文件：res://cards/79.json[39m[0m
[   6% ] [90m[1msavepack[22m | 正在保存文件：res://cards/80.json[39m[0m
[   6% ] [90m[1msavepack[22m | 正在保存文件：res://cards/82.json[39m[0m
[   7% ] [90m[1msavepack[22m | 正在保存文件：res://cards/85.json[39m[0m
[   7% ] [90m[1msavepack[22m | 正在保存文件：res://cards/86.json[39m[0m
[   7% ] [90m[1msavepack[22m | 正在保存文件：res://cards/87.json[39m[0m
[   7% ] [90m[1msavepack[22m | 正在保存文件：res://cards/90.json[39m[0m
[   7% ] [90m[1msavepack[22m | 正在保存文件：res://cards/91.json[39m[0m
[   7% ] [90m[1msavepack[22m | 正在保存文件：res://cards/93.json[39m[0m
[   7% ] [90m[1msavepack[22m | 正在保存文件：res://cards/94.json[39m[0m
[   7% ] [90m[1msavepack[22m | 正在保存文件：res://cards/96.json[39m[0m
[   7% ] [90m[1msavepack[22m | 正在保存文件：res://cards/97.json[39m[0m
[   7% ] [90m[1msavepack[22m | 正在保存文件：res://cards/98.json[39m[0m
[   7% ] [90m[1msavepack[22m | 正在保存文件：res://cards/99.json[39m[0m
[   7% ] [90m[1msavepack[22m | 正在保存文件：res://cards/100.json[39m[0m
[   7% ] [90m[1msavepack[22m | 正在保存文件：res://cards/101.json[39m[0m
[   8% ] [90m[1msavepack[22m | 正在保存文件：res://cards/102.json[39m[0m
[   8% ] [90m[1msavepack[22m | 正在保存文件：res://cards/103.json[39m[0m
[   8% ] [90m[1msavepack[22m | 正在保存文件：res://cards/104.json[39m[0m
[   8% ] [90m[1msavepack[22m | 正在保存文件：res://cards/105.json[39m[0m
[   8% ] [90m[1msavepack[22m | 正在保存文件：res://cards/106.json[39m[0m
[   8% ] [90m[1msavepack[22m | 正在保存文件：res://cards/107.json[39m[0m
[   8% ] [90m[1msavepack[22m | 正在保存文件：res://cards/109.json[39m[0m
[   8% ] [90m[1msavepack[22m | 正在保存文件：res://cards/110.json[39m[0m
[   8% ] [90m[1msavepack[22m | 正在保存文件：res://cards/111.json[39m[0m
[   8% ] [90m[1msavepack[22m | 正在保存文件：res://cards/112.json[39m[0m
[   8% ] [90m[1msavepack[22m | 正在保存文件：res://cards/113.json[39m[0m
[   8% ] [90m[1msavepack[22m | 正在保存文件：res://cards/114.json[39m[0m
[   8% ] [90m[1msavepack[22m | 正在保存文件：res://cards/116.json[39m[0m
[   8% ] [90m[1msavepack[22m | 正在保存文件：res://cards/118.json[39m[0m
[   9% ] [90m[1msavepack[22m | 正在保存文件：res://cards/119.json[39m[0m
[   9% ] [90m[1msavepack[22m | 正在保存文件：res://cards/120.json[39m[0m
[   9% ] [90m[1msavepack[22m | 正在保存文件：res://cards/121.json[39m[0m
[   9% ] [90m[1msavepack[22m | 正在保存文件：res://cards/122.json[39m[0m
[   9% ] [90m[1msavepack[22m | 正在保存文件：res://cards/123.json[39m[0m
[   9% ] [90m[1msavepack[22m | 正在保存文件：res://cards/124.json[39m[0m
[   9% ] [90m[1msavepack[22m | 正在保存文件：res://cards/125.json[39m[0m
[   9% ] [90m[1msavepack[22m | 正在保存文件：res://cards/126.json[39m[0m
[   9% ] [90m[1msavepack[22m | 正在保存文件：res://cards/127.json[39m[0m
[   9% ] [90m[1msavepack[22m | 正在保存文件：res://cards/128.json[39m[0m
[   9% ] [90m[1msavepack[22m | 正在保存文件：res://cards/129.json[39m[0m
[   9% ] [90m[1msavepack[22m | 正在保存文件：res://cards/130.json[39m[0m
[   9% ] [90m[1msavepack[22m | 正在保存文件：res://cards/131.json[39m[0m
[  10% ] [90m[1msavepack[22m | 正在保存文件：res://cards/132.json[39m[0m
[  10% ] [90m[1msavepack[22m | 正在保存文件：res://cards/133.json[39m[0m
[  10% ] [90m[1msavepack[22m | 正在保存文件：res://cards/134.json[39m[0m
[  10% ] [90m[1msavepack[22m | 正在保存文件：res://cards/135.json[39m[0m
[  10% ] [90m[1msavepack[22m | 正在保存文件：res://cards/136.json[39m[0m
[  10% ] [90m[1msavepack[22m | 正在保存文件：res://cards/137.json[39m[0m
[  10% ] [90m[1msavepack[22m | 正在保存文件：res://cards/138.json[39m[0m
[  10% ] [90m[1msavepack[22m | 正在保存文件：res://cards/139.json[39m[0m
[  10% ] [90m[1msavepack[22m | 正在保存文件：res://cards/140.json[39m[0m
[  10% ] [90m[1msavepack[22m | 正在保存文件：res://cards/141.json[39m[0m
[  10% ] [90m[1msavepack[22m | 正在保存文件：res://cards/142.json[39m[0m
[  10% ] [90m[1msavepack[22m | 正在保存文件：res://cards/143.json[39m[0m
[  10% ] [90m[1msavepack[22m | 正在保存文件：res://cards/144.json[39m[0m
[  11% ] [90m[1msavepack[22m | 正在保存文件：res://cards/145.json[39m[0m
[  11% ] [90m[1msavepack[22m | 正在保存文件：res://cards/146.json[39m[0m
[  11% ] [90m[1msavepack[22m | 正在保存文件：res://cards/147.json[39m[0m
[  11% ] [90m[1msavepack[22m | 正在保存文件：res://cards/148.json[39m[0m
[  11% ] [90m[1msavepack[22m | 正在保存文件：res://cards/149.json[39m[0m
[  11% ] [90m[1msavepack[22m | 正在保存文件：res://cards/150.json[39m[0m
[  11% ] [90m[1msavepack[22m | 正在保存文件：res://cards/151.json[39m[0m
[  11% ] [90m[1msavepack[22m | 正在保存文件：res://cards/152.json[39m[0m
[  11% ] [90m[1msavepack[22m | 正在保存文件：res://cards/153.json[39m[0m
[  11% ] [90m[1msavepack[22m | 正在保存文件：res://cards/154.json[39m[0m
[  11% ] [90m[1msavepack[22m | 正在保存文件：res://cards/155.json[39m[0m
[  11% ] [90m[1msavepack[22m | 正在保存文件：res://cards/156.json[39m[0m
[  11% ] [90m[1msavepack[22m | 正在保存文件：res://cards/157.json[39m[0m
[  11% ] [90m[1msavepack[22m | 正在保存文件：res://cards/158.json[39m[0m
[  12% ] [90m[1msavepack[22m | 正在保存文件：res://cards/159.json[39m[0m
[  12% ] [90m[1msavepack[22m | 正在保存文件：res://cards/160.json[39m[0m
[  12% ] [90m[1msavepack[22m | 正在保存文件：res://cards/161.json[39m[0m
[  12% ] [90m[1msavepack[22m | 正在保存文件：res://cards/162.json[39m[0m
[  12% ] [90m[1msavepack[22m | 正在保存文件：res://cards/163.json[39m[0m
[  12% ] [90m[1msavepack[22m | 正在保存文件：res://cards/164.json[39m[0m
[  12% ] [90m[1msavepack[22m | 正在保存文件：res://cards/165.json[39m[0m
[  12% ] [90m[1msavepack[22m | 正在保存文件：res://cards/166.json[39m[0m
[  12% ] [90m[1msavepack[22m | 正在保存文件：res://cards/167.json[39m[0m
[  12% ] [90m[1msavepack[22m | 正在保存文件：res://cards/168.json[39m[0m
[  12% ] [90m[1msavepack[22m | 正在保存文件：res://cards/169.json[39m[0m
[  12% ] [90m[1msavepack[22m | 正在保存文件：res://cards/170.json[39m[0m
[  12% ] [90m[1msavepack[22m | 正在保存文件：res://cards/171.json[39m[0m
[  13% ] [90m[1msavepack[22m | 正在保存文件：res://cards/172.json[39m[0m
[  13% ] [90m[1msavepack[22m | 正在保存文件：res://cards/173.json[39m[0m
[  13% ] [90m[1msavepack[22m | 正在保存文件：res://cards/174.json[39m[0m
[  13% ] [90m[1msavepack[22m | 正在保存文件：res://cards/175.json[39m[0m
[  13% ] [90m[1msavepack[22m | 正在保存文件：res://cards/176.json[39m[0m
[  13% ] [90m[1msavepack[22m | 正在保存文件：res://cards/177.json[39m[0m
[  13% ] [90m[1msavepack[22m | 正在保存文件：res://cards/178.json[39m[0m
[  13% ] [90m[1msavepack[22m | 正在保存文件：res://cards/character-fdf-029.json[39m[0m
[  13% ] [90m[1msavepack[22m | 正在保存文件：res://cards/character-fdf-041.json[39m[0m
[  13% ] [90m[1msavepack[22m | 正在保存文件：res://cards/character-fdf-046.json[39m[0m
[  13% ] [90m[1msavepack[22m | 正在保存文件：res://cards/character-fdf-065.json[39m[0m
[  13% ] [90m[1msavepack[22m | 正在保存文件：res://cards/character-fdf-069.json[39m[0m
[  13% ] [90m[1msavepack[22m | 正在保存文件：res://cards/character-fdf-070.json[39m[0m
[  14% ] [90m[1msavepack[22m | 正在保存文件：res://cards/character-fdf-090.json[39m[0m
[  14% ] [90m[1msavepack[22m | 正在保存文件：res://cards/character-fdf-091.json[39m[0m
[  14% ] [90m[1msavepack[22m | 正在保存文件：res://cards/character-fdf-092.json[39m[0m
[  14% ] [90m[1msavepack[22m | 正在保存文件：res://cards/character-fdf-093.json[39m[0m
[  14% ] [90m[1msavepack[22m | 正在保存文件：res://cards/character-fdf-094.json[39m[0m
[  14% ] [90m[1msavepack[22m | 正在保存文件：res://cards/character-fdf-095.json[39m[0m
[  14% ] [90m[1msavepack[22m | 正在保存文件：res://cards/character-fdf-098.json[39m[0m
[  14% ] [90m[1msavepack[22m | 正在保存文件：res://cards/character-fdf-099.json[39m[0m
[  14% ] [90m[1msavepack[22m | 正在保存文件：res://cards/character-fdf-100.json[39m[0m
[  14% ] [90m[1msavepack[22m | 正在保存文件：res://cards/character-fdf-101.json[39m[0m
[  14% ] [90m[1msavepack[22m | 正在保存文件：res://cards/character-fdf-102.json[39m[0m
[  14% ] [90m[1msavepack[22m | 正在保存文件：res://cards/character-fdf-103.json[39m[0m
[  14% ] [90m[1msavepack[22m | 正在保存文件：res://cards/character-fdf-104.json[39m[0m
[  14% ] [90m[1msavepack[22m | 正在保存文件：res://cards/character-fdf-105.json[39m[0m
[  15% ] [90m[1msavepack[22m | 正在保存文件：res://cards/character-fdf-106.json[39m[0m
[  15% ] [90m[1msavepack[22m | 正在保存文件：res://cards/character-fdf-109.json[39m[0m
[  15% ] [90m[1msavepack[22m | 正在保存文件：res://cards/character-fdf-110.json[39m[0m
[  15% ] [90m[1msavepack[22m | 正在保存文件：res://cards/character-fdf-111.json[39m[0m
[  15% ] [90m[1msavepack[22m | 正在保存文件：res://cards/character-fdf-112.json[39m[0m
[  15% ] [90m[1msavepack[22m | 正在保存文件：res://cards/character-fdf-113.json[39m[0m
[  15% ] [90m[1msavepack[22m | 正在保存文件：res://cards/character-fdf-114.json[39m[0m
[  15% ] [90m[1msavepack[22m | 正在保存文件：res://cards/character-fdf-115.json[39m[0m
[  15% ] [90m[1msavepack[22m | 正在保存文件：res://cards/character-fdf-116.json[39m[0m
[  15% ] [90m[1msavepack[22m | 正在保存文件：res://cards/character-fdf-117.json[39m[0m
[  15% ] [90m[1msavepack[22m | 正在保存文件：res://cards/character-fdf-119.json[39m[0m
[  15% ] [90m[1msavepack[22m | 正在保存文件：res://cards/character-fdf-ex01.json[39m[0m
[  15% ] [90m[1msavepack[22m | 正在保存文件：res://cards/character-fdf-ex02.json[39m[0m
[  16% ] [90m[1msavepack[22m | 正在保存文件：res://cards/character-fdf-ex03.json[39m[0m
[  16% ] [90m[1msavepack[22m | 正在保存文件：res://cards/character-fdf-ex04.json[39m[0m
[  16% ] [90m[1msavepack[22m | 正在保存文件：res://cards/character-fdf-ex05.json[39m[0m
[  16% ] [90m[1msavepack[22m | 正在保存文件：res://cards/character-fdn-004.json[39m[0m
[  16% ] [90m[1msavepack[22m | 正在保存文件：res://cards/character-fdn-006.json[39m[0m
[  16% ] [90m[1msavepack[22m | 正在保存文件：res://cards/character-fdn-007.json[39m[0m
[  16% ] [90m[1msavepack[22m | 正在保存文件：res://cards/character-fdn-013.json[39m[0m
[  16% ] [90m[1msavepack[22m | 正在保存文件：res://cards/character-fdn-014.json[39m[0m
[  16% ] [90m[1msavepack[22m | 正在保存文件：res://cards/character-fdn-021.json[39m[0m
[  16% ] [90m[1msavepack[22m | 正在保存文件：res://cards/character-fdn-024.json[39m[0m
[  16% ] [90m[1msavepack[22m | 正在保存文件：res://cards/character-fdn-025.json[39m[0m
[  16% ] [90m[1msavepack[22m | 正在保存文件：res://cards/character-fdn-026.json[39m[0m
[  16% ] [90m[1msavepack[22m | 正在保存文件：res://cards/character-fdn-027.json[39m[0m
[  16% ] [90m[1msavepack[22m | 正在保存文件：res://cards/character-fdn-034.json[39m[0m
[  17% ] [90m[1msavepack[22m | 正在保存文件：res://cards/character-fdn-035.json[39m[0m
[  17% ] [90m[1msavepack[22m | 正在保存文件：res://cards/character-fdn-036.json[39m[0m
[  17% ] [90m[1msavepack[22m | 正在保存文件：res://cards/character-fdn-037.json[39m[0m
[  17% ] [90m[1msavepack[22m | 正在保存文件：res://cards/character-fdn-038.json[39m[0m
[  17% ] [90m[1msavepack[22m | 正在保存文件：res://cards/character-fdn-041.json[39m[0m
[  17% ] [90m[1msavepack[22m | 正在保存文件：res://cards/character-fdn-042.json[39m[0m
[  17% ] [90m[1msavepack[22m | 正在保存文件：res://cards/character-fdn-043.json[39m[0m
[  17% ] [90m[1msavepack[22m | 正在保存文件：res://cards/character-fdn-045.json[39m[0m
[  17% ] [90m[1msavepack[22m | 正在保存文件：res://cards/character-fdn-048.json[39m[0m
[  17% ] [90m[1msavepack[22m | 正在保存文件：res://cards/character-fdn-067.json[39m[0m
[  17% ] [90m[1msavepack[22m | 正在保存文件：res://cards/character-fdn-068.json[39m[0m
[  17% ] [90m[1msavepack[22m | 正在保存文件：res://cards/character-fdn-071.json[39m[0m
[  17% ] [90m[1msavepack[22m | 正在保存文件：res://cards/character-htk-001.json[39m[0m
[  18% ] [90m[1msavepack[22m | 正在保存文件：res://cards/character-htk-002.json[39m[0m
[  18% ] [90m[1msavepack[22m | 正在保存文件：res://cards/character-htk-005.json[39m[0m
[  18% ] [90m[1msavepack[22m | 正在保存文件：res://cards/character-kmo-001.json[39m[0m
[  18% ] [90m[1msavepack[22m | 正在保存文件：res://cards/character-kmo-005.json[39m[0m
[  18% ] [90m[1msavepack[22m | 正在保存文件：res://cards/character-lof-001.json[39m[0m
[  18% ] [90m[1msavepack[22m | 正在保存文件：res://cards/character-lof-002.json[39m[0m
[  18% ] [90m[1msavepack[22m | 正在保存文件：res://cards/character-lof-003.json[39m[0m
[  18% ] [90m[1msavepack[22m | 正在保存文件：res://cards/character-lof-004.json[39m[0m
[  18% ] [90m[1msavepack[22m | 正在保存文件：res://cards/character-lof-017.json[39m[0m
[  18% ] [90m[1msavepack[22m | 正在保存文件：res://cards/character-mar-020.json[39m[0m
[  18% ] [90m[1msavepack[22m | 正在保存文件：res://cards/character-mar-021.json[39m[0m
[  18% ] [90m[1msavepack[22m | 正在保存文件：res://cards/character-mar-022.json[39m[0m
[  18% ] [90m[1msavepack[22m | 正在保存文件：res://cards/character-mar-023.json[39m[0m
[  19% ] [90m[1msavepack[22m | 正在保存文件：res://cards/character-mar-024.json[39m[0m
[  19% ] [90m[1msavepack[22m | 正在保存文件：res://cards/character-mar-025.json[39m[0m
[  19% ] [90m[1msavepack[22m | 正在保存文件：res://cards/character-mar-ex01.json[39m[0m
[  19% ] [90m[1msavepack[22m | 正在保存文件：res://cards/character-mar-ex.json[39m[0m
[  19% ] [90m[1msavepack[22m | 正在保存文件：res://cards/character-rec-096.json[39m[0m
[  19% ] [90m[1msavepack[22m | 正在保存文件：res://cards/character-rec-104.json[39m[0m
[  19% ] [90m[1msavepack[22m | 正在保存文件：res://cards/character-rei-001.json[39m[0m
[  19% ] [90m[1msavepack[22m | 正在保存文件：res://cards/character-rei-007.json[39m[0m
[  19% ] [90m[1msavepack[22m | 正在保存文件：res://cards/character-rei-017.json[39m[0m
[  19% ] [90m[1msavepack[22m | 正在保存文件：res://cards/character-rei-022.json[39m[0m
[  19% ] [90m[1msavepack[22m | 正在保存文件：res://cards/character-rei-023.json[39m[0m
[  19% ] [90m[1msavepack[22m | 正在保存文件：res://cards/character-rei-026.json[39m[0m
[  19% ] [90m[1msavepack[22m | 正在保存文件：res://cards/character-rei-ex01.json[39m[0m
[  19% ] [90m[1msavepack[22m | 正在保存文件：res://cards/character-smm01.json[39m[0m
[  20% ] [90m[1msavepack[22m | 正在保存文件：res://cards/character-smm05.json[39m[0m
[  20% ] [90m[1msavepack[22m | 正在保存文件：res://cards/character-smm07.json[39m[0m
[  20% ] [90m[1msavepack[22m | 正在保存文件：res://cards/character-soi-006.json[39m[0m
[  20% ] [90m[1msavepack[22m | 正在保存文件：res://cards/character-soi-018.json[39m[0m
[  20% ] [90m[1msavepack[22m | 正在保存文件：res://cards/character-ucs-003.json[39m[0m
[  20% ] [90m[1msavepack[22m | 正在保存文件：res://cards/character-ucs-007.json[39m[0m
[  20% ] [90m[1msavepack[22m | 正在保存文件：res://cards/character-ucs-010.json[39m[0m
[  20% ] [90m[1msavepack[22m | 正在保存文件：res://cards/character-ucs-016.json[39m[0m
[  20% ] [90m[1msavepack[22m | 正在保存文件：res://cards/character-ucs-020.json[39m[0m
[  20% ] [90m[1msavepack[22m | 正在保存文件：res://cards/character-ucs-021.json[39m[0m
[  20% ] [90m[1msavepack[22m | 正在保存文件：res://cards/character-ucs-023.json[39m[0m
[  20% ] [90m[1msavepack[22m | 正在保存文件：res://cards/character-ucs-025.json[39m[0m
[  20% ] [90m[1msavepack[22m | 正在保存文件：res://cards/character-ucs-032.json[39m[0m
[  21% ] [90m[1msavepack[22m | 正在保存文件：res://cards/character-ucs-034.json[39m[0m
[  21% ] [90m[1msavepack[22m | 正在保存文件：res://cards/character-ucs-036.json[39m[0m
[  21% ] [90m[1msavepack[22m | 正在保存文件：res://cards/character-ucs-038.json[39m[0m
[  21% ] [90m[1msavepack[22m | 正在保存文件：res://cards/character-ucs-042.json[39m[0m
[  21% ] [90m[1msavepack[22m | 正在保存文件：res://cards/character-ucs-044.json[39m[0m
[  21% ] [90m[1msavepack[22m | 正在保存文件：res://cards/character-ucs-046.json[39m[0m
[  21% ] [90m[1msavepack[22m | 正在保存文件：res://cards/character-ucs-048.json[39m[0m
[  21% ] [90m[1msavepack[22m | 正在保存文件：res://cards/character-ucs-053.json[39m[0m
[  21% ] [90m[1msavepack[22m | 正在保存文件：res://cards/character-ucs-056.json[39m[0m
[  21% ] [90m[1msavepack[22m | 正在保存文件：res://cards/character-ucs-058.json[39m[0m
[  21% ] [90m[1msavepack[22m | 正在保存文件：res://cards/character-ucs-060.json[39m[0m
[  21% ] [90m[1msavepack[22m | 正在保存文件：res://cards/character-ucs-061.json[39m[0m
[  21% ] [90m[1msavepack[22m | 正在保存文件：res://cards/character-ucs-063.json[39m[0m
[  22% ] [90m[1msavepack[22m | 正在保存文件：res://cards/character-ucs-065.json[39m[0m
[  22% ] [90m[1msavepack[22m | 正在保存文件：res://cards/character-ucs-066.json[39m[0m
[  22% ] [90m[1msavepack[22m | 正在保存文件：res://cards/character-ucs-067.json[39m[0m
[  22% ] [90m[1msavepack[22m | 正在保存文件：res://cards/character-ucs-068.json[39m[0m
[  22% ] [90m[1msavepack[22m | 正在保存文件：res://cards/character-ucs-069.json[39m[0m
[  22% ] [90m[1msavepack[22m | 正在保存文件：res://cards/character-ucs-071.json[39m[0m
[  22% ] [90m[1msavepack[22m | 正在保存文件：res://cards/character-ucs-072.json[39m[0m
[  22% ] [90m[1msavepack[22m | 正在保存文件：res://cards/character-ucs-073.json[39m[0m
[  22% ] [90m[1msavepack[22m | 正在保存文件：res://cards/field-fdf-089.json[39m[0m
[  22% ] [90m[1msavepack[22m | 正在保存文件：res://cards/field-fdf-107.json[39m[0m
[  22% ] [90m[1msavepack[22m | 正在保存文件：res://cards/field-fdf-108.json[39m[0m
[  22% ] [90m[1msavepack[22m | 正在保存文件：res://cards/field-fdn-016.json[39m[0m
[  22% ] [90m[1msavepack[22m | 正在保存文件：res://cards/field-mar-006.json[39m[0m
[  22% ] [90m[1msavepack[22m | 正在保存文件：res://cards/field-rei-003.json[39m[0m
[  23% ] [90m[1msavepack[22m | 正在保存文件：res://cards/field-rei-004.json[39m[0m
[  23% ] [90m[1msavepack[22m | 正在保存文件：res://cards/field-rei-005.json[39m[0m
[  23% ] [90m[1msavepack[22m | 正在保存文件：res://cards/field-rei-013.json[39m[0m
[  23% ] [90m[1msavepack[22m | 正在保存文件：res://cards/field-smm-004.json[39m[0m
[  23% ] [90m[1msavepack[22m | 正在保存文件：res://cards/field-ucs-064.json[39m[0m
[  23% ] [90m[1msavepack[22m | 正在保存文件：res://cards/item-fdf-096.json[39m[0m
[  23% ] [90m[1msavepack[22m | 正在保存文件：res://cards/item-fdf-097.json[39m[0m
[  23% ] [90m[1msavepack[22m | 正在保存文件：res://cards/item-fdn-044.json[39m[0m
[  23% ] [90m[1msavepack[22m | 正在保存文件：res://cards/item-htk-008.json[39m[0m
[  23% ] [90m[1msavepack[22m | 正在保存文件：res://cards/item-lof-009.json[39m[0m
[  23% ] [90m[1msavepack[22m | 正在保存文件：res://cards/item-mar-017.json[39m[0m
[  23% ] [90m[1msavepack[22m | 正在保存文件：res://cards/item-ucs-005.json[39m[0m
[  23% ] [90m[1msavepack[22m | 正在保存文件：res://cards/item-ucs-012.json[39m[0m
[  24% ] [90m[1msavepack[22m | 正在保存文件：res://cards/item-ucs-013.json[39m[0m
[  24% ] [90m[1msavepack[22m | 正在保存文件：res://cards/item-ucs-017.json[39m[0m
[  24% ] [90m[1msavepack[22m | 正在保存文件：res://cards/rec_unit_097.json[39m[0m
[  24% ] [90m[1msavepack[22m | 正在保存文件：res://cards/soi_unit_004.json[39m[0m
[  24% ] [90m[1msavepack[22m | 正在保存文件：res://cards/soi_unit_086.json[39m[0m
[  24% ] [90m[1msavepack[22m | 正在保存文件：res://cards/spell-fdf-001.json[39m[0m
[  24% ] [90m[1msavepack[22m | 正在保存文件：res://cards/spell-fdf-002.json[39m[0m
[  24% ] [90m[1msavepack[22m | 正在保存文件：res://cards/spell-fdf-003.json[39m[0m
[  24% ] [90m[1msavepack[22m | 正在保存文件：res://cards/spell-fdf-005.json[39m[0m
[  24% ] [90m[1msavepack[22m | 正在保存文件：res://cards/spell-fdf-006.json[39m[0m
[  24% ] [90m[1msavepack[22m | 正在保存文件：res://cards/spell-fdf-007.json[39m[0m
[  24% ] [90m[1msavepack[22m | 正在保存文件：res://cards/spell-fdf-008.json[39m[0m
[  24% ] [90m[1msavepack[22m | 正在保存文件：res://cards/spell-fdf-009.json[39m[0m
[  24% ] [90m[1msavepack[22m | 正在保存文件：res://cards/spell-fdf-010.json[39m[0m
[  25% ] [90m[1msavepack[22m | 正在保存文件：res://cards/spell-fdf-011.json[39m[0m
[  25% ] [90m[1msavepack[22m | 正在保存文件：res://cards/spell-fdf-012.json[39m[0m
[  25% ] [90m[1msavepack[22m | 正在保存文件：res://cards/spell-fdf-013.json[39m[0m
[  25% ] [90m[1msavepack[22m | 正在保存文件：res://cards/spell-fdf-014.json[39m[0m
[  25% ] [90m[1msavepack[22m | 正在保存文件：res://cards/spell-fdf-015.json[39m[0m
[  25% ] [90m[1msavepack[22m | 正在保存文件：res://cards/spell-fdf-016.json[39m[0m
[  25% ] [90m[1msavepack[22m | 正在保存文件：res://cards/spell-fdf-017.json[39m[0m
[  25% ] [90m[1msavepack[22m | 正在保存文件：res://cards/spell-fdf-018.json[39m[0m
[  25% ] [90m[1msavepack[22m | 正在保存文件：res://cards/spell-fdf-019.json[39m[0m
[  25% ] [90m[1msavepack[22m | 正在保存文件：res://cards/spell-fdf-021.json[39m[0m
[  25% ] [90m[1msavepack[22m | 正在保存文件：res://cards/spell-fdf-022.json[39m[0m
[  25% ] [90m[1msavepack[22m | 正在保存文件：res://cards/spell-fdf-023.json[39m[0m
[  25% ] [90m[1msavepack[22m | 正在保存文件：res://cards/spell-fdf-024.json[39m[0m
[  26% ] [90m[1msavepack[22m | 正在保存文件：res://cards/spell-fdf-025.json[39m[0m
[  26% ] [90m[1msavepack[22m | 正在保存文件：res://cards/spell-fdf-026.json[39m[0m
[  26% ] [90m[1msavepack[22m | 正在保存文件：res://cards/spell-fdf-027.json[39m[0m
[  26% ] [90m[1msavepack[22m | 正在保存文件：res://cards/spell-fdf-028.json[39m[0m
[  26% ] [90m[1msavepack[22m | 正在保存文件：res://cards/spell-fdf-030.json[39m[0m
[  26% ] [90m[1msavepack[22m | 正在保存文件：res://cards/spell-fdf-031.json[39m[0m
[  26% ] [90m[1msavepack[22m | 正在保存文件：res://cards/spell-fdf-032.json[39m[0m
[  26% ] [90m[1msavepack[22m | 正在保存文件：res://cards/spell-fdf-033.json[39m[0m
[  26% ] [90m[1msavepack[22m | 正在保存文件：res://cards/spell-fdf-035.json[39m[0m
[  26% ] [90m[1msavepack[22m | 正在保存文件：res://cards/spell-fdf-036.json[39m[0m
[  26% ] [90m[1msavepack[22m | 正在保存文件：res://cards/spell-fdf-037.json[39m[0m
[  26% ] [90m[1msavepack[22m | 正在保存文件：res://cards/spell-fdf-038.json[39m[0m
[  26% ] [90m[1msavepack[22m | 正在保存文件：res://cards/spell-fdf-039.json[39m[0m
[  27% ] [90m[1msavepack[22m | 正在保存文件：res://cards/spell-fdf-040.json[39m[0m
[  27% ] [90m[1msavepack[22m | 正在保存文件：res://cards/spell-fdf-042.json[39m[0m
[  27% ] [90m[1msavepack[22m | 正在保存文件：res://cards/spell-fdf-043.json[39m[0m
[  27% ] [90m[1msavepack[22m | 正在保存文件：res://cards/spell-fdf-044.json[39m[0m
[  27% ] [90m[1msavepack[22m | 正在保存文件：res://cards/spell-fdf-045.json[39m[0m
[  27% ] [90m[1msavepack[22m | 正在保存文件：res://cards/spell-fdf-047.json[39m[0m
[  27% ] [90m[1msavepack[22m | 正在保存文件：res://cards/spell-fdf-048.json[39m[0m
[  27% ] [90m[1msavepack[22m | 正在保存文件：res://cards/spell-fdf-049.json[39m[0m
[  27% ] [90m[1msavepack[22m | 正在保存文件：res://cards/spell-fdf-050.json[39m[0m
[  27% ] [90m[1msavepack[22m | 正在保存文件：res://cards/spell-fdf-051.json[39m[0m
[  27% ] [90m[1msavepack[22m | 正在保存文件：res://cards/spell-fdf-052.json[39m[0m
[  27% ] [90m[1msavepack[22m | 正在保存文件：res://cards/spell-fdf-053.json[39m[0m
[  27% ] [90m[1msavepack[22m | 正在保存文件：res://cards/spell-fdf-054.json[39m[0m
[  27% ] [90m[1msavepack[22m | 正在保存文件：res://cards/spell-fdf-055.json[39m[0m
[  28% ] [90m[1msavepack[22m | 正在保存文件：res://cards/spell-fdf-056.json[39m[0m
[  28% ] [90m[1msavepack[22m | 正在保存文件：res://cards/spell-fdf-057.json[39m[0m
[  28% ] [90m[1msavepack[22m | 正在保存文件：res://cards/spell-fdf-058.json[39m[0m
[  28% ] [90m[1msavepack[22m | 正在保存文件：res://cards/spell-fdf-059.json[39m[0m
[  28% ] [90m[1msavepack[22m | 正在保存文件：res://cards/spell-fdf-060.json[39m[0m
[  28% ] [90m[1msavepack[22m | 正在保存文件：res://cards/spell-fdf-061.json[39m[0m
[  28% ] [90m[1msavepack[22m | 正在保存文件：res://cards/spell-fdf-062.json[39m[0m
[  28% ] [90m[1msavepack[22m | 正在保存文件：res://cards/spell-fdf-063.json[39m[0m
[  28% ] [90m[1msavepack[22m | 正在保存文件：res://cards/spell-fdf-064.json[39m[0m
[  28% ] [90m[1msavepack[22m | 正在保存文件：res://cards/spell-fdf-066.json[39m[0m
[  28% ] [90m[1msavepack[22m | 正在保存文件：res://cards/spell-fdf-067.json[39m[0m
[  28% ] [90m[1msavepack[22m | 正在保存文件：res://cards/spell-fdf-068.json[39m[0m
[  28% ] [90m[1msavepack[22m | 正在保存文件：res://cards/spell-fdf-071.json[39m[0m
[  29% ] [90m[1msavepack[22m | 正在保存文件：res://cards/spell-fdf-072.json[39m[0m
[  29% ] [90m[1msavepack[22m | 正在保存文件：res://cards/spell-fdf-073.json[39m[0m
[  29% ] [90m[1msavepack[22m | 正在保存文件：res://cards/spell-fdf-074.json[39m[0m
[  29% ] [90m[1msavepack[22m | 正在保存文件：res://cards/spell-fdf-075.json[39m[0m
[  29% ] [90m[1msavepack[22m | 正在保存文件：res://cards/spell-fdf-076.json[39m[0m
[  29% ] [90m[1msavepack[22m | 正在保存文件：res://cards/spell-fdf-077.json[39m[0m
[  29% ] [90m[1msavepack[22m | 正在保存文件：res://cards/spell-fdf-078.json[39m[0m
[  29% ] [90m[1msavepack[22m | 正在保存文件：res://cards/spell-fdf-079.json[39m[0m
[  29% ] [90m[1msavepack[22m | 正在保存文件：res://cards/spell-fdf-080.json[39m[0m
[  29% ] [90m[1msavepack[22m | 正在保存文件：res://cards/spell-fdf-081.json[39m[0m
[  29% ] [90m[1msavepack[22m | 正在保存文件：res://cards/spell-fdf-082.json[39m[0m
[  29% ] [90m[1msavepack[22m | 正在保存文件：res://cards/spell-fdf-083.json[39m[0m
[  29% ] [90m[1msavepack[22m | 正在保存文件：res://cards/spell-fdf-084.json[39m[0m
[  29% ] [90m[1msavepack[22m | 正在保存文件：res://cards/spell-fdf-085.json[39m[0m
[  30% ] [90m[1msavepack[22m | 正在保存文件：res://cards/spell-fdf-086.json[39m[0m
[  30% ] [90m[1msavepack[22m | 正在保存文件：res://cards/spell-fdf-087.json[39m[0m
[  30% ] [90m[1msavepack[22m | 正在保存文件：res://cards/spell-fdf-088.json[39m[0m
[  30% ] [90m[1msavepack[22m | 正在保存文件：res://cards/spell-fdf-120.json[39m[0m
[  30% ] [90m[1msavepack[22m | 正在保存文件：res://cards/spell-fdf-121.json[39m[0m
[  30% ] [90m[1msavepack[22m | 正在保存文件：res://cards/spell-fdf-122.json[39m[0m
[  30% ] [90m[1msavepack[22m | 正在保存文件：res://cards/spell-fdf-123.json[39m[0m
[  30% ] [90m[1msavepack[22m | 正在保存文件：res://cards/spell-fdf-ex05.json[39m[0m
[  30% ] [90m[1msavepack[22m | 正在保存文件：res://cards/spell-fdn-001.json[39m[0m
[  30% ] [90m[1msavepack[22m | 正在保存文件：res://cards/spell-fdn-002.json[39m[0m
[  30% ] [90m[1msavepack[22m | 正在保存文件：res://cards/spell-fdn-003.json[39m[0m
[  30% ] [90m[1msavepack[22m | 正在保存文件：res://cards/spell-fdn-005.json[39m[0m
[  30% ] [90m[1msavepack[22m | 正在保存文件：res://cards/spell-fdn-008.json[39m[0m
[  31% ] [90m[1msavepack[22m | 正在保存文件：res://cards/spell-fdn-009.json[39m[0m
[  31% ] [90m[1msavepack[22m | 正在保存文件：res://cards/spell-fdn-010.json[39m[0m
[  31% ] [90m[1msavepack[22m | 正在保存文件：res://cards/spell-fdn-011.json[39m[0m
[  31% ] [90m[1msavepack[22m | 正在保存文件：res://cards/spell-fdn-012.json[39m[0m
[  31% ] [90m[1msavepack[22m | 正在保存文件：res://cards/spell-fdn-015.json[39m[0m
[  31% ] [90m[1msavepack[22m | 正在保存文件：res://cards/spell-fdn-017.json[39m[0m
[  31% ] [90m[1msavepack[22m | 正在保存文件：res://cards/spell-fdn-018.json[39m[0m
[  31% ] [90m[1msavepack[22m | 正在保存文件：res://cards/spell-fdn-019.json[39m[0m
[  31% ] [90m[1msavepack[22m | 正在保存文件：res://cards/spell-fdn-020.json[39m[0m
[  31% ] [90m[1msavepack[22m | 正在保存文件：res://cards/spell-fdn-022.json[39m[0m
[  31% ] [90m[1msavepack[22m | 正在保存文件：res://cards/spell-fdn-023.json[39m[0m
[  31% ] [90m[1msavepack[22m | 正在保存文件：res://cards/spell-fdn-028.json[39m[0m
[  31% ] [90m[1msavepack[22m | 正在保存文件：res://cards/spell-fdn-029.json[39m[0m
[  32% ] [90m[1msavepack[22m | 正在保存文件：res://cards/spell-fdn-030.json[39m[0m
[  32% ] [90m[1msavepack[22m | 正在保存文件：res://cards/spell-fdn-031.json[39m[0m
[  32% ] [90m[1msavepack[22m | 正在保存文件：res://cards/spell-fdn-032.json[39m[0m
[  32% ] [90m[1msavepack[22m | 正在保存文件：res://cards/spell-fdn-033.json[39m[0m
[  32% ] [90m[1msavepack[22m | 正在保存文件：res://cards/spell-fdn-039.json[39m[0m
[  32% ] [90m[1msavepack[22m | 正在保存文件：res://cards/spell-fdn-040.json[39m[0m
[  32% ] [90m[1msavepack[22m | 正在保存文件：res://cards/spell-fdn-046.json[39m[0m
[  32% ] [90m[1msavepack[22m | 正在保存文件：res://cards/spell-fdn-066.json[39m[0m
[  32% ] [90m[1msavepack[22m | 正在保存文件：res://cards/spell-fdn-069.json[39m[0m
[  32% ] [90m[1msavepack[22m | 正在保存文件：res://cards/spell-htk-003.json[39m[0m
[  32% ] [90m[1msavepack[22m | 正在保存文件：res://cards/spell-htk-004.json[39m[0m
[  32% ] [90m[1msavepack[22m | 正在保存文件：res://cards/spell-htk-018.json[39m[0m
[  32% ] [90m[1msavepack[22m | 正在保存文件：res://cards/spell-kmo-002.json[39m[0m
[  32% ] [90m[1msavepack[22m | 正在保存文件：res://cards/spell-kmo-003.json[39m[0m
[  33% ] [90m[1msavepack[22m | 正在保存文件：res://cards/spell-kmo-004.json[39m[0m
[  33% ] [90m[1msavepack[22m | 正在保存文件：res://cards/spell-kmo-005.json[39m[0m
[  33% ] [90m[1msavepack[22m | 正在保存文件：res://cards/spell-lof-006.json[39m[0m
[  33% ] [90m[1msavepack[22m | 正在保存文件：res://cards/spell-lof-007.json[39m[0m
[  33% ] [90m[1msavepack[22m | 正在保存文件：res://cards/spell-lof-025.json[39m[0m
[  33% ] [90m[1msavepack[22m | 正在保存文件：res://cards/spell-mar-002.json[39m[0m
[  33% ] [90m[1msavepack[22m | 正在保存文件：res://cards/spell-mar-003.json[39m[0m
[  33% ] [90m[1msavepack[22m | 正在保存文件：res://cards/spell-mar-004.json[39m[0m
[  33% ] [90m[1msavepack[22m | 正在保存文件：res://cards/spell-mar-005.json[39m[0m
[  33% ] [90m[1msavepack[22m | 正在保存文件：res://cards/spell-mar-007.json[39m[0m
[  33% ] [90m[1msavepack[22m | 正在保存文件：res://cards/spell-mar-012.json[39m[0m
[  33% ] [90m[1msavepack[22m | 正在保存文件：res://cards/spell-mar-013.json[39m[0m
[  33% ] [90m[1msavepack[22m | 正在保存文件：res://cards/spell-mar-014.json[39m[0m
[  33% ] [90m[1msavepack[22m | 正在保存文件：res://cards/spell-rec-054.json[39m[0m
[  33% ] [90m[1msavepack[22m | 正在保存文件：res://cards/spell-rec-055.json[39m[0m
[  33% ] [90m[1msavepack[22m | 正在保存文件：res://cards/spell-rec-056.json[39m[0m
[  33% ] [90m[1msavepack[22m | 正在保存文件：res://cards/spell-rei-002.json[39m[0m
[  33% ] [90m[1msavepack[22m | 正在保存文件：res://cards/spell-rei-006.json[39m[0m
[  33% ] [90m[1msavepack[22m | 正在保存文件：res://cards/spell-rei-010.json[39m[0m
[  33% ] [90m[1msavepack[22m | 正在保存文件：res://cards/spell-rei-011.json[39m[0m
[  33% ] [90m[1msavepack[22m | 正在保存文件：res://cards/spell-rei-012.json[39m[0m
[  33% ] [90m[1msavepack[22m | 正在保存文件：res://cards/spell-rei-015.json[39m[0m
[  33% ] [90m[1msavepack[22m | 正在保存文件：res://cards/spell-smm-002.json[39m[0m
[  33% ] [90m[1msavepack[22m | 正在保存文件：res://cards/spell-smm-003.json[39m[0m
[  33% ] [90m[1msavepack[22m | 正在保存文件：res://cards/spell-smm-006.json[39m[0m
[  33% ] [90m[1msavepack[22m | 正在保存文件：res://cards/spell-soi-098.json[39m[0m
[  34% ] [90m[1msavepack[22m | 正在保存文件：res://cards/spell-soi-119.json[39m[0m
[  34% ] [90m[1msavepack[22m | 正在保存文件：res://cards/spell-ucs-004.json[39m[0m
[  34% ] [90m[1msavepack[22m | 正在保存文件：res://cards/spell-ucs-008.json[39m[0m
[  34% ] [90m[1msavepack[22m | 正在保存文件：res://cards/spell-ucs-009.json[39m[0m
[  34% ] [90m[1msavepack[22m | 正在保存文件：res://cards/spell-ucs-011.json[39m[0m
[  34% ] [90m[1msavepack[22m | 正在保存文件：res://cards/spell-ucs-014.json[39m[0m
[  34% ] [90m[1msavepack[22m | 正在保存文件：res://cards/spell-ucs-015.json[39m[0m
[  34% ] [90m[1msavepack[22m | 正在保存文件：res://cards/spell-ucs-018.json[39m[0m
[  34% ] [90m[1msavepack[22m | 正在保存文件：res://cards/spell-ucs-019.json[39m[0m
[  34% ] [90m[1msavepack[22m | 正在保存文件：res://cards/spell-ucs-022.json[39m[0m
[  34% ] [90m[1msavepack[22m | 正在保存文件：res://cards/spell-ucs-026.json[39m[0m
[  34% ] [90m[1msavepack[22m | 正在保存文件：res://cards/spell-ucs-027.json[39m[0m
[  34% ] [90m[1msavepack[22m | 正在保存文件：res://cards/spell-ucs-029.json[39m[0m
[  34% ] [90m[1msavepack[22m | 正在保存文件：res://cards/spell-ucs-031.json[39m[0m
[  35% ] [90m[1msavepack[22m | 正在保存文件：res://cards/spell-ucs-033.json[39m[0m
[  35% ] [90m[1msavepack[22m | 正在保存文件：res://cards/spell-ucs-035.json[39m[0m
[  35% ] [90m[1msavepack[22m | 正在保存文件：res://cards/spell-ucs-037.json[39m[0m
[  35% ] [90m[1msavepack[22m | 正在保存文件：res://cards/spell-ucs-039.json[39m[0m
[  35% ] [90m[1msavepack[22m | 正在保存文件：res://cards/spell-ucs-041.json[39m[0m
[  35% ] [90m[1msavepack[22m | 正在保存文件：res://cards/spell-ucs-043.json[39m[0m
[  35% ] [90m[1msavepack[22m | 正在保存文件：res://cards/spell-ucs-050.json[39m[0m
[  35% ] [90m[1msavepack[22m | 正在保存文件：res://cards/spell-ucs-052.json[39m[0m
[  35% ] [90m[1msavepack[22m | 正在保存文件：res://cards/spell-ucs-054.json[39m[0m
[  35% ] [90m[1msavepack[22m | 正在保存文件：res://cards/spell-ucs-057.json[39m[0m
[  35% ] [90m[1msavepack[22m | 正在保存文件：res://cards/spell-ucs-059.json[39m[0m
[  35% ] [90m[1msavepack[22m | 正在保存文件：res://cards/token-fdf-127.json[39m[0m
[  35% ] [90m[1msavepack[22m | 正在保存文件：res://cards/token-fdf-128.json[39m[0m
[  36% ] [90m[1msavepack[22m | 正在保存文件：res://cards/token-fdf-129.json[39m[0m
[  36% ] [90m[1msavepack[22m | 正在保存文件：res://cards/token-fdf-130.json[39m[0m
[  36% ] [90m[1msavepack[22m | 正在保存文件：res://cards/token-fdf-131.json[39m[0m
[  36% ] [90m[1msavepack[22m | 正在保存文件：res://cards/token-fdf-132.json[39m[0m
[  36% ] [90m[1msavepack[22m | 正在保存文件：res://cards/token-fdf-133.json[39m[0m
[  36% ] [90m[1msavepack[22m | 正在保存文件：res://cards/token-fdn-082.json[39m[0m
[  36% ] [90m[1msavepack[22m | 正在保存文件：res://cards/token-fdn-085.json[39m[0m
[  36% ] [90m[1msavepack[22m | 正在保存文件：res://cards/token-htk-031.json[39m[0m
[  36% ] [90m[1msavepack[22m | 正在保存文件：res://cards/token-htk-032.json[39m[0m
[  36% ] [90m[1msavepack[22m | 正在保存文件：res://cards/token-htk-033.json[39m[0m
[  36% ] [90m[1msavepack[22m | 正在保存文件：res://cards/token-kmo-027.json[39m[0m
[  36% ] [90m[1msavepack[22m | 正在保存文件：res://cards/token-smm-025.json[39m[0m
[  36% ] [90m[1msavepack[22m | 正在保存文件：res://cards/token-ucs-093.json[39m[0m
[  36% ] [90m[1msavepack[22m | 正在保存文件：res://cards/token-ucs-099.json[39m[0m
[  37% ] [90m[1msavepack[22m | 正在保存文件：res://data/test_precons.json[39m[0m
[  37% ] [90m[1msavepack[22m | 正在保存文件：res://net/command_gateway.gdc[39m[0m
[  37% ] [90m[1msavepack[22m | 正在保存文件：res://net/connection_metrics.gdc[39m[0m
[  37% ] [90m[1msavepack[22m | 正在保存文件：res://net/journal_store.gdc[39m[0m
[  37% ] [90m[1msavepack[22m | 正在保存文件：res://net/lan_discovery.gdc[39m[0m
[  37% ] [90m[1msavepack[22m | 正在保存文件：res://net/lan_lobby.gdc[39m[0m
[  37% ] [90m[1msavepack[22m | 正在保存文件：res://net/lan_session.gdc[39m[0m
[  37% ] [90m[1msavepack[22m | 正在保存文件：res://net/lan_transport.gdc[39m[0m
[  37% ] [90m[1msavepack[22m | 正在保存文件：res://net/local_identity.gdc[39m[0m
[  37% ] [90m[1msavepack[22m | 正在保存文件：res://net/observer_projection.gdc[39m[0m
[  37% ] [90m[1msavepack[22m | 正在保存文件：res://net/remote_duel.gdc[39m[0m
[  37% ] [90m[1msavepack[22m | 正在保存文件：res://net/rules_manifest.json[39m[0m
[  37% ] [90m[1msavepack[22m | 正在保存文件：res://net/seat_projection.gdc[39m[0m
[  38% ] [90m[1msavepack[22m | 正在保存文件：res://net/series_controller.gdc[39m[0m
[  38% ] [90m[1msavepack[22m | 正在保存文件：res://net/spectator_hub.gdc[39m[0m
[  38% ] [90m[1msavepack[22m | 正在保存文件：res://net/state_codec.gdc[39m[0m
[  38% ] [90m[1msavepack[22m | 正在保存文件：res://recourse/MulticolourOnline2.0/Multicolour2_Data/RuntimeInitializeOnLoads.json[39m[0m
[  38% ] [90m[1msavepack[22m | 正在保存文件：res://recourse/MulticolourOnline2.0/Multicolour2_Data/ScriptingAssemblies.json[39m[0m
[  38% ] [90m[1msavepack[22m | 正在保存文件：res://.godot/imported/spell-fdf-004.jpg-4d8f1e5e5094582e74f8575e0a3afc03.ctex[39m[0m
[  38% ] [90m[1msavepack[22m | 正在保存文件：res://recourse/数据库/异画与重复/v0.10/spell-fdf-004.jpg.import[39m[0m
[  38% ] [90m[1msavepack[22m | 正在保存文件：res://.godot/imported/spell-fdf-020.jpg-25bea58087ced87f675b45f224977a65.ctex[39m[0m
[  38% ] [90m[1msavepack[22m | 正在保存文件：res://recourse/数据库/异画与重复/v0.10/spell-fdf-020.jpg.import[39m[0m
[  38% ] [90m[1msavepack[22m | 正在保存文件：res://.godot/imported/spell-fdf-ex.jpg-047f091f95339aa19b1d66be13a50943.ctex[39m[0m
[  38% ] [90m[1msavepack[22m | 正在保存文件：res://recourse/数据库/异画与重复/v0.10/spell-fdf-ex.jpg.import[39m[0m
[  38% ] [90m[1msavepack[22m | 正在保存文件：res://.godot/imported/image10.png-a6a6dc059a41fb481fd97bd2a6ff782b.ctex[39m[0m
[  38% ] [90m[1msavepack[22m | 正在保存文件：res://recourse/数据库/异画与重复/v0.11/image10.png.import[39m[0m
[  38% ] [90m[1msavepack[22m | 正在保存文件：res://.godot/imported/image20.png-e3e00e8fa8804259f6c4e761801b78d8.ctex[39m[0m
[  38% ] [90m[1msavepack[22m | 正在保存文件：res://recourse/数据库/异画与重复/v0.11/image20.png.import[39m[0m
[  38% ] [90m[1msavepack[22m | 正在保存文件：res://.godot/imported/image37.png-bc1d650927f4bf9856761cf721a88b1e.ctex[39m[0m
[  38% ] [90m[1msavepack[22m | 正在保存文件：res://recourse/数据库/异画与重复/v0.11/image37.png.import[39m[0m
[  38% ] [90m[1msavepack[22m | 正在保存文件：res://.godot/imported/image40.png-ec2019990fc882b3269162219b12042d.ctex[39m[0m
[  38% ] [90m[1msavepack[22m | 正在保存文件：res://recourse/数据库/异画与重复/v0.11/image40.png.import[39m[0m
[  38% ] [90m[1msavepack[22m | 正在保存文件：res://.godot/imported/image65.png-3500fe2bec14cb773e7efa0d5b3e8345.ctex[39m[0m
[  38% ] [90m[1msavepack[22m | 正在保存文件：res://recourse/数据库/异画与重复/v0.11/image65.png.import[39m[0m
[  39% ] [90m[1msavepack[22m | 正在保存文件：res://.godot/imported/image69.png-e305fea97b94d92a2ecd2c7d8f250526.ctex[39m[0m
[  39% ] [90m[1msavepack[22m | 正在保存文件：res://recourse/数据库/异画与重复/v0.11/image69.png.import[39m[0m
[  39% ] [90m[1msavepack[22m | 正在保存文件：res://.godot/imported/image72.png-f53b37445113e17d06d708643e705236.ctex[39m[0m
[  39% ] [90m[1msavepack[22m | 正在保存文件：res://recourse/数据库/异画与重复/v0.11/image72.png.import[39m[0m
[  39% ] [90m[1msavepack[22m | 正在保存文件：res://.godot/imported/image81.png-19385ee26ea15f10b282c4c6fbc33266.ctex[39m[0m
[  39% ] [90m[1msavepack[22m | 正在保存文件：res://recourse/数据库/异画与重复/v0.11/image81.png.import[39m[0m
[  39% ] [90m[1msavepack[22m | 正在保存文件：res://.godot/imported/image83.png-688b620fe5090ee760abb2e43f56fb9b.ctex[39m[0m
[  39% ] [90m[1msavepack[22m | 正在保存文件：res://recourse/数据库/异画与重复/v0.11/image83.png.import[39m[0m
[  39% ] [90m[1msavepack[22m | 正在保存文件：res://.godot/imported/image88.png-bcc24199a0cd8e88106729aa7c572047.ctex[39m[0m
[  39% ] [90m[1msavepack[22m | 正在保存文件：res://recourse/数据库/异画与重复/v0.11/image88.png.import[39m[0m
[  39% ] [90m[1msavepack[22m | 正在保存文件：res://.godot/imported/image89.png-5db1abd2d6cc30285051db21a44129e7.ctex[39m[0m
[  39% ] [90m[1msavepack[22m | 正在保存文件：res://recourse/数据库/异画与重复/v0.11/image89.png.import[39m[0m
[  39% ] [90m[1msavepack[22m | 正在保存文件：res://.godot/imported/image92.png-1f20206f0b29b8e4c4da09e715ee61a4.ctex[39m[0m
[  39% ] [90m[1msavepack[22m | 正在保存文件：res://recourse/数据库/异画与重复/v0.11/image92.png.import[39m[0m
[  39% ] [90m[1msavepack[22m | 正在保存文件：res://.godot/imported/image108.png-0731e70ba09130afcee7efa32c6871bf.ctex[39m[0m
[  39% ] [90m[1msavepack[22m | 正在保存文件：res://recourse/数据库/异画与重复/v0.11/image108.png.import[39m[0m
[  39% ] [90m[1msavepack[22m | 正在保存文件：res://.godot/imported/「Paranoid Lost」__spell-ucs-045.jpg-9b441f0f2ba3143c353a58a32e4c092f.ctex[39m[0m
[  39% ] [90m[1msavepack[22m | 正在保存文件：res://recourse/数据库/异画与重复/v0.11/「Paranoid Lost」__spell-ucs-045.jpg.import[39m[0m
[  39% ] [90m[1msavepack[22m | 正在保存文件：res://.godot/imported/「八卦炉」__item-ucs-002.jpg-beb5d264da80ba0bd2776eaf25208c31.ctex[39m[0m
[  39% ] [90m[1msavepack[22m | 正在保存文件：res://recourse/数据库/异画与重复/v0.11/「八卦炉」__item-ucs-002.jpg.import[39m[0m
[  39% ] [90m[1msavepack[22m | 正在保存文件：res://.godot/imported/「境界」__spell-ucs-079.jpg-649af7edfeb49e322a0d97dbaa50e7e2.ctex[39m[0m
[  39% ] [90m[1msavepack[22m | 正在保存文件：res://recourse/数据库/异画与重复/v0.11/「境界」__spell-ucs-079.jpg.import[39m[0m
[  39% ] [90m[1msavepack[22m | 正在保存文件：res://.godot/imported/「山涧ノ川」__spell-ucs-006.jpg-992bdc60b8c2036c7d42ef4391b36b8d.ctex[39m[0m
[  39% ] [90m[1msavepack[22m | 正在保存文件：res://recourse/数据库/异画与重复/v0.11/「山涧ノ川」__spell-ucs-006.jpg.import[39m[0m
[  39% ] [90m[1msavepack[22m | 正在保存文件：res://.godot/imported/「未应ノ爱」__spell-ucs-087.jpg-a6d4cb7c70492731353be29080e734f1.ctex[39m[0m
[  39% ] [90m[1msavepack[22m | 正在保存文件：res://recourse/数据库/异画与重复/v0.11/「未应ノ爱」__spell-ucs-087.jpg.import[39m[0m
[  39% ] [90m[1msavepack[22m | 正在保存文件：res://.godot/imported/「稻田姬ノ秋」__spell-ucs-086.jpg-ddcb65b7ee71e343f78fceea5ad47e57.ctex[39m[0m
[  39% ] [90m[1msavepack[22m | 正在保存文件：res://recourse/数据库/异画与重复/v0.11/「稻田姬ノ秋」__spell-ucs-086.jpg.import[39m[0m
[  40% ] [90m[1msavepack[22m | 正在保存文件：res://.godot/imported/「红色ノ幻想乡」__spell-ucs-024.jpg-71462711abaa149ae4e21bfbf15b3f97.ctex[39m[0m
[  40% ] [90m[1msavepack[22m | 正在保存文件：res://recourse/数据库/异画与重复/v0.11/「红色ノ幻想乡」__spell-ucs-024.jpg.import[39m[0m
[  40% ] [90m[1msavepack[22m | 正在保存文件：res://.godot/imported/「萤火ノ天」__spell-smm-017.jpg-573e34b089a83764600fe7fb19a221bd.ctex[39m[0m
[  40% ] [90m[1msavepack[22m | 正在保存文件：res://recourse/数据库/异画与重复/v0.11/「萤火ノ天」__spell-smm-017.jpg.import[39m[0m
[  40% ] [90m[1msavepack[22m | 正在保存文件：res://.godot/imported/七色的人偶使「爱丽丝·玛格特洛依德」__character-ucs-074.jpg-03f6215f827623c7fd43b32fb0e8b1e0.ctex[39m[0m
[  40% ] [90m[1msavepack[22m | 正在保存文件：res://recourse/数据库/异画与重复/v0.11/七色的人偶使「爱丽丝·玛格特洛依德」__character-ucs-074.jpg.import[39m[0m
[  40% ] [90m[1msavepack[22m | 正在保存文件：res://.godot/imported/三途川之引渡人「小野冢小町」__character-kmo-011.jpg-fde8bc01a99ac7e93756e03a7021e2a0.ctex[39m[0m
[  40% ] [90m[1msavepack[22m | 正在保存文件：res://recourse/数据库/异画与重复/v0.11/三途川之引渡人「小野冢小町」__character-kmo-011.jpg.import[39m[0m
[  40% ] [90m[1msavepack[22m | 正在保存文件：res://.godot/imported/上海人偶__character-ucs-084.jpg-035e4af43b6895747e517b20ef9c1539.ctex[39m[0m
[  40% ] [90m[1msavepack[22m | 正在保存文件：res://recourse/数据库/异画与重复/v0.11/上海人偶__character-ucs-084.jpg.import[39m[0m
[  40% ] [90m[1msavepack[22m | 正在保存文件：res://.godot/imported/乐园的可爱巫女「博丽灵梦」__character-ucs-001.jpg-718d15d988faa3c36001312e65ae58c4.ctex[39m[0m
[  40% ] [90m[1msavepack[22m | 正在保存文件：res://recourse/数据库/异画与重复/v0.11/乐园的可爱巫女「博丽灵梦」__character-ucs-001.jpg.import[39m[0m
[  40% ] [90m[1msavepack[22m | 正在保存文件：res://.godot/imported/乐园的可爱巫女「博丽灵梦」__character-ucs-075.jpg-f494e8aae13b6dad4f5358ac506ebc74.ctex[39m[0m
[  40% ] [90m[1msavepack[22m | 正在保存文件：res://recourse/数据库/异画与重复/v0.11/乐园的可爱巫女「博丽灵梦」__character-ucs-075.jpg.import[39m[0m
[  40% ] [90m[1msavepack[22m | 正在保存文件：res://.godot/imported/二百由旬之一闪「魂魄妖梦」__character-ucs-091.jpg-8c419938e484f3f742a6f38a7f50f17d.ctex[39m[0m
[  40% ] [90m[1msavepack[22m | 正在保存文件：res://recourse/数据库/异画与重复/v0.11/二百由旬之一闪「魂魄妖梦」__character-ucs-091.jpg.import[39m[0m
[  40% ] [90m[1msavepack[22m | 正在保存文件：res://.godot/imported/光击「射月」__spell-ucs-049.jpg-414c35e699f17b391828202a7962f511.ctex[39m[0m
[  40% ] [90m[1msavepack[22m | 正在保存文件：res://recourse/数据库/异画与重复/v0.11/光击「射月」__spell-ucs-049.jpg.import[39m[0m
[  40% ] [90m[1msavepack[22m | 正在保存文件：res://.godot/imported/勤奋的图书管理员「小恶魔」__character-ucs-055.jpg-1d46522e974f2b21ffcb4b5d8a551c57.ctex[39m[0m
[  40% ] [90m[1msavepack[22m | 正在保存文件：res://recourse/数据库/异画与重复/v0.11/勤奋的图书管理员「小恶魔」__character-ucs-055.jpg.import[39m[0m
[  40% ] [90m[1msavepack[22m | 正在保存文件：res://.godot/imported/四季鲜花之主「风见幽香」__character-ucs-ex01.jpg-4b9f7b2c839ed558bfe4f83849ae72cc.ctex[39m[0m
[  40% ] [90m[1msavepack[22m | 正在保存文件：res://recourse/数据库/异画与重复/v0.11/四季鲜花之主「风见幽香」__character-ucs-ex01.jpg.import[39m[0m
[  40% ] [90m[1msavepack[22m | 正在保存文件：res://.godot/imported/地底的太阳「灵乌路空」__character-ucs-ex02.jpg-b2cf660b32180c9683133ecf5fd68814.ctex[39m[0m
[  40% ] [90m[1msavepack[22m | 正在保存文件：res://recourse/数据库/异画与重复/v0.11/地底的太阳「灵乌路空」__character-ucs-ex02.jpg.import[39m[0m
[  40% ] [90m[1msavepack[22m | 正在保存文件：res://.godot/imported/实验中的魔女「雾雨魔理沙」__character-ucs-028.jpg-0ee8bbe468645f16f32876c8d8775eb4.ctex[39m[0m
[  40% ] [90m[1msavepack[22m | 正在保存文件：res://recourse/数据库/异画与重复/v0.11/实验中的魔女「雾雨魔理沙」__character-ucs-028.jpg.import[39m[0m
[  41% ] [90m[1msavepack[22m | 正在保存文件：res://.godot/imported/小径的红叶巫女「博丽灵梦」__character-ucs-030.jpg-5213601ebae8793263eca4d9ac99cb8e.ctex[39m[0m
[  41% ] [90m[1msavepack[22m | 正在保存文件：res://recourse/数据库/异画与重复/v0.11/小径的红叶巫女「博丽灵梦」__character-ucs-030.jpg.import[39m[0m
[  41% ] [90m[1msavepack[22m | 正在保存文件：res://.godot/imported/幻想乡的记忆「稗田阿求」__character-smm14.jpg-bdd644d9f82903c9d1400cc445497142.ctex[39m[0m
[  41% ] [90m[1msavepack[22m | 正在保存文件：res://recourse/数据库/异画与重复/v0.11/幻想乡的记忆「稗田阿求」__character-smm14.jpg.import[39m[0m
[  41% ] [90m[1msavepack[22m | 正在保存文件：res://.godot/imported/忠诚的死体「宫古芳香」__character-ucs-080.jpg-843eec1f3b97605ad16f791e45df1113.ctex[39m[0m
[  41% ] [90m[1msavepack[22m | 正在保存文件：res://recourse/数据库/异画与重复/v0.11/忠诚的死体「宫古芳香」__character-ucs-080.jpg.import[39m[0m
[  41% ] [90m[1msavepack[22m | 正在保存文件：res://.godot/imported/念写记者「姬海棠果」__character-ucs-ex03.jpg-34cae1c4979567cbce70cd27f1643e59.ctex[39m[0m
[  41% ] [90m[1msavepack[22m | 正在保存文件：res://recourse/数据库/异画与重复/v0.11/念写记者「姬海棠果」__character-ucs-ex03.jpg.import[39m[0m
[  41% ] [90m[1msavepack[22m | 正在保存文件：res://.godot/imported/恋符「极限火花」__spell-ucs-078.jpg-4099ddabdc09409cc60fd0a011307bcf.ctex[39m[0m
[  41% ] [90m[1msavepack[22m | 正在保存文件：res://recourse/数据库/异画与重复/v0.11/恋符「极限火花」__spell-ucs-078.jpg.import[39m[0m
[  41% ] [90m[1msavepack[22m | 正在保存文件：res://.godot/imported/探宝队员「纳兹琳」__character-ucs-081.jpg-79563a0262e25b9f6948db575634fb3a.ctex[39m[0m
[  41% ] [90m[1msavepack[22m | 正在保存文件：res://recourse/数据库/异画与重复/v0.11/探宝队员「纳兹琳」__character-ucs-081.jpg.import[39m[0m
[  41% ] [90m[1msavepack[22m | 正在保存文件：res://.godot/imported/旧都__field-ucs-062.jpg-f36cd6b3d06533f5d2b0fa3cc15191db.ctex[39m[0m
[  41% ] [90m[1msavepack[22m | 正在保存文件：res://recourse/数据库/异画与重复/v0.11/旧都__field-ucs-062.jpg.import[39m[0m
[  41% ] [90m[1msavepack[22m | 正在保存文件：res://.godot/imported/普通的魔法使「雾雨魔理沙」__character-ucs-076.jpg-fa9bb46be9215e300d1b7c1cc6f95950.ctex[39m[0m
[  41% ] [90m[1msavepack[22m | 正在保存文件：res://recourse/数据库/异画与重复/v0.11/普通的魔法使「雾雨魔理沙」__character-ucs-076.jpg.import[39m[0m
[  41% ] [90m[1msavepack[22m | 正在保存文件：res://.godot/imported/月之头脑「八意永琳」__character-ucs-070.jpg-70dd1bbea3f731c413b819cff016a4b9.ctex[39m[0m
[  41% ] [90m[1msavepack[22m | 正在保存文件：res://recourse/数据库/异画与重复/v0.11/月之头脑「八意永琳」__character-ucs-070.jpg.import[39m[0m
[  41% ] [90m[1msavepack[22m | 正在保存文件：res://.godot/imported/月之都的射手「清兰」__character-ucs-051.jpg-a14d736113935d9638a76a1c050ca1ac.ctex[39m[0m
[  41% ] [90m[1msavepack[22m | 正在保存文件：res://recourse/数据库/异画与重复/v0.11/月之都的射手「清兰」__character-ucs-051.jpg.import[39m[0m
[  41% ] [90m[1msavepack[22m | 正在保存文件：res://.godot/imported/毗沙门天「寅丸星」__character-ucs-082.jpg-c6cc1da1d954a8c24d51ce377cd5f6b5.ctex[39m[0m
[  41% ] [90m[1msavepack[22m | 正在保存文件：res://recourse/数据库/异画与重复/v0.11/毗沙门天「寅丸星」__character-ucs-082.jpg.import[39m[0m
[  41% ] [90m[1msavepack[22m | 正在保存文件：res://.godot/imported/永远与须臾的罪人「蓬莱山辉夜」__character-ucs-090.jpg-524ce453492659f536494acd2094e763.ctex[39m[0m
[  41% ] [90m[1msavepack[22m | 正在保存文件：res://recourse/数据库/异画与重复/v0.11/永远与须臾的罪人「蓬莱山辉夜」__character-ucs-090.jpg.import[39m[0m
[  41% ] [90m[1msavepack[22m | 正在保存文件：res://.godot/imported/灵符「梦想封印-散-」__spell-ucs-047.jpg-bc285a2fa18d205413e282be1033e0f7.ctex[39m[0m
[  41% ] [90m[1msavepack[22m | 正在保存文件：res://recourse/数据库/异画与重复/v0.11/灵符「梦想封印-散-」__spell-ucs-047.jpg.import[39m[0m
[  42% ] [90m[1msavepack[22m | 正在保存文件：res://.godot/imported/灵符「梦想封印-瞬-」__spell-ucs-077.jpg-51fdb2bfa6f33d62a3e012bde8f742d3.ctex[39m[0m
[  42% ] [90m[1msavepack[22m | 正在保存文件：res://recourse/数据库/异画与重复/v0.11/灵符「梦想封印-瞬-」__spell-ucs-077.jpg.import[39m[0m
[  42% ] [90m[1msavepack[22m | 正在保存文件：res://.godot/imported/百鬼夜行「伊吹萃香」__character-ucs-089.jpg-de3283015217490767db1fb331755071.ctex[39m[0m
[  42% ] [90m[1msavepack[22m | 正在保存文件：res://recourse/数据库/异画与重复/v0.11/百鬼夜行「伊吹萃香」__character-ucs-089.jpg.import[39m[0m
[  42% ] [90m[1msavepack[22m | 正在保存文件：res://.godot/imported/知识与避世的少女「帕秋莉·诺蕾姬」__character-ucs-040.jpg-ff24fc6132ab17e18ca62f4358c62c36.ctex[39m[0m
[  42% ] [90m[1msavepack[22m | 正在保存文件：res://recourse/数据库/异画与重复/v0.11/知识与避世的少女「帕秋莉·诺蕾姬」__character-ucs-040.jpg.import[39m[0m
[  42% ] [90m[1msavepack[22m | 正在保存文件：res://.godot/imported/神隐的主犯「八云紫」__character-ucs-092.jpg-6320afda40563b4e8c02de0f2bbe0071.ctex[39m[0m
[  42% ] [90m[1msavepack[22m | 正在保存文件：res://recourse/数据库/异画与重复/v0.11/神隐的主犯「八云紫」__character-ucs-092.jpg.import[39m[0m
[  42% ] [90m[1msavepack[22m | 正在保存文件：res://.godot/imported/蓬莱人偶__character-ucs-083.jpg-e26154d07c4a9414f0c1b2b9ffe25071.ctex[39m[0m
[  42% ] [90m[1msavepack[22m | 正在保存文件：res://recourse/数据库/异画与重复/v0.11/蓬莱人偶__character-ucs-083.jpg.import[39m[0m
[  42% ] [90m[1msavepack[22m | 正在保存文件：res://.godot/imported/雪之亡灵「西行寺幽幽子」__character-ucs-ex04.jpg-c22e85b6d3a7f42177589b209f223c18.ctex[39m[0m
[  42% ] [90m[1msavepack[22m | 正在保存文件：res://recourse/数据库/异画与重复/v0.11/雪之亡灵「西行寺幽幽子」__character-ucs-ex04.jpg.import[39m[0m
[  42% ] [90m[1msavepack[22m | 正在保存文件：res://.godot/imported/「Subterranean Rose」__spell-fdn-062.jpg-49b7698e52da4eb47829b2db3cbdaacf.ctex[39m[0m
[  42% ] [90m[1msavepack[22m | 正在保存文件：res://recourse/数据库/异画与重复/v0.12/「Subterranean Rose」__spell-fdn-062.jpg.import[39m[0m
[  42% ] [90m[1msavepack[22m | 正在保存文件：res://.godot/imported/「万华ノ镜」__spell-htk-025.jpg-0b3ac7af8b8a8f00654a1b8e4a53aa94.ctex[39m[0m
[  42% ] [90m[1msavepack[22m | 正在保存文件：res://recourse/数据库/异画与重复/v0.12/「万华ノ镜」__spell-htk-025.jpg.import[39m[0m
[  42% ] [90m[1msavepack[22m | 正在保存文件：res://.godot/imported/「不明ノ正体」__spell-lof-026.jpg-25be1ede66b4bb142b8fbdc365ab83a7.ctex[39m[0m
[  42% ] [90m[1msavepack[22m | 正在保存文件：res://recourse/数据库/异画与重复/v0.12/「不明ノ正体」__spell-lof-026.jpg.import[39m[0m
[  42% ] [90m[1msavepack[22m | 正在保存文件：res://.godot/imported/「人神ノ黎明景」__spell-fdn-074.jpg-d1f62edeb9a769864a03b6c0605f5227.ctex[39m[0m
[  42% ] [90m[1msavepack[22m | 正在保存文件：res://recourse/数据库/异画与重复/v0.12/「人神ノ黎明景」__spell-fdn-074.jpg.import[39m[0m
[  42% ] [90m[1msavepack[22m | 正在保存文件：res://.godot/imported/「今昔ノ花」__spell-lof-019.jpg-b6a319da79f5ab4636f1dc7d26b94713.ctex[39m[0m
[  42% ] [90m[1msavepack[22m | 正在保存文件：res://recourse/数据库/异画与重复/v0.12/「今昔ノ花」__spell-lof-019.jpg.import[39m[0m
[  42% ] [90m[1msavepack[22m | 正在保存文件：res://.godot/imported/「境界」__spell-fdn-063.jpg-d444368d65249b7ab97f7626a02709fd.ctex[39m[0m
[  42% ] [90m[1msavepack[22m | 正在保存文件：res://recourse/数据库/异画与重复/v0.12/「境界」__spell-fdn-063.jpg.import[39m[0m
[  42% ] [90m[1msavepack[22m | 正在保存文件：res://.godot/imported/「夜ノ蝶」__spell-htk-019.jpg-81e31309c264c808f37d088e161cdcbf.ctex[39m[0m
[  42% ] [90m[1msavepack[22m | 正在保存文件：res://recourse/数据库/异画与重复/v0.12/「夜ノ蝶」__spell-htk-019.jpg.import[39m[0m
[  42% ] [90m[1msavepack[22m | 正在保存文件：res://.godot/imported/「天ノ羽衣」__spell-lof-020.jpg-5c1827b5e5acae30271aa09074e4d729.ctex[39m[0m
[  42% ] [90m[1msavepack[22m | 正在保存文件：res://recourse/数据库/异画与重复/v0.12/「天ノ羽衣」__spell-lof-020.jpg.import[39m[0m
[  43% ] [90m[1msavepack[22m | 正在保存文件：res://.godot/imported/「天狗ノ晴岚」__spell-htk-021.jpg-e850210bc4ec3ac1e3c3393d6471e768.ctex[39m[0m
[  43% ] [90m[1msavepack[22m | 正在保存文件：res://recourse/数据库/异画与重复/v0.12/「天狗ノ晴岚」__spell-htk-021.jpg.import[39m[0m
[  43% ] [90m[1msavepack[22m | 正在保存文件：res://.godot/imported/「妖精ノ嬉游」__spell-lof-023.jpg-7b0417f96dc8a4d43ac2c5e249ea051c.ctex[39m[0m
[  43% ] [90m[1msavepack[22m | 正在保存文件：res://recourse/数据库/异画与重复/v0.12/「妖精ノ嬉游」__spell-lof-023.jpg.import[39m[0m
[  43% ] [90m[1msavepack[22m | 正在保存文件：res://.godot/imported/「妖精ノ巡礼」__spell-lof-008.jpg-1e578b7283460575ac3b45c59b88f490.ctex[39m[0m
[  43% ] [90m[1msavepack[22m | 正在保存文件：res://recourse/数据库/异画与重复/v0.12/「妖精ノ巡礼」__spell-lof-008.jpg.import[39m[0m
[  43% ] [90m[1msavepack[22m | 正在保存文件：res://.godot/imported/「妖精ノ祭典」__spell-lof-024.jpg-a683ee264651f94d52be1a7f45e85685.ctex[39m[0m
[  43% ] [90m[1msavepack[22m | 正在保存文件：res://recourse/数据库/异画与重复/v0.12/「妖精ノ祭典」__spell-lof-024.jpg.import[39m[0m
[  43% ] [90m[1msavepack[22m | 正在保存文件：res://.godot/imported/「妖魔书」__item-htk-028.jpg-b09929cc4f4ffd5dc31be99852296fb5.ctex[39m[0m
[  43% ] [90m[1msavepack[22m | 正在保存文件：res://recourse/数据库/异画与重复/v0.12/「妖魔书」__item-htk-028.jpg.import[39m[0m
[  43% ] [90m[1msavepack[22m | 正在保存文件：res://.godot/imported/「幽幽子的折扇」__item-htk-030.jpg-97df63bcee328eef38c70ad3e473245c.ctex[39m[0m
[  43% ] [90m[1msavepack[22m | 正在保存文件：res://recourse/数据库/异画与重复/v0.12/「幽幽子的折扇」__item-htk-030.jpg.import[39m[0m
[  43% ] [90m[1msavepack[22m | 正在保存文件：res://.godot/imported/「河童背包」__item-fdn-078.jpg-b8e060f703e7467ef33e3840ecaf6c0a.ctex[39m[0m
[  43% ] [90m[1msavepack[22m | 正在保存文件：res://recourse/数据库/异画与重复/v0.12/「河童背包」__item-fdn-078.jpg.import[39m[0m
[  43% ] [90m[1msavepack[22m | 正在保存文件：res://.godot/imported/「活动记录」__spell-htk-026.jpg-8eaff091259b5abf0f02059c560c0eb4.ctex[39m[0m
[  43% ] [90m[1msavepack[22m | 正在保存文件：res://recourse/数据库/异画与重复/v0.12/「活动记录」__spell-htk-026.jpg.import[39m[0m
[  43% ] [90m[1msavepack[22m | 正在保存文件：res://.godot/imported/「湖上」__spell-htk-020.jpg-ff8ec36d2e3f4ed980c4b39e000c605a.ctex[39m[0m
[  43% ] [90m[1msavepack[22m | 正在保存文件：res://recourse/数据库/异画与重复/v0.12/「湖上」__spell-htk-020.jpg.import[39m[0m
[  43% ] [90m[1msavepack[22m | 正在保存文件：res://.godot/imported/「神游」__spell-htk-023.jpg-09bd60b7050472852db1c486e0fb0817.ctex[39m[0m
[  43% ] [90m[1msavepack[22m | 正在保存文件：res://recourse/数据库/异画与重复/v0.12/「神游」__spell-htk-023.jpg.import[39m[0m
[  43% ] [90m[1msavepack[22m | 正在保存文件：res://.godot/imported/「神游」__spell-htk-024.jpg-1ba7abd89a229602a4d8b5a670e97154.ctex[39m[0m
[  43% ] [90m[1msavepack[22m | 正在保存文件：res://recourse/数据库/异画与重复/v0.12/「神游」__spell-htk-024.jpg.import[39m[0m
[  43% ] [90m[1msavepack[22m | 正在保存文件：res://.godot/imported/「缘起ノ幻想乡」__spell-htk-022.jpg-0d0acbb3850834561a85d374eac75e76.ctex[39m[0m
[  43% ] [90m[1msavepack[22m | 正在保存文件：res://recourse/数据库/异画与重复/v0.12/「缘起ノ幻想乡」__spell-htk-022.jpg.import[39m[0m
[  43% ] [90m[1msavepack[22m | 正在保存文件：res://.godot/imported/「青ノ花」__spell-htk-009.jpg-60f0cffa6020bea0460f3d10f53ee0c8.ctex[39m[0m
[  43% ] [90m[1msavepack[22m | 正在保存文件：res://recourse/数据库/异画与重复/v0.12/「青ノ花」__spell-htk-009.jpg.import[39m[0m
[  44% ] [90m[1msavepack[22m | 正在保存文件：res://.godot/imported/「魔理沙的元素瓶」__item-htk-029.jpg-5507832a305a823e00ee796c7f43b978.ctex[39m[0m
[  44% ] [90m[1msavepack[22m | 正在保存文件：res://recourse/数据库/异画与重复/v0.12/「魔理沙的元素瓶」__item-htk-029.jpg.import[39m[0m
[  44% ] [90m[1msavepack[22m | 正在保存文件：res://.godot/imported/七色的人偶使「爱丽丝·玛格特洛依德」__character-fdn-050.jpg-2da02255e9ddf5bb4da5599de892e663.ctex[39m[0m
[  44% ] [90m[1msavepack[22m | 正在保存文件：res://recourse/数据库/异画与重复/v0.12/七色的人偶使「爱丽丝·玛格特洛依德」__character-fdn-050.jpg.import[39m[0m
[  44% ] [90m[1msavepack[22m | 正在保存文件：res://.godot/imported/三月精「斯塔·萨菲雅」__character-lof-016.jpg-cb75eff6f3cb76ea33e6e5a701dc8c43.ctex[39m[0m
[  44% ] [90m[1msavepack[22m | 正在保存文件：res://recourse/数据库/异画与重复/v0.12/三月精「斯塔·萨菲雅」__character-lof-016.jpg.import[39m[0m
[  44% ] [90m[1msavepack[22m | 正在保存文件：res://.godot/imported/上海人偶__character-fdn-077.jpg-0926cf81c6cda3836eb77b6f4860a4c9.ctex[39m[0m
[  44% ] [90m[1msavepack[22m | 正在保存文件：res://recourse/数据库/异画与重复/v0.12/上海人偶__character-fdn-077.jpg.import[39m[0m
[  44% ] [90m[1msavepack[22m | 正在保存文件：res://.godot/imported/乐园的可爱巫女「博丽灵梦」__character-fdn-047.jpg-950c2c6f564242343e582bf4fe5bf539.ctex[39m[0m
[  44% ] [90m[1msavepack[22m | 正在保存文件：res://recourse/数据库/异画与重复/v0.12/乐园的可爱巫女「博丽灵梦」__character-fdn-047.jpg.import[39m[0m
[  44% ] [90m[1msavepack[22m | 正在保存文件：res://.godot/imported/二百由旬之一闪「魂魄妖梦」__character-fdn-054.jpg-8a83a5ed33fed225ca3fe4fe935221bf.ctex[39m[0m
[  44% ] [90m[1msavepack[22m | 正在保存文件：res://recourse/数据库/异画与重复/v0.12/二百由旬之一闪「魂魄妖梦」__character-fdn-054.jpg.import[39m[0m
[  44% ] [90m[1msavepack[22m | 正在保存文件：res://.godot/imported/五谷丰穰之神德「东风谷早苗」__character-lof-ex.jpg-004222a4635b5d05a2ce9abd05287c53.ctex[39m[0m
[  44% ] [90m[1msavepack[22m | 正在保存文件：res://recourse/数据库/异画与重复/v0.12/五谷丰穰之神德「东风谷早苗」__character-lof-ex.jpg.import[39m[0m
[  44% ] [90m[1msavepack[22m | 正在保存文件：res://.godot/imported/人符「现世斩」__spell-fdn-072.jpg-88c58c00e1493ddc6398a808d205b3fd.ctex[39m[0m
[  44% ] [90m[1msavepack[22m | 正在保存文件：res://recourse/数据库/异画与重复/v0.12/人符「现世斩」__spell-fdn-072.jpg.import[39m[0m
[  44% ] [90m[1msavepack[22m | 正在保存文件：res://.godot/imported/冬之妖怪「蕾蒂·霍瓦特洛克」__character-htk-012.jpg-13979e4b2738cb4733d569a5a6af431c.ctex[39m[0m
[  44% ] [90m[1msavepack[22m | 正在保存文件：res://recourse/数据库/异画与重复/v0.12/冬之妖怪「蕾蒂·霍瓦特洛克」__character-htk-012.jpg.import[39m[0m
[  44% ] [90m[1msavepack[22m | 正在保存文件：res://.godot/imported/冻符「完美冻结」__spell-lof-021.jpg-2fc5ba09c29e277e7f10db54e0c936c5.ctex[39m[0m
[  44% ] [90m[1msavepack[22m | 正在保存文件：res://recourse/数据库/异画与重复/v0.12/冻符「完美冻结」__spell-lof-021.jpg.import[39m[0m
[  44% ] [90m[1msavepack[22m | 正在保存文件：res://.godot/imported/四天王奥义「三步坏废」__spell-fdn-057.jpg-643ba48c83cd2666cc356a487a143b14.ctex[39m[0m
[  44% ] [90m[1msavepack[22m | 正在保存文件：res://recourse/数据库/异画与重复/v0.12/四天王奥义「三步坏废」__spell-fdn-057.jpg.import[39m[0m
[  44% ] [90m[1msavepack[22m | 正在保存文件：res://.godot/imported/土著神之顶「洩矢诹访子」__character-fdn-049.jpg-923d86ab36c146517f564ca20d59d6e7.ctex[39m[0m
[  44% ] [90m[1msavepack[22m | 正在保存文件：res://recourse/数据库/异画与重复/v0.12/土著神之顶「洩矢诹访子」__character-fdn-049.jpg.import[39m[0m
[  44% ] [90m[1msavepack[22m | 正在保存文件：res://.godot/imported/地狱的妖精「克劳恩皮丝」__character-lof-011.jpg-93ec508c15f5e2fe152b0898d4243b5c.ctex[39m[0m
[  44% ] [90m[1msavepack[22m | 正在保存文件：res://recourse/数据库/异画与重复/v0.12/地狱的妖精「克劳恩皮丝」__character-lof-011.jpg.import[39m[0m
[  44% ] [90m[1msavepack[22m | 正在保存文件：res://.godot/imported/夏的妖精「爱塔妮缇拉尔瓦」__character-fdn-060.jpg-1646ac9a3f9f9e4e8767d12b5d631b43.ctex[39m[0m
[  44% ] [90m[1msavepack[22m | 正在保存文件：res://recourse/数据库/异画与重复/v0.12/夏的妖精「爱塔妮缇拉尔瓦」__character-fdn-060.jpg.import[39m[0m
[  45% ] [90m[1msavepack[22m | 正在保存文件：res://.godot/imported/夏的妖精「爱塔妮缇拉尔瓦」__character-lof-005.jpg-1fee974d04e083408e90ceaa92d13261.ctex[39m[0m
[  45% ] [90m[1msavepack[22m | 正在保存文件：res://recourse/数据库/异画与重复/v0.12/夏的妖精「爱塔妮缇拉尔瓦」__character-lof-005.jpg.import[39m[0m
[  45% ] [90m[1msavepack[22m | 正在保存文件：res://.godot/imported/夜雀「米斯蒂娅·萝蕾拉」__character-htk-008.jpg-62a4c6aa1535fc2aa67663aa338676dd.ctex[39m[0m
[  45% ] [90m[1msavepack[22m | 正在保存文件：res://recourse/数据库/异画与重复/v0.12/夜雀「米斯蒂娅·萝蕾拉」__character-htk-008.jpg.import[39m[0m
[  45% ] [90m[1msavepack[22m | 正在保存文件：res://.godot/imported/大妖精__character-lof-013.jpg-efc67fc1210ad01bcb5d6be88ad9a1f4.ctex[39m[0m
[  45% ] [90m[1msavepack[22m | 正在保存文件：res://recourse/数据库/异画与重复/v0.12/大妖精__character-lof-013.jpg.import[39m[0m
[  45% ] [90m[1msavepack[22m | 正在保存文件：res://.godot/imported/小号手「梅露兰·普莉兹姆利巴」__character-htk-011.jpg-9551bb114cbbbf6d11fe2b6e1fe41d82.ctex[39m[0m
[  45% ] [90m[1msavepack[22m | 正在保存文件：res://recourse/数据库/异画与重复/v0.12/小号手「梅露兰·普莉兹姆利巴」__character-htk-011.jpg.import[39m[0m
[  45% ] [90m[1msavepack[22m | 正在保存文件：res://.godot/imported/小夜岚的女仆「十六夜咲夜」__character-fdn-052.jpg-9569e738242116034a75dccd18149d34.ctex[39m[0m
[  45% ] [90m[1msavepack[22m | 正在保存文件：res://recourse/数据库/异画与重复/v0.12/小夜岚的女仆「十六夜咲夜」__character-fdn-052.jpg.import[39m[0m
[  45% ] [90m[1msavepack[22m | 正在保存文件：res://.godot/imported/山坂与湖水的化身「八坂神奈子」__character-fdn-055.jpg-d16996d1c8945ea1b26ed55bd2da7321.ctex[39m[0m
[  45% ] [90m[1msavepack[22m | 正在保存文件：res://recourse/数据库/异画与重复/v0.12/山坂与湖水的化身「八坂神奈子」__character-fdn-055.jpg.import[39m[0m
[  45% ] [90m[1msavepack[22m | 正在保存文件：res://.godot/imported/幻想「第一种永久机关」__spell-fdn-058.jpg-75ff22fa003dda58c5da596d4d2b9b19.ctex[39m[0m
[  45% ] [90m[1msavepack[22m | 正在保存文件：res://recourse/数据库/异画与重复/v0.12/幻想「第一种永久机关」__spell-fdn-058.jpg.import[39m[0m
[  45% ] [90m[1msavepack[22m | 正在保存文件：res://.godot/imported/式神「八云蓝」__character-htk-006.jpg-1c05aa8582b5ce3cafab49ed3c7f34d4.ctex[39m[0m
[  45% ] [90m[1msavepack[22m | 正在保存文件：res://recourse/数据库/异画与重复/v0.12/式神「八云蓝」__character-htk-006.jpg.import[39m[0m
[  45% ] [90m[1msavepack[22m | 正在保存文件：res://.godot/imported/心ノ箱__field-htk-029.jpg-1b786b9f745371a69e03901a2deb9f32.ctex[39m[0m
[  45% ] [90m[1msavepack[22m | 正在保存文件：res://recourse/数据库/异画与重复/v0.12/心ノ箱__field-htk-029.jpg.import[39m[0m
[  45% ] [90m[1msavepack[22m | 正在保存文件：res://.godot/imported/惊天动地的唐伞妖怪「多多良小伞」__character-fdn-051.jpg-182d80200e9eb5204f3525ef80a0bfd1.ctex[39m[0m
[  45% ] [90m[1msavepack[22m | 正在保存文件：res://recourse/数据库/异画与重复/v0.12/惊天动地的唐伞妖怪「多多良小伞」__character-fdn-051.jpg.import[39m[0m
[  45% ] [90m[1msavepack[22m | 正在保存文件：res://.godot/imported/探宝队员「纳兹琳」__character-htk-007.jpg-fbcc7a36c446f9d9a2e61a363958148e.ctex[39m[0m
[  45% ] [90m[1msavepack[22m | 正在保存文件：res://recourse/数据库/异画与重复/v0.12/探宝队员「纳兹琳」__character-htk-007.jpg.import[39m[0m
[  45% ] [90m[1msavepack[22m | 正在保存文件：res://.godot/imported/无名ノ丘__field-lof-023.jpg-3a5139b24f1ede3716db1d9246fe875d.ctex[39m[0m
[  45% ] [90m[1msavepack[22m | 正在保存文件：res://recourse/数据库/异画与重复/v0.12/无名ノ丘__field-lof-023.jpg.import[39m[0m
[  45% ] [90m[1msavepack[22m | 正在保存文件：res://.godot/imported/日之光「桑尼·米尔克」__character-lof-010.jpg-4857fdba0e69e9d8cc982d2c67109e63.ctex[39m[0m
[  45% ] [90m[1msavepack[22m | 正在保存文件：res://recourse/数据库/异画与重复/v0.12/日之光「桑尼·米尔克」__character-lof-010.jpg.import[39m[0m
[  46% ] [90m[1msavepack[22m | 正在保存文件：res://.godot/imported/旧地狱的宠物妖怪「火焰猫燐」__character-fdn-053.jpg-1379ddb20d2fc4f66279e0317345d62b.ctex[39m[0m
[  46% ] [90m[1msavepack[22m | 正在保存文件：res://recourse/数据库/异画与重复/v0.12/旧地狱的宠物妖怪「火焰猫燐」__character-fdn-053.jpg.import[39m[0m
[  46% ] [90m[1msavepack[22m | 正在保存文件：res://.godot/imported/星降之处的道士「丰聪耳神子」__character-fdn-056.jpg-7601370af7e0e81f6a11ab5609ac2ddc.ctex[39m[0m
[  46% ] [90m[1msavepack[22m | 正在保存文件：res://recourse/数据库/异画与重复/v0.12/星降之处的道士「丰聪耳神子」__character-fdn-056.jpg.import[39m[0m
[  46% ] [90m[1msavepack[22m | 正在保存文件：res://.godot/imported/星降的风水师「物部布都」__character-htk-013.jpg-09a99a9c84753ac0e67714cbbc26ad9d.ctex[39m[0m
[  46% ] [90m[1msavepack[22m | 正在保存文件：res://recourse/数据库/异画与重复/v0.12/星降的风水师「物部布都」__character-htk-013.jpg.import[39m[0m
[  46% ] [90m[1msavepack[22m | 正在保存文件：res://.godot/imported/春的另一面「莉莉黑」__character-htk-003.jpg-2b87add66558de998db110ed92b5cdc6.ctex[39m[0m
[  46% ] [90m[1msavepack[22m | 正在保存文件：res://recourse/数据库/异画与重复/v0.12/春的另一面「莉莉黑」__character-htk-003.jpg.import[39m[0m
[  46% ] [90m[1msavepack[22m | 正在保存文件：res://.godot/imported/永远与须臾的罪人「蓬莱山辉夜」__character-fdn-059.jpg-26fb20e9cd6473af35e1e4852eb1d1db.ctex[39m[0m
[  46% ] [90m[1msavepack[22m | 正在保存文件：res://recourse/数据库/异画与重复/v0.12/永远与须臾的罪人「蓬莱山辉夜」__character-fdn-059.jpg.import[39m[0m
[  46% ] [90m[1msavepack[22m | 正在保存文件：res://.godot/imported/永远与须臾的罪人「蓬莱山辉夜」__character-fdn-080.jpg-ae4f92823971b42b530e13d494cb43b1.ctex[39m[0m
[  46% ] [90m[1msavepack[22m | 正在保存文件：res://recourse/数据库/异画与重复/v0.12/永远与须臾的罪人「蓬莱山辉夜」__character-fdn-080.jpg.import[39m[0m
[  46% ] [90m[1msavepack[22m | 正在保存文件：res://.godot/imported/法兰西人偶__character-fdn-075.jpg-9229a3e430b2050dea2c91b78a67d54f.ctex[39m[0m
[  46% ] [90m[1msavepack[22m | 正在保存文件：res://recourse/数据库/异画与重复/v0.12/法兰西人偶__character-fdn-075.jpg.import[39m[0m
[  46% ] [90m[1msavepack[22m | 正在保存文件：res://.godot/imported/湖上的冰精「琪露诺」__character-lof-015.jpg-14beac6f210cca7d45afd458bd23fc11.ctex[39m[0m
[  46% ] [90m[1msavepack[22m | 正在保存文件：res://recourse/数据库/异画与重复/v0.12/湖上的冰精「琪露诺」__character-lof-015.jpg.import[39m[0m
[  46% ] [90m[1msavepack[22m | 正在保存文件：res://.godot/imported/湖畔的住人「大妖精」__character-lof-014.jpg-07779cd757ce6dd5fbd750c56d9bdd20.ctex[39m[0m
[  46% ] [90m[1msavepack[22m | 正在保存文件：res://recourse/数据库/异画与重复/v0.12/湖畔的住人「大妖精」__character-lof-014.jpg.import[39m[0m
[  46% ] [90m[1msavepack[22m | 正在保存文件：res://.godot/imported/玩耍的妖精__character-lof-018.jpg-8a4c05c6db096287161a230cd74dc7e4.ctex[39m[0m
[  46% ] [90m[1msavepack[22m | 正在保存文件：res://recourse/数据库/异画与重复/v0.12/玩耍的妖精__character-lof-018.jpg.import[39m[0m
[  46% ] [90m[1msavepack[22m | 正在保存文件：res://.godot/imported/百鬼夜行「伊吹萃香」__character-fdn-065.jpg-f89fdb366db1320dc2ac3947a3c14d18.ctex[39m[0m
[  46% ] [90m[1msavepack[22m | 正在保存文件：res://recourse/数据库/异画与重复/v0.12/百鬼夜行「伊吹萃香」__character-fdn-065.jpg.import[39m[0m
[  46% ] [90m[1msavepack[22m | 正在保存文件：res://.godot/imported/红魔馆的女仆「十六夜咲夜」__character-htk-009.jpg-0790143f15944d481d182824606dd86a.ctex[39m[0m
[  46% ] [90m[1msavepack[22m | 正在保存文件：res://recourse/数据库/异画与重复/v0.12/红魔馆的女仆「十六夜咲夜」__character-htk-009.jpg.import[39m[0m
[  46% ] [90m[1msavepack[22m | 正在保存文件：res://.godot/imported/绿眼的无间妒嫉「水桥帕露西」__character-fdn-070.jpg-56cc03f5b8565dc648634a28e5fde365.ctex[39m[0m
[  46% ] [90m[1msavepack[22m | 正在保存文件：res://recourse/数据库/异画与重复/v0.12/绿眼的无间妒嫉「水桥帕露西」__character-fdn-070.jpg.import[39m[0m
[  47% ] [90m[1msavepack[22m | 正在保存文件：res://.godot/imported/蓬莱人偶__character-fdn-076.jpg-d50e8a2f07daadc419bcaff16bec537f.ctex[39m[0m
[  47% ] [90m[1msavepack[22m | 正在保存文件：res://recourse/数据库/异画与重复/v0.12/蓬莱人偶__character-fdn-076.jpg.import[39m[0m
[  47% ] [90m[1msavepack[22m | 正在保存文件：res://.godot/imported/转世「一条归桥」__spell-fdn-064.jpg-eb9e6fdd823ec20d7bb9886222ba1b5a.ctex[39m[0m
[  47% ] [90m[1msavepack[22m | 正在保存文件：res://recourse/数据库/异画与重复/v0.12/转世「一条归桥」__spell-fdn-064.jpg.import[39m[0m
[  47% ] [90m[1msavepack[22m | 正在保存文件：res://.godot/imported/连接海与山的月之公主「绵月丰姬」__character-htk-004.jpg-2085ea36628b167b3f084342f90c2e0f.ctex[39m[0m
[  47% ] [90m[1msavepack[22m | 正在保存文件：res://recourse/数据库/异画与重复/v0.12/连接海与山的月之公主「绵月丰姬」__character-htk-004.jpg.import[39m[0m
[  47% ] [90m[1msavepack[22m | 正在保存文件：res://.godot/imported/雾ノ湖__field-lof-012.jpg-df519ec484288f22ec4259c9f48b196d.ctex[39m[0m
[  47% ] [90m[1msavepack[22m | 正在保存文件：res://recourse/数据库/异画与重复/v0.12/雾ノ湖__field-lof-012.jpg.import[39m[0m
[  47% ] [90m[1msavepack[22m | 正在保存文件：res://.godot/imported/非想「非想非非想ノ剑」__spell-fdn-073.jpg-25fe0b3510e890b5dbf1aa8b19d68783.ctex[39m[0m
[  47% ] [90m[1msavepack[22m | 正在保存文件：res://recourse/数据库/异画与重复/v0.12/非想「非想非非想ノ剑」__spell-fdn-073.jpg.import[39m[0m
[  47% ] [90m[1msavepack[22m | 正在保存文件：res://.godot/imported/香霖堂的谜之妖怪「朱鹭子」__character-htk-ex.jpg-5ac1e45d8729153a4279e979e404b2cd.ctex[39m[0m
[  47% ] [90m[1msavepack[22m | 正在保存文件：res://recourse/数据库/异画与重复/v0.12/香霖堂的谜之妖怪「朱鹭子」__character-htk-ex.jpg.import[39m[0m
[  47% ] [90m[1msavepack[22m | 正在保存文件：res://.godot/imported/龙宫使者__character-htk-010.jpg-5b02790b84a3916359bbb283cf63cba3.ctex[39m[0m
[  47% ] [90m[1msavepack[22m | 正在保存文件：res://recourse/数据库/异画与重复/v0.12/龙宫使者__character-htk-010.jpg.import[39m[0m
[  47% ] [90m[1msavepack[22m | 正在保存文件：res://.godot/imported/「Hell's Tokamak」.jpg-9955b18062ee87845792a29b5957cf79.ctex[39m[0m
[  47% ] [90m[1msavepack[22m | 正在保存文件：res://recourse/数据库/异画与重复/v0.13/「Hell's Tokamak」.jpg.import[39m[0m
[  47% ] [90m[1msavepack[22m | 正在保存文件：res://.godot/imported/「万华ノ镜」__spell-soi-105.jpg-3962c33c7309f504cdba8ece319ae7a5.ctex[39m[0m
[  47% ] [90m[1msavepack[22m | 正在保存文件：res://recourse/数据库/异画与重复/v0.13/「万华ノ镜」__spell-soi-105.jpg.import[39m[0m
[  47% ] [90m[1msavepack[22m | 正在保存文件：res://.godot/imported/「不明ノ正体」__spell-soi-145.jpg-f011234fea3c90b4652354a745e6b0ba.ctex[39m[0m
[  47% ] [90m[1msavepack[22m | 正在保存文件：res://recourse/数据库/异画与重复/v0.13/「不明ノ正体」__spell-soi-145.jpg.import[39m[0m
[  47% ] [90m[1msavepack[22m | 正在保存文件：res://.godot/imported/「九天ノ瀑布」__spell-soi-132.jpg-4081ee793581b84931c48ab2c1457cd9.ctex[39m[0m
[  47% ] [90m[1msavepack[22m | 正在保存文件：res://recourse/数据库/异画与重复/v0.13/「九天ノ瀑布」__spell-soi-132.jpg.import[39m[0m
[  47% ] [90m[1msavepack[22m | 正在保存文件：res://.godot/imported/「今昔ノ花」__spell-soi-154.jpg-8aa0b7724981ef230ebd0fb3327b2784.ctex[39m[0m
[  47% ] [90m[1msavepack[22m | 正在保存文件：res://recourse/数据库/异画与重复/v0.13/「今昔ノ花」__spell-soi-154.jpg.import[39m[0m
[  47% ] [90m[1msavepack[22m | 正在保存文件：res://.godot/imported/「出鞘」__spell-soi-147.jpg-b38cdcc24f5fe64e62b1dd813daedb66.ctex[39m[0m
[  47% ] [90m[1msavepack[22m | 正在保存文件：res://recourse/数据库/异画与重复/v0.13/「出鞘」__spell-soi-147.jpg.import[39m[0m
[  47% ] [90m[1msavepack[22m | 正在保存文件：res://.godot/imported/「反魂蝶」.jpg-40672213dccfbba18fdbb00927c51f78.ctex[39m[0m
[  47% ] [90m[1msavepack[22m | 正在保存文件：res://recourse/数据库/异画与重复/v0.13/「反魂蝶」.jpg.import[39m[0m
[  48% ] [90m[1msavepack[22m | 正在保存文件：res://.godot/imported/「境界」__spell-soi-118.jpg-059e85313ad96a2f7983ad555d937fa6.ctex[39m[0m
[  48% ] [90m[1msavepack[22m | 正在保存文件：res://recourse/数据库/异画与重复/v0.13/「境界」__spell-soi-118.jpg.import[39m[0m
[  48% ] [90m[1msavepack[22m | 正在保存文件：res://.godot/imported/「夜ノ蝶」__spell-soi-141.jpg-b83aa085c8d6706599d9950a60a42097.ctex[39m[0m
[  48% ] [90m[1msavepack[22m | 正在保存文件：res://recourse/数据库/异画与重复/v0.13/「夜ノ蝶」__spell-soi-141.jpg.import[39m[0m
[  48% ] [90m[1msavepack[22m | 正在保存文件：res://.godot/imported/「天ノ磐舟」__spell-soi-142.jpg-3f8688786058315a3872fdbc0baa57f8.ctex[39m[0m
[  48% ] [90m[1msavepack[22m | 正在保存文件：res://recourse/数据库/异画与重复/v0.13/「天ノ磐舟」__spell-soi-142.jpg.import[39m[0m
[  48% ] [90m[1msavepack[22m | 正在保存文件：res://.godot/imported/「天ノ羽衣」__spell-soi-144.jpg-98e4b27aa57fb2816186df39444d1998.ctex[39m[0m
[  48% ] [90m[1msavepack[22m | 正在保存文件：res://recourse/数据库/异画与重复/v0.13/「天ノ羽衣」__spell-soi-144.jpg.import[39m[0m
[  48% ] [90m[1msavepack[22m | 正在保存文件：res://.godot/imported/「天狗ノ晴岚」__spell-soi-101.jpg-96d336f06283865874039dbb313b7abf.ctex[39m[0m
[  48% ] [90m[1msavepack[22m | 正在保存文件：res://recourse/数据库/异画与重复/v0.13/「天狗ノ晴岚」__spell-soi-101.jpg.import[39m[0m
[  48% ] [90m[1msavepack[22m | 正在保存文件：res://.godot/imported/「天狗ノ防御」__spell-soi-127.jpg-8476e9bbf772c613d49dfdcca07b4877.ctex[39m[0m
[  48% ] [90m[1msavepack[22m | 正在保存文件：res://recourse/数据库/异画与重复/v0.13/「天狗ノ防御」__spell-soi-127.jpg.import[39m[0m
[  48% ] [90m[1msavepack[22m | 正在保存文件：res://.godot/imported/「天界ノ蜜桃」__spell-soi-128.jpg-11f1ee89cbcf8ca4cae474e0bcb23947.ctex[39m[0m
[  48% ] [90m[1msavepack[22m | 正在保存文件：res://recourse/数据库/异画与重复/v0.13/「天界ノ蜜桃」__spell-soi-128.jpg.import[39m[0m
[  48% ] [90m[1msavepack[22m | 正在保存文件：res://.godot/imported/「太阳ノ花田」__spell-soi-120.jpg-eb99c862b42822743b813c0195e526c5.ctex[39m[0m
[  48% ] [90m[1msavepack[22m | 正在保存文件：res://recourse/数据库/异画与重复/v0.13/「太阳ノ花田」__spell-soi-120.jpg.import[39m[0m
[  48% ] [90m[1msavepack[22m | 正在保存文件：res://.godot/imported/「妖恋谈」.jpg-3698ec2d03083da2fe895939e2a61758.ctex[39m[0m
[  48% ] [90m[1msavepack[22m | 正在保存文件：res://recourse/数据库/异画与重复/v0.13/「妖恋谈」.jpg.import[39m[0m
[  48% ] [90m[1msavepack[22m | 正在保存文件：res://.godot/imported/「妖精ノ嬉游」__spell-soi-100.jpg-4e614554fadecd53ce59779fa9859b42.ctex[39m[0m
[  48% ] [90m[1msavepack[22m | 正在保存文件：res://recourse/数据库/异画与重复/v0.13/「妖精ノ嬉游」__spell-soi-100.jpg.import[39m[0m
[  48% ] [90m[1msavepack[22m | 正在保存文件：res://.godot/imported/「妖精ノ祭典」__spell-soi-160.jpg-7c5613b3f8210042c212d3a63beae757.ctex[39m[0m
[  48% ] [90m[1msavepack[22m | 正在保存文件：res://recourse/数据库/异画与重复/v0.13/「妖精ノ祭典」__spell-soi-160.jpg.import[39m[0m
[  48% ] [90m[1msavepack[22m | 正在保存文件：res://.godot/imported/「妖魔书」__item-soi-097.jpg-13bee1fe22736e06e277c322034c7bf1.ctex[39m[0m
[  48% ] [90m[1msavepack[22m | 正在保存文件：res://recourse/数据库/异画与重复/v0.13/「妖魔书」__item-soi-097.jpg.import[39m[0m
[  48% ] [90m[1msavepack[22m | 正在保存文件：res://.godot/imported/「审ノ视」__spell-soi-146.jpg-4cb937b075d34eeb38b3b6b0b6f86c1c.ctex[39m[0m
[  48% ] [90m[1msavepack[22m | 正在保存文件：res://recourse/数据库/异画与重复/v0.13/「审ノ视」__spell-soi-146.jpg.import[39m[0m
[  49% ] [90m[1msavepack[22m | 正在保存文件：res://.godot/imported/「宵暗ノ翼」__spell-soi-135.jpg-757362564f5719cfb3174bcc18bb6990.ctex[39m[0m
[  49% ] [90m[1msavepack[22m | 正在保存文件：res://recourse/数据库/异画与重复/v0.13/「宵暗ノ翼」__spell-soi-135.jpg.import[39m[0m
[  49% ] [90m[1msavepack[22m | 正在保存文件：res://.godot/imported/「常夜ノ樱」__spell-soi-121.jpg-a2dde305f0b2cf037eb9634ecfdb63cd.ctex[39m[0m
[  49% ] [90m[1msavepack[22m | 正在保存文件：res://recourse/数据库/异画与重复/v0.13/「常夜ノ樱」__spell-soi-121.jpg.import[39m[0m
[  49% ] [90m[1msavepack[22m | 正在保存文件：res://.godot/imported/「幻想ノ灵火」.jpg-703524d0e000c7072a49b04b657dd963.ctex[39m[0m
[  49% ] [90m[1msavepack[22m | 正在保存文件：res://recourse/数据库/异画与重复/v0.13/「幻想ノ灵火」.jpg.import[39m[0m
[  49% ] [90m[1msavepack[22m | 正在保存文件：res://.godot/imported/「幻想风靡」.jpg-e64c119b0862bd5a17cf267ddf7c83d1.ctex[39m[0m
[  49% ] [90m[1msavepack[22m | 正在保存文件：res://recourse/数据库/异画与重复/v0.13/「幻想风靡」.jpg.import[39m[0m
[  49% ] [90m[1msavepack[22m | 正在保存文件：res://.godot/imported/「幽冥境」.jpg-ad016236590a72b6b76f24041bac9a8b.ctex[39m[0m
[  49% ] [90m[1msavepack[22m | 正在保存文件：res://recourse/数据库/异画与重复/v0.13/「幽冥境」.jpg.import[39m[0m
[  49% ] [90m[1msavepack[22m | 正在保存文件：res://.godot/imported/「幽幽子的折扇」__item-soi-101.jpg-b23dd73c11270f9dab6a152495f2b9d8.ctex[39m[0m
[  49% ] [90m[1msavepack[22m | 正在保存文件：res://recourse/数据库/异画与重复/v0.13/「幽幽子的折扇」__item-soi-101.jpg.import[39m[0m
[  49% ] [90m[1msavepack[22m | 正在保存文件：res://.godot/imported/「废墟ノ梦」.jpg-85686e200132b5ca03638cadf9069c93.ctex[39m[0m
[  49% ] [90m[1msavepack[22m | 正在保存文件：res://recourse/数据库/异画与重复/v0.13/「废墟ノ梦」.jpg.import[39m[0m
[  49% ] [90m[1msavepack[22m | 正在保存文件：res://.godot/imported/「异星弹幕ノ空」__spell-soi-181.jpg-cc02930aff40c061bd459353b2dc3cf1.ctex[39m[0m
[  49% ] [90m[1msavepack[22m | 正在保存文件：res://recourse/数据库/异画与重复/v0.13/「异星弹幕ノ空」__spell-soi-181.jpg.import[39m[0m
[  49% ] [90m[1msavepack[22m | 正在保存文件：res://.godot/imported/「彼岸ノ神想」__spell-soi-109.jpg-d40e1311d3b1fe02672ec5cc522eae8c.ctex[39m[0m
[  49% ] [90m[1msavepack[22m | 正在保存文件：res://recourse/数据库/异画与重复/v0.13/「彼岸ノ神想」__spell-soi-109.jpg.import[39m[0m
[  49% ] [90m[1msavepack[22m | 正在保存文件：res://.godot/imported/「无意识ノ雨」__spell-soi-153.jpg-a38300c087bd9ae947f796071bd0a490.ctex[39m[0m
[  49% ] [90m[1msavepack[22m | 正在保存文件：res://recourse/数据库/异画与重复/v0.13/「无意识ノ雨」__spell-soi-153.jpg.import[39m[0m
[  49% ] [90m[1msavepack[22m | 正在保存文件：res://.godot/imported/「早苗的御币」__item-soi-099.jpg-ab3d3bb476d31d0a73e74e8fe20c4d9c.ctex[39m[0m
[  49% ] [90m[1msavepack[22m | 正在保存文件：res://recourse/数据库/异画与重复/v0.13/「早苗的御币」__item-soi-099.jpg.import[39m[0m
[  49% ] [90m[1msavepack[22m | 正在保存文件：res://.godot/imported/「春」__spell-soi-111.jpg-ac4f3bbe062d15afa7d64eba3a81d723.ctex[39m[0m
[  49% ] [90m[1msavepack[22m | 正在保存文件：res://recourse/数据库/异画与重复/v0.13/「春」__spell-soi-111.jpg.import[39m[0m
[  49% ] [90m[1msavepack[22m | 正在保存文件：res://.godot/imported/「极光」__spell-soi-149.jpg-39df5d40a1acd6289da0a034231505f3.ctex[39m[0m
[  49% ] [90m[1msavepack[22m | 正在保存文件：res://recourse/数据库/异画与重复/v0.13/「极光」__spell-soi-149.jpg.import[39m[0m
[  50% ] [90m[1msavepack[22m | 正在保存文件：res://.godot/imported/「樱华ノ月」__spell-soi-099.jpg-c6ad1806a9fd616079fe7e74fb258de5.ctex[39m[0m
[  50% ] [90m[1msavepack[22m | 正在保存文件：res://recourse/数据库/异画与重复/v0.13/「樱华ノ月」__spell-soi-099.jpg.import[39m[0m
[  50% ] [90m[1msavepack[22m | 正在保存文件：res://.godot/imported/「正义宝塔ノ光」__spell-soi-182.jpg-7bd6df158b397e70b3b4bf6de45804b6.ctex[39m[0m
[  50% ] [90m[1msavepack[22m | 正在保存文件：res://recourse/数据库/异画与重复/v0.13/「正义宝塔ノ光」__spell-soi-182.jpg.import[39m[0m
[  50% ] [90m[1msavepack[22m | 正在保存文件：res://.godot/imported/「永夜归返-子ノ刻-」__spell-soi-164.jpg-a2d67987bd23ceeccd31d5b3014afd5e.ctex[39m[0m
[  50% ] [90m[1msavepack[22m | 正在保存文件：res://recourse/数据库/异画与重复/v0.13/「永夜归返-子ノ刻-」__spell-soi-164.jpg.import[39m[0m
[  50% ] [90m[1msavepack[22m | 正在保存文件：res://.godot/imported/「永夜蛰居」__spell-soi-136.jpg-748c71a9d1815efa2dc7e650ecb95a5a.ctex[39m[0m
[  50% ] [90m[1msavepack[22m | 正在保存文件：res://recourse/数据库/异画与重复/v0.13/「永夜蛰居」__spell-soi-136.jpg.import[39m[0m
[  50% ] [90m[1msavepack[22m | 正在保存文件：res://.godot/imported/「活动记录」__spell-soi-116.jpg-bb8f8b7a274c776f0d916d7b1a2182a7.ctex[39m[0m
[  50% ] [90m[1msavepack[22m | 正在保存文件：res://recourse/数据库/异画与重复/v0.13/「活动记录」__spell-soi-116.jpg.import[39m[0m
[  50% ] [90m[1msavepack[22m | 正在保存文件：res://.godot/imported/「深红ノ进击」__spell-soi-150.jpg-1b0870fbe4b43d47e70d4b69c425c7c4.ctex[39m[0m
[  50% ] [90m[1msavepack[22m | 正在保存文件：res://recourse/数据库/异画与重复/v0.13/「深红ノ进击」__spell-soi-150.jpg.import[39m[0m
[  50% ] [90m[1msavepack[22m | 正在保存文件：res://.godot/imported/「游行圣」__spell-soi-165.jpg-3f2cc0f7acbd96fc7ce4398b66743ea2.ctex[39m[0m
[  50% ] [90m[1msavepack[22m | 正在保存文件：res://recourse/数据库/异画与重复/v0.13/「游行圣」__spell-soi-165.jpg.import[39m[0m
[  50% ] [90m[1msavepack[22m | 正在保存文件：res://.godot/imported/「湖上」__spell-soi-131.jpg-19e92e832d90ecbb23e33624c1a7f39e.ctex[39m[0m
[  50% ] [90m[1msavepack[22m | 正在保存文件：res://recourse/数据库/异画与重复/v0.13/「湖上」__spell-soi-131.jpg.import[39m[0m
[  50% ] [90m[1msavepack[22m | 正在保存文件：res://.godot/imported/「甜蜜时刻」__spell-soi-115.jpg-b55c688a17e4379350ec4376613af504.ctex[39m[0m
[  50% ] [90m[1msavepack[22m | 正在保存文件：res://recourse/数据库/异画与重复/v0.13/「甜蜜时刻」__spell-soi-115.jpg.import[39m[0m
[  50% ] [90m[1msavepack[22m | 正在保存文件：res://.godot/imported/「百万鬼夜行」.jpg-c7b4617589c00248c0bbbb585a9612df.ctex[39m[0m
[  50% ] [90m[1msavepack[22m | 正在保存文件：res://recourse/数据库/异画与重复/v0.13/「百万鬼夜行」.jpg.import[39m[0m
[  50% ] [90m[1msavepack[22m | 正在保存文件：res://.godot/imported/「神ノ风」__spell-soi-140.jpg-8e49aad2c13f16003a763c12f4dd8564.ctex[39m[0m
[  50% ] [90m[1msavepack[22m | 正在保存文件：res://recourse/数据库/异画与重复/v0.13/「神ノ风」__spell-soi-140.jpg.import[39m[0m
[  50% ] [90m[1msavepack[22m | 正在保存文件：res://.godot/imported/「神游」__spell-soi-137.jpg-3dcff4969d33435ad53970f88139c16b.ctex[39m[0m
[  50% ] [90m[1msavepack[22m | 正在保存文件：res://recourse/数据库/异画与重复/v0.13/「神游」__spell-soi-137.jpg.import[39m[0m
[  50% ] [90m[1msavepack[22m | 正在保存文件：res://.godot/imported/「秋」__spell-soi-148.jpg-02485f48759bd4dcf1a144450e896a97.ctex[39m[0m
[  50% ] [90m[1msavepack[22m | 正在保存文件：res://recourse/数据库/异画与重复/v0.13/「秋」__spell-soi-148.jpg.import[39m[0m
[  50% ] [90m[1msavepack[22m | 正在保存文件：res://.godot/imported/「秋意ノ溪」__spell-soi-097.jpg-1cd722ed232dc81f2c7afe2fa1c790c2.ctex[39m[0m
[  50% ] [90m[1msavepack[22m | 正在保存文件：res://recourse/数据库/异画与重复/v0.13/「秋意ノ溪」__spell-soi-097.jpg.import[39m[0m
[  51% ] [90m[1msavepack[22m | 正在保存文件：res://.godot/imported/「秘神ノ门扉」__spell-soi-155.jpg-026758c6acb846f065e34980f4a3b02b.ctex[39m[0m
[  51% ] [90m[1msavepack[22m | 正在保存文件：res://recourse/数据库/异画与重复/v0.13/「秘神ノ门扉」__spell-soi-155.jpg.import[39m[0m
[  51% ] [90m[1msavepack[22m | 正在保存文件：res://.godot/imported/「稻田姬ノ秋」__spell-soi-110.jpg-54dcc4a49912c452ead28f1e0795c9cb.ctex[39m[0m
[  51% ] [90m[1msavepack[22m | 正在保存文件：res://recourse/数据库/异画与重复/v0.13/「稻田姬ノ秋」__spell-soi-110.jpg.import[39m[0m
[  51% ] [90m[1msavepack[22m | 正在保存文件：res://.godot/imported/「缘起ノ幻想乡」__spell-soi-114.jpg-4b8fcdf994dbf3c65aaeb0f9cf89abc2.ctex[39m[0m
[  51% ] [90m[1msavepack[22m | 正在保存文件：res://recourse/数据库/异画与重复/v0.13/「缘起ノ幻想乡」__spell-soi-114.jpg.import[39m[0m
[  51% ] [90m[1msavepack[22m | 正在保存文件：res://.godot/imported/「背德ノ吸血鬼」.jpg-d3361e613715f2c58cfe0f441f4144fd.ctex[39m[0m
[  51% ] [90m[1msavepack[22m | 正在保存文件：res://recourse/数据库/异画与重复/v0.13/「背德ノ吸血鬼」.jpg.import[39m[0m
[  51% ] [90m[1msavepack[22m | 正在保存文件：res://.godot/imported/「花ノ幻想」__spell-soi-152.jpg-62a56bfe6393d7b80eb4453aeda6c56e.ctex[39m[0m
[  51% ] [90m[1msavepack[22m | 正在保存文件：res://recourse/数据库/异画与重复/v0.13/「花ノ幻想」__spell-soi-152.jpg.import[39m[0m
[  51% ] [90m[1msavepack[22m | 正在保存文件：res://.godot/imported/「萤火ノ天」__spell-soi-106.jpg-c6a0dcc71d729caa38350b97f22b3ef2.ctex[39m[0m
[  51% ] [90m[1msavepack[22m | 正在保存文件：res://recourse/数据库/异画与重复/v0.13/「萤火ノ天」__spell-soi-106.jpg.import[39m[0m
[  51% ] [90m[1msavepack[22m | 正在保存文件：res://.godot/imported/「萤燈ノ森」__spell-soi-168.jpg-9b4430f1f6b5d544d1c1f21a92160295.ctex[39m[0m
[  51% ] [90m[1msavepack[22m | 正在保存文件：res://recourse/数据库/异画与重复/v0.13/「萤燈ノ森」__spell-soi-168.jpg.import[39m[0m
[  51% ] [90m[1msavepack[22m | 正在保存文件：res://.godot/imported/「蕾米莉亚的烛台」__item-soi-098.jpg-66526d5ddec77ea9b95eb0124b90ef5d.ctex[39m[0m
[  51% ] [90m[1msavepack[22m | 正在保存文件：res://recourse/数据库/异画与重复/v0.13/「蕾米莉亚的烛台」__item-soi-098.jpg.import[39m[0m
[  51% ] [90m[1msavepack[22m | 正在保存文件：res://.godot/imported/「静空」__spell-soi-151.jpg-ba719613b7d70128ec5ac7fc56494525.ctex[39m[0m
[  51% ] [90m[1msavepack[22m | 正在保存文件：res://recourse/数据库/异画与重复/v0.13/「静空」__spell-soi-151.jpg.import[39m[0m
[  51% ] [90m[1msavepack[22m | 正在保存文件：res://.godot/imported/「风神的神德」__spell-soi-156.jpg-77a999cfe4ca050448aae20ec9395645.ctex[39m[0m
[  51% ] [90m[1msavepack[22m | 正在保存文件：res://recourse/数据库/异画与重复/v0.13/「风神的神德」__spell-soi-156.jpg.import[39m[0m
[  51% ] [90m[1msavepack[22m | 正在保存文件：res://.godot/imported/「魔理沙的元素瓶」__item-soi-100.jpg-f92d007a7b1e3722017fc8b87dbcc948.ctex[39m[0m
[  51% ] [90m[1msavepack[22m | 正在保存文件：res://recourse/数据库/异画与重复/v0.13/「魔理沙的元素瓶」__item-soi-100.jpg.import[39m[0m
[  51% ] [90m[1msavepack[22m | 正在保存文件：res://.godot/imported/七曜魔法使「帕秋莉·诺蕾姬」__character-soi-083.jpg-f8582b15210c553f837e29d7422ca67e.ctex[39m[0m
[  51% ] [90m[1msavepack[22m | 正在保存文件：res://recourse/数据库/异画与重复/v0.13/七曜魔法使「帕秋莉·诺蕾姬」__character-soi-083.jpg.import[39m[0m
[  51% ] [90m[1msavepack[22m | 正在保存文件：res://.godot/imported/七色的人偶使「爱丽丝·玛格特洛依德」__character-soi-079.jpg-1c9e6a6fe6e4d5c17c3f318a0d1785eb.ctex[39m[0m
[  51% ] [90m[1msavepack[22m | 正在保存文件：res://recourse/数据库/异画与重复/v0.13/七色的人偶使「爱丽丝·玛格特洛依德」__character-soi-079.jpg.import[39m[0m
[  52% ] [90m[1msavepack[22m | 正在保存文件：res://.godot/imported/三月精「斯塔·萨菲雅」__character-soi-005.jpg-28a9ce36efb93fede1d79dc7d255c20b.ctex[39m[0m
[  52% ] [90m[1msavepack[22m | 正在保存文件：res://recourse/数据库/异画与重复/v0.13/三月精「斯塔·萨菲雅」__character-soi-005.jpg.import[39m[0m
[  52% ] [90m[1msavepack[22m | 正在保存文件：res://.godot/imported/三途川之引渡人「小野冢小町」__character-soi-028.jpg-c26539eca60540e69a3cb3d7dc1abe08.ctex[39m[0m
[  52% ] [90m[1msavepack[22m | 正在保存文件：res://recourse/数据库/异画与重复/v0.13/三途川之引渡人「小野冢小町」__character-soi-028.jpg.import[39m[0m
[  52% ] [90m[1msavepack[22m | 正在保存文件：res://.godot/imported/上海人偶__character-soi-010.jpg-56d9adfd75a48816d076ab13776f22e6.ctex[39m[0m
[  52% ] [90m[1msavepack[22m | 正在保存文件：res://recourse/数据库/异画与重复/v0.13/上海人偶__character-soi-010.jpg.import[39m[0m
[  52% ] [90m[1msavepack[22m | 正在保存文件：res://.godot/imported/丰收之秋「秋穰子」__character-soi-012.jpg-8b91c3758ada85e8d31af517c3fd3d3a.ctex[39m[0m
[  52% ] [90m[1msavepack[22m | 正在保存文件：res://recourse/数据库/异画与重复/v0.13/丰收之秋「秋穰子」__character-soi-012.jpg.import[39m[0m
[  52% ] [90m[1msavepack[22m | 正在保存文件：res://.godot/imported/乐园的可爱巫女「博丽灵梦」__character-soi-071.jpg-854053069aaa708d9bc4dd0bea953842.ctex[39m[0m
[  52% ] [90m[1msavepack[22m | 正在保存文件：res://recourse/数据库/异画与重复/v0.13/乐园的可爱巫女「博丽灵梦」__character-soi-071.jpg.import[39m[0m
[  52% ] [90m[1msavepack[22m | 正在保存文件：res://.godot/imported/二百由旬之一闪「魂魄妖梦」__character-soi-089.jpg-29f9ba5ee9576ee9162ea065ae659764.ctex[39m[0m
[  52% ] [90m[1msavepack[22m | 正在保存文件：res://recourse/数据库/异画与重复/v0.13/二百由旬之一闪「魂魄妖梦」__character-soi-089.jpg.import[39m[0m
[  52% ] [90m[1msavepack[22m | 正在保存文件：res://.godot/imported/仲夏的妖精「爱塔妮缇拉尔瓦」__character-soi-002.jpg-b0da57918e5ff47cd90687846b25de03.ctex[39m[0m
[  52% ] [90m[1msavepack[22m | 正在保存文件：res://recourse/数据库/异画与重复/v0.13/仲夏的妖精「爱塔妮缇拉尔瓦」__character-soi-002.jpg.import[39m[0m
[  52% ] [90m[1msavepack[22m | 正在保存文件：res://.godot/imported/八坂的神风「八坂神奈子」__character-soi-084.jpg-0cf79829b4102a8af782359791d49785.ctex[39m[0m
[  52% ] [90m[1msavepack[22m | 正在保存文件：res://recourse/数据库/异画与重复/v0.13/八坂的神风「八坂神奈子」__character-soi-084.jpg.import[39m[0m
[  52% ] [90m[1msavepack[22m | 正在保存文件：res://.godot/imported/冬之妖怪「蕾蒂·霍瓦特洛克」__character-soi-014.jpg-a7604426d1aa1d3686aec9653f1de8b3.ctex[39m[0m
[  52% ] [90m[1msavepack[22m | 正在保存文件：res://recourse/数据库/异画与重复/v0.13/冬之妖怪「蕾蒂·霍瓦特洛克」__character-soi-014.jpg.import[39m[0m
[  52% ] [90m[1msavepack[22m | 正在保存文件：res://.godot/imported/冻符「完美冻结」__spell-soi-161.jpg-c95515ae20bbfba3052c4659f801846b.ctex[39m[0m
[  52% ] [90m[1msavepack[22m | 正在保存文件：res://recourse/数据库/异画与重复/v0.13/冻符「完美冻结」__spell-soi-161.jpg.import[39m[0m
[  52% ] [90m[1msavepack[22m | 正在保存文件：res://.godot/imported/刚欲同盟盟主「饕餮尤魔」.jpg-5b5774d99739b34c2b49d84976262e8b.ctex[39m[0m
[  52% ] [90m[1msavepack[22m | 正在保存文件：res://recourse/数据库/异画与重复/v0.13/刚欲同盟盟主「饕餮尤魔」.jpg.import[39m[0m
[  52% ] [90m[1msavepack[22m | 正在保存文件：res://.godot/imported/华胥的亡灵「西行寺幽幽子」__character-soi-072.jpg-79fc8d64001eedab0eed96ff2e30f246.ctex[39m[0m
[  52% ] [90m[1msavepack[22m | 正在保存文件：res://recourse/数据库/异画与重复/v0.13/华胥的亡灵「西行寺幽幽子」__character-soi-072.jpg.import[39m[0m
[  52% ] [90m[1msavepack[22m | 正在保存文件：res://.godot/imported/博丽神社__field-soi-103.jpg-ba3f85922a94c462acc0aa7c9794e6ff.ctex[39m[0m
[  52% ] [90m[1msavepack[22m | 正在保存文件：res://recourse/数据库/异画与重复/v0.13/博丽神社__field-soi-103.jpg.import[39m[0m
[  52% ] [90m[1msavepack[22m | 正在保存文件：res://.godot/imported/可怕的波动「芙兰朵露·斯卡蕾特」__character-soi-008.jpg-4d84e3b7b73ad9f8b123a279f64e8832.ctex[39m[0m
[  52% ] [90m[1msavepack[22m | 正在保存文件：res://recourse/数据库/异画与重复/v0.13/可怕的波动「芙兰朵露·斯卡蕾特」__character-soi-008.jpg.import[39m[0m
[  53% ] [90m[1msavepack[22m | 正在保存文件：res://.godot/imported/吞噬历史的半兽「上白泽慧音」__character-soi-073.jpg-03669913f605d9ea5ae53be9af1e37e8.ctex[39m[0m
[  53% ] [90m[1msavepack[22m | 正在保存文件：res://recourse/数据库/异画与重复/v0.13/吞噬历史的半兽「上白泽慧音」__character-soi-073.jpg.import[39m[0m
[  53% ] [90m[1msavepack[22m | 正在保存文件：res://.godot/imported/四季鲜花之主「风见幽香」__character-soi-088.jpg-0a3c0b9beb502616b5d96af4cc06b1b5.ctex[39m[0m
[  53% ] [90m[1msavepack[22m | 正在保存文件：res://recourse/数据库/异画与重复/v0.13/四季鲜花之主「风见幽香」__character-soi-088.jpg.import[39m[0m
[  53% ] [90m[1msavepack[22m | 正在保存文件：res://.godot/imported/回声山彦「幽谷响子」__character-soi-068.jpg-4afed2ad5f747dd37e31cb8f13f43f0a.ctex[39m[0m
[  53% ] [90m[1msavepack[22m | 正在保存文件：res://recourse/数据库/异画与重复/v0.13/回声山彦「幽谷响子」__character-soi-068.jpg.import[39m[0m
[  53% ] [90m[1msavepack[22m | 正在保存文件：res://.godot/imported/土著神「小小青蛙不输风雨」__spell-soi-157.jpg-83157d9109a6b9e9c9a1ad7aa096ebff.ctex[39m[0m
[  53% ] [90m[1msavepack[22m | 正在保存文件：res://recourse/数据库/异画与重复/v0.13/土著神「小小青蛙不输风雨」__spell-soi-157.jpg.import[39m[0m
[  53% ] [90m[1msavepack[22m | 正在保存文件：res://.godot/imported/土著神之顶「洩矢诹访子」__character-soi-095.jpg-c8a5836c0183a5c22e8ed391983bf5b9.ctex[39m[0m
[  53% ] [90m[1msavepack[22m | 正在保存文件：res://recourse/数据库/异画与重复/v0.13/土著神之顶「洩矢诹访子」__character-soi-095.jpg.import[39m[0m
[  53% ] [90m[1msavepack[22m | 正在保存文件：res://.godot/imported/地壳下的嫉妒心「水桥帕露西」__character-soi-025.jpg-cfd5a71313711b03ca5b0923e0cc3547.ctex[39m[0m
[  53% ] [90m[1msavepack[22m | 正在保存文件：res://recourse/数据库/异画与重复/v0.13/地壳下的嫉妒心「水桥帕露西」__character-soi-025.jpg.import[39m[0m
[  53% ] [90m[1msavepack[22m | 正在保存文件：res://.godot/imported/地底的太阳「灵乌路空」__character-soi-080.jpg-0f0087057fbe1a9c3b9fc5d3941b96fd.ctex[39m[0m
[  53% ] [90m[1msavepack[22m | 正在保存文件：res://recourse/数据库/异画与重复/v0.13/地底的太阳「灵乌路空」__character-soi-080.jpg.import[39m[0m
[  53% ] [90m[1msavepack[22m | 正在保存文件：res://.godot/imported/地狱的妖精「克劳恩皮丝」__character-soi-036.jpg-dc1538401b63c1a56c71f9a515d0c852.ctex[39m[0m
[  53% ] [90m[1msavepack[22m | 正在保存文件：res://recourse/数据库/异画与重复/v0.13/地狱的妖精「克劳恩皮丝」__character-soi-036.jpg.import[39m[0m
[  53% ] [90m[1msavepack[22m | 正在保存文件：res://.godot/imported/地狱的最高裁判长「四季映姬」__character-soi-037.jpg-b55cb870dfc408bd3c9b354a3e95c9fa.ctex[39m[0m
[  53% ] [90m[1msavepack[22m | 正在保存文件：res://recourse/数据库/异画与重复/v0.13/地狱的最高裁判长「四季映姬」__character-soi-037.jpg.import[39m[0m
[  53% ] [90m[1msavepack[22m | 正在保存文件：res://.godot/imported/地狱的轮祸「火焰猫燐」__character-soi-093.jpg-f1aa76463e2f0240dac81535b80f1ac1.ctex[39m[0m
[  53% ] [90m[1msavepack[22m | 正在保存文件：res://recourse/数据库/异画与重复/v0.13/地狱的轮祸「火焰猫燐」__character-soi-093.jpg.import[39m[0m
[  53% ] [90m[1msavepack[22m | 正在保存文件：res://.godot/imported/埴轮泰坦.jpg-1ffaaa08c09b766a4a6f94f6c5317606.ctex[39m[0m
[  53% ] [90m[1msavepack[22m | 正在保存文件：res://recourse/数据库/异画与重复/v0.13/埴轮泰坦.jpg.import[39m[0m
[  53% ] [90m[1msavepack[22m | 正在保存文件：res://.godot/imported/夜雀「米斯蒂娅·萝蕾拉」__character-soi-024.jpg-f75f89e7bed70e1390b9344b3b0783d3.ctex[39m[0m
[  53% ] [90m[1msavepack[22m | 正在保存文件：res://recourse/数据库/异画与重复/v0.13/夜雀「米斯蒂娅·萝蕾拉」__character-soi-024.jpg.import[39m[0m
[  53% ] [90m[1msavepack[22m | 正在保存文件：res://.godot/imported/大地的守护神「比那名居天子」__character-soi-094.jpg-4c40a3b7f583cc2657af9d1a573a8648.ctex[39m[0m
[  53% ] [90m[1msavepack[22m | 正在保存文件：res://recourse/数据库/异画与重复/v0.13/大地的守护神「比那名居天子」__character-soi-094.jpg.import[39m[0m
[  54% ] [90m[1msavepack[22m | 正在保存文件：res://.godot/imported/大天狗.jpg-15f09db35db9128ea2f207ff14b8c708.ctex[39m[0m
[  54% ] [90m[1msavepack[22m | 正在保存文件：res://recourse/数据库/异画与重复/v0.13/大天狗.jpg.import[39m[0m
[  54% ] [90m[1msavepack[22m | 正在保存文件：res://.godot/imported/大妖精__character-soi-007.jpg-a9cdaa3eaea1d333f6d5cb1d2cd166c1.ctex[39m[0m
[  54% ] [90m[1msavepack[22m | 正在保存文件：res://recourse/数据库/异画与重复/v0.13/大妖精__character-soi-007.jpg.import[39m[0m
[  54% ] [90m[1msavepack[22m | 正在保存文件：res://.godot/imported/大海的正义「村纱水蜜」__character-soi-062.jpg-6fda9eeb4564b958cb47f36c83d689b8.ctex[39m[0m
[  54% ] [90m[1msavepack[22m | 正在保存文件：res://recourse/数据库/异画与重复/v0.13/大海的正义「村纱水蜜」__character-soi-062.jpg.import[39m[0m
[  54% ] [90m[1msavepack[22m | 正在保存文件：res://.godot/imported/天狗记者「射命丸文」__character-soi-020.jpg-53b514979162e601ee092d2eab026630.ctex[39m[0m
[  54% ] [90m[1msavepack[22m | 正在保存文件：res://recourse/数据库/异画与重复/v0.13/天狗记者「射命丸文」__character-soi-020.jpg.import[39m[0m
[  54% ] [90m[1msavepack[22m | 正在保存文件：res://.godot/imported/奇迹「白昼ノ客星」.jpg-360bcfc7a3c544e5f8bc0a0084081e67.ctex[39m[0m
[  54% ] [90m[1msavepack[22m | 正在保存文件：res://recourse/数据库/异画与重复/v0.13/奇迹「白昼ノ客星」.jpg.import[39m[0m
[  54% ] [90m[1msavepack[22m | 正在保存文件：res://.godot/imported/妖云「平安时代ノ黑云」.jpg-b5ccea2a74474c5a4d8a0914fdee9794.ctex[39m[0m
[  54% ] [90m[1msavepack[22m | 正在保存文件：res://recourse/数据库/异画与重复/v0.13/妖云「平安时代ノ黑云」.jpg.import[39m[0m
[  54% ] [90m[1msavepack[22m | 正在保存文件：res://.godot/imported/妖怪「火焰ノ车轮」__spell-soi-166.jpg-d8eede0e3f1550beae57dcd54d4125da.ctex[39m[0m
[  54% ] [90m[1msavepack[22m | 正在保存文件：res://recourse/数据库/异画与重复/v0.13/妖怪「火焰ノ车轮」__spell-soi-166.jpg.import[39m[0m
[  54% ] [90m[1msavepack[22m | 正在保存文件：res://.godot/imported/妖魔书.jpg-ab2bc4c645f8f925ef5ec47520e31daa.ctex[39m[0m
[  54% ] [90m[1msavepack[22m | 正在保存文件：res://recourse/数据库/异画与重复/v0.13/妖魔书.jpg.import[39m[0m
[  54% ] [90m[1msavepack[22m | 正在保存文件：res://.godot/imported/孤援的造型神「埴安神袿姬」__character-soi-047.jpg-2d1d04f42d20e83012805ce51734e06a.ctex[39m[0m
[  54% ] [90m[1msavepack[22m | 正在保存文件：res://recourse/数据库/异画与重复/v0.13/孤援的造型神「埴安神袿姬」__character-soi-047.jpg.import[39m[0m
[  54% ] [90m[1msavepack[22m | 正在保存文件：res://.godot/imported/宵暗的妖怪「露米娅」__character-soi-017.jpg-18ae9d380dff9f1b6c565396660852bc.ctex[39m[0m
[  54% ] [90m[1msavepack[22m | 正在保存文件：res://recourse/数据库/异画与重复/v0.13/宵暗的妖怪「露米娅」__character-soi-017.jpg.import[39m[0m
[  54% ] [90m[1msavepack[22m | 正在保存文件：res://.godot/imported/小号手「梅露兰·普莉兹姆利巴」__character-soi-032.jpg-6e70b7babc3c73f7c06075236715a7ea.ctex[39m[0m
[  54% ] [90m[1msavepack[22m | 正在保存文件：res://recourse/数据库/异画与重复/v0.13/小号手「梅露兰·普莉兹姆利巴」__character-soi-032.jpg.import[39m[0m
[  54% ] [90m[1msavepack[22m | 正在保存文件：res://.godot/imported/小恶魔__character-soi-016.jpg-102a76f5b2b48fab5ad640b9146bc4c0.ctex[39m[0m
[  54% ] [90m[1msavepack[22m | 正在保存文件：res://recourse/数据库/异画与重复/v0.13/小恶魔__character-soi-016.jpg.import[39m[0m
[  54% ] [90m[1msavepack[22m | 正在保存文件：res://.godot/imported/山童士兵__character-soi-055.jpg-b2b0c078867a26fba20100e10fd729c8.ctex[39m[0m
[  54% ] [90m[1msavepack[22m | 正在保存文件：res://recourse/数据库/异画与重复/v0.13/山童士兵__character-soi-055.jpg.import[39m[0m
[  55% ] [90m[1msavepack[22m | 正在保存文件：res://.godot/imported/巡秋而来「秋静叶」__character-soi-013.jpg-326294ef34797e5b882a14d8cb174e91.ctex[39m[0m
[  55% ] [90m[1msavepack[22m | 正在保存文件：res://recourse/数据库/异画与重复/v0.13/巡秋而来「秋静叶」__character-soi-013.jpg.import[39m[0m
[  55% ] [90m[1msavepack[22m | 正在保存文件：res://.godot/imported/幸运的白兔「因幡帝」__character-soi-022.jpg-2d8b4da5cd2f8d82b3d37032eef7ff7e.ctex[39m[0m
[  55% ] [90m[1msavepack[22m | 正在保存文件：res://recourse/数据库/异画与重复/v0.13/幸运的白兔「因幡帝」__character-soi-022.jpg.import[39m[0m
[  55% ] [90m[1msavepack[22m | 正在保存文件：res://.godot/imported/幻世「the world」__spell-soi-125.jpg-4945c852d175a1f3710c73245d411665.ctex[39m[0m
[  55% ] [90m[1msavepack[22m | 正在保存文件：res://recourse/数据库/异画与重复/v0.13/幻世「the world」__spell-soi-125.jpg.import[39m[0m
[  55% ] [90m[1msavepack[22m | 正在保存文件：res://.godot/imported/幻想「花鸟风月、啸风弄月」.jpg-aaf7dfed3384769ce6f51912fe1d6a01.ctex[39m[0m
[  55% ] [90m[1msavepack[22m | 正在保存文件：res://recourse/数据库/异画与重复/v0.13/幻想「花鸟风月、啸风弄月」.jpg.import[39m[0m
[  55% ] [90m[1msavepack[22m | 正在保存文件：res://.godot/imported/幻想乡的记忆「稗田阿求」__character-soi-046.jpg-ff3fad9a2b5cceef7d864da02ce75e79.ctex[39m[0m
[  55% ] [90m[1msavepack[22m | 正在保存文件：res://recourse/数据库/异画与重复/v0.13/幻想乡的记忆「稗田阿求」__character-soi-046.jpg.import[39m[0m
[  55% ] [90m[1msavepack[22m | 正在保存文件：res://.godot/imported/式神「八云蓝」__character-soi-026.jpg-b6a4629c008fd605a52a9e9ddf260ed4.ctex[39m[0m
[  55% ] [90m[1msavepack[22m | 正在保存文件：res://recourse/数据库/异画与重复/v0.13/式神「八云蓝」__character-soi-026.jpg.import[39m[0m
[  55% ] [90m[1msavepack[22m | 正在保存文件：res://.godot/imported/引雷的亡灵「苏我屠自古」__character-soi-040.jpg-c37543f1ce2850ca237d9ef5b9ca2c61.ctex[39m[0m
[  55% ] [90m[1msavepack[22m | 正在保存文件：res://recourse/数据库/异画与重复/v0.13/引雷的亡灵「苏我屠自古」__character-soi-040.jpg.import[39m[0m
[  55% ] [90m[1msavepack[22m | 正在保存文件：res://.godot/imported/心ノ箱__field-soi-106.jpg-220a5364e6dbc472fe946c36f5d2bbaf.ctex[39m[0m
[  55% ] [90m[1msavepack[22m | 正在保存文件：res://recourse/数据库/异画与重复/v0.13/心ノ箱__field-soi-106.jpg.import[39m[0m
[  55% ] [90m[1msavepack[22m | 正在保存文件：res://.godot/imported/忠诚的死体「宫古芳香」__character-soi-063.jpg-e646db0b38b1a54fc683b06a3a6c40e3.ctex[39m[0m
[  55% ] [90m[1msavepack[22m | 正在保存文件：res://recourse/数据库/异画与重复/v0.13/忠诚的死体「宫古芳香」__character-soi-063.jpg.import[39m[0m
[  55% ] [90m[1msavepack[22m | 正在保存文件：res://.godot/imported/念写记者「姬海棠果」__character-soi-027.jpg-395ff8846f74bc8188e4bd37be267187.ctex[39m[0m
[  55% ] [90m[1msavepack[22m | 正在保存文件：res://recourse/数据库/异画与重复/v0.13/念写记者「姬海棠果」__character-soi-027.jpg.import[39m[0m
[  55% ] [90m[1msavepack[22m | 正在保存文件：res://.godot/imported/恋符「极限火花」__spell-soi-102.jpg-94a1fbe872df607b522877bf36ff5b7e.ctex[39m[0m
[  55% ] [90m[1msavepack[22m | 正在保存文件：res://recourse/数据库/异画与重复/v0.13/恋符「极限火花」__spell-soi-102.jpg.import[39m[0m
[  55% ] [90m[1msavepack[22m | 正在保存文件：res://.godot/imported/恶魔之妹「芙兰朵露·斯卡蕾特」__character-soi-091.jpg-e691d265c38aef453cfb5a25871dcbcc.ctex[39m[0m
[  55% ] [90m[1msavepack[22m | 正在保存文件：res://recourse/数据库/异画与重复/v0.13/恶魔之妹「芙兰朵露·斯卡蕾特」__character-soi-091.jpg.import[39m[0m
[  55% ] [90m[1msavepack[22m | 正在保存文件：res://.godot/imported/恶魔的门番「红美铃」__character-soi-049.jpg-fcd308c4eb5f734c0159fed6075f8af6.ctex[39m[0m
[  55% ] [90m[1msavepack[22m | 正在保存文件：res://recourse/数据库/异画与重复/v0.13/恶魔的门番「红美铃」__character-soi-049.jpg.import[39m[0m
[  55% ] [90m[1msavepack[22m | 正在保存文件：res://.godot/imported/想起「恐怖ノ回忆」__spell-soi-162.jpg-87345a8a5e639c763a464e823c65cac8.ctex[39m[0m
[  55% ] [90m[1msavepack[22m | 正在保存文件：res://recourse/数据库/异画与重复/v0.13/想起「恐怖ノ回忆」__spell-soi-162.jpg.import[39m[0m
[  56% ] [90m[1msavepack[22m | 正在保存文件：res://.godot/imported/战符「小小军势」__spell-soi-159.jpg-6ef5424b35500c35a8ee7de24105765e.ctex[39m[0m
[  56% ] [90m[1msavepack[22m | 正在保存文件：res://recourse/数据库/异画与重复/v0.13/战符「小小军势」__spell-soi-159.jpg.import[39m[0m
[  56% ] [90m[1msavepack[22m | 正在保存文件：res://.godot/imported/探宝队员「纳兹琳」__character-soi-065.jpg-c856e00e6d6eac126a11f748202e2a16.ctex[39m[0m
[  56% ] [90m[1msavepack[22m | 正在保存文件：res://recourse/数据库/异画与重复/v0.13/探宝队员「纳兹琳」__character-soi-065.jpg.import[39m[0m
[  56% ] [90m[1msavepack[22m | 正在保存文件：res://.godot/imported/提琴手「露娜萨·普莉兹姆利巴」__character-soi-030.jpg-2dfbfbad5479ee80a3d1f1d475bb5e1e.ctex[39m[0m
[  56% ] [90m[1msavepack[22m | 正在保存文件：res://recourse/数据库/异画与重复/v0.13/提琴手「露娜萨·普莉兹姆利巴」__character-soi-030.jpg.import[39m[0m
[  56% ] [90m[1msavepack[22m | 正在保存文件：res://.godot/imported/无名ノ丘__field-soi-104.jpg-d20d55804c150a7cb1cf9756cd89926e.ctex[39m[0m
[  56% ] [90m[1msavepack[22m | 正在保存文件：res://recourse/数据库/异画与重复/v0.13/无名ノ丘__field-soi-104.jpg.import[39m[0m
[  56% ] [90m[1msavepack[22m | 正在保存文件：res://.godot/imported/无名的读书妖怪「朱鹭子」__character-soi-042.jpg-46b48aef606ed420e3dd5f3fbab51ac4.ctex[39m[0m
[  56% ] [90m[1msavepack[22m | 正在保存文件：res://recourse/数据库/异画与重复/v0.13/无名的读书妖怪「朱鹭子」__character-soi-042.jpg.import[39m[0m
[  56% ] [90m[1msavepack[22m | 正在保存文件：res://.godot/imported/无理非道的仙人「霍青娥」.jpg-61fc4eab38ff6749034860c2f209fe3b.ctex[39m[0m
[  56% ] [90m[1msavepack[22m | 正在保存文件：res://recourse/数据库/异画与重复/v0.13/无理非道的仙人「霍青娥」.jpg.import[39m[0m
[  56% ] [90m[1msavepack[22m | 正在保存文件：res://.godot/imported/日之光「桑尼·米尔克」__character-soi-001.jpg-12cc603166ad91212252c165659b23f6.ctex[39m[0m
[  56% ] [90m[1msavepack[22m | 正在保存文件：res://recourse/数据库/异画与重复/v0.13/日之光「桑尼·米尔克」__character-soi-001.jpg.import[39m[0m
[  56% ] [90m[1msavepack[22m | 正在保存文件：res://.godot/imported/旧史「旧秘境史-古代史-」__spell-soi-123.jpg-efce21129abda466d8e44e791e669489.ctex[39m[0m
[  56% ] [90m[1msavepack[22m | 正在保存文件：res://recourse/数据库/异画与重复/v0.13/旧史「旧秘境史-古代史-」__spell-soi-123.jpg.import[39m[0m
[  56% ] [90m[1msavepack[22m | 正在保存文件：res://.godot/imported/早苗的御币.jpg-27c5786ee36e283123f2da2763ec0df2.ctex[39m[0m
[  56% ] [90m[1msavepack[22m | 正在保存文件：res://recourse/数据库/异画与重复/v0.13/早苗的御币.jpg.import[39m[0m
[  56% ] [90m[1msavepack[22m | 正在保存文件：res://.godot/imported/星降的风水师「物部布都」__character-soi-051.jpg-04d9f0220e59577cc18707762abe7a0d.ctex[39m[0m
[  56% ] [90m[1msavepack[22m | 正在保存文件：res://recourse/数据库/异画与重复/v0.13/星降的风水师「物部布都」__character-soi-051.jpg.import[39m[0m
[  56% ] [90m[1msavepack[22m | 正在保存文件：res://.godot/imported/普通的魔法使「雾雨魔理沙」__character-soi-070.jpg-4fa59c78aeaa539289dbb027ca711a58.ctex[39m[0m
[  56% ] [90m[1msavepack[22m | 正在保存文件：res://recourse/数据库/异画与重复/v0.13/普通的魔法使「雾雨魔理沙」__character-soi-070.jpg.import[39m[0m
[  56% ] [90m[1msavepack[22m | 正在保存文件：res://.godot/imported/普通的魔法使「雾雨魔理沙」__character-soi-096.jpg-e72ad3b638678536074c14a4d87488b8.ctex[39m[0m
[  56% ] [90m[1msavepack[22m | 正在保存文件：res://recourse/数据库/异画与重复/v0.13/普通的魔法使「雾雨魔理沙」__character-soi-096.jpg.import[39m[0m
[  56% ] [90m[1msavepack[22m | 正在保存文件：res://.godot/imported/暗中的光虫「莉格露·奈特巴格」__character-soi-021.jpg-c4380bcfc979a2a38ce989e23c08d4d7.ctex[39m[0m
[  56% ] [90m[1msavepack[22m | 正在保存文件：res://recourse/数据库/异画与重复/v0.13/暗中的光虫「莉格露·奈特巴格」__character-soi-021.jpg.import[39m[0m
[  57% ] [90m[1msavepack[22m | 正在保存文件：res://.godot/imported/月之光「露娜·切露德」__character-soi-003.jpg-def3b373e1754d86eeea2ee0fa974f1d.ctex[39m[0m
[  57% ] [90m[1msavepack[22m | 正在保存文件：res://recourse/数据库/异画与重复/v0.13/月之光「露娜·切露德」__character-soi-003.jpg.import[39m[0m
[  57% ] [90m[1msavepack[22m | 正在保存文件：res://.godot/imported/未知力量X「封兽ぬえ」.jpg-8fd7bb68122be7746e084d207af60db0.ctex[39m[0m
[  57% ] [90m[1msavepack[22m | 正在保存文件：res://recourse/数据库/异画与重复/v0.13/未知力量X「封兽ぬえ」.jpg.import[39m[0m
[  57% ] [90m[1msavepack[22m | 正在保存文件：res://.godot/imported/本能「本我的解放」__spell-soi-130.jpg-ca8825dd025c7ba1ef67d8d3d35b0c11.ctex[39m[0m
[  57% ] [90m[1msavepack[22m | 正在保存文件：res://recourse/数据库/异画与重复/v0.13/本能「本我的解放」__spell-soi-130.jpg.import[39m[0m
[  57% ] [90m[1msavepack[22m | 正在保存文件：res://.godot/imported/橙__character-soi-048.jpg-b1100074ec94484d09080652b161d61f.ctex[39m[0m
[  57% ] [90m[1msavepack[22m | 正在保存文件：res://recourse/数据库/异画与重复/v0.13/橙__character-soi-048.jpg.import[39m[0m
[  57% ] [90m[1msavepack[22m | 正在保存文件：res://.godot/imported/毗沙门天「寅丸星」__character-soi-067.jpg-d8c1551b1823669bdacdb1e72ee012a2.ctex[39m[0m
[  57% ] [90m[1msavepack[22m | 正在保存文件：res://recourse/数据库/异画与重复/v0.13/毗沙门天「寅丸星」__character-soi-067.jpg.import[39m[0m
[  57% ] [90m[1msavepack[22m | 正在保存文件：res://.godot/imported/水中工程师「河城荷取」.jpg-5a5e8dd9b45ea1d779c6f172eda9776b.ctex[39m[0m
[  57% ] [90m[1msavepack[22m | 正在保存文件：res://recourse/数据库/异画与重复/v0.13/水中工程师「河城荷取」.jpg.import[39m[0m
[  57% ] [90m[1msavepack[22m | 正在保存文件：res://.godot/imported/永远与须臾的罪人「蓬莱山辉夜」__character-soi-087.jpg-18c7a8e520671ed2d1c1a35a8f401bd8.ctex[39m[0m
[  57% ] [90m[1msavepack[22m | 正在保存文件：res://recourse/数据库/异画与重复/v0.13/永远与须臾的罪人「蓬莱山辉夜」__character-soi-087.jpg.import[39m[0m
[  57% ] [90m[1msavepack[22m | 正在保存文件：res://.godot/imported/永远鲜红的幼月「蕾米莉亚·斯卡蕾特」__character-soi-075.jpg-02a7ab3d6963d425f058391eb2bdeef8.ctex[39m[0m
[  57% ] [90m[1msavepack[22m | 正在保存文件：res://recourse/数据库/异画与重复/v0.13/永远鲜红的幼月「蕾米莉亚·斯卡蕾特」__character-soi-075.jpg.import[39m[0m
[  57% ] [90m[1msavepack[22m | 正在保存文件：res://.godot/imported/永远鲜红的幼月「蕾米莉亚·斯卡蕾特」__character-soi-117.jpg-a9a33b52d78f41728619b22c429d49c4.ctex[39m[0m
[  57% ] [90m[1msavepack[22m | 正在保存文件：res://recourse/数据库/异画与重复/v0.13/永远鲜红的幼月「蕾米莉亚·斯卡蕾特」__character-soi-117.jpg.import[39m[0m
[  57% ] [90m[1msavepack[22m | 正在保存文件：res://.godot/imported/湖上的冰精「琪露诺」__character-soi-082.jpg-532c70265f928b4483f1f89fa34a9365.ctex[39m[0m
[  57% ] [90m[1msavepack[22m | 正在保存文件：res://recourse/数据库/异画与重复/v0.13/湖上的冰精「琪露诺」__character-soi-082.jpg.import[39m[0m
[  57% ] [90m[1msavepack[22m | 正在保存文件：res://.godot/imported/湖畔的住人「大妖精」__character-soi-015.jpg-d791cb1e147431a1cf6bd3a69c3fa6f7.ctex[39m[0m
[  57% ] [90m[1msavepack[22m | 正在保存文件：res://recourse/数据库/异画与重复/v0.13/湖畔的住人「大妖精」__character-soi-015.jpg.import[39m[0m
[  57% ] [90m[1msavepack[22m | 正在保存文件：res://.godot/imported/漆黑的噬龙者「姬虫百百世」.jpg-1634899ee889c70a2d97fb1c3b06c83e.ctex[39m[0m
[  57% ] [90m[1msavepack[22m | 正在保存文件：res://recourse/数据库/异画与重复/v0.13/漆黑的噬龙者「姬虫百百世」.jpg.import[39m[0m
[  57% ] [90m[1msavepack[22m | 正在保存文件：res://.godot/imported/火水木金土符「贤者之石」__spell-soi-133.jpg-81fac3d09b7a1d6626fb5ec1b298f011.ctex[39m[0m
[  57% ] [90m[1msavepack[22m | 正在保存文件：res://recourse/数据库/异画与重复/v0.13/火水木金土符「贤者之石」__spell-soi-133.jpg.import[39m[0m
[  57% ] [90m[1msavepack[22m | 正在保存文件：res://.godot/imported/灵符「梦想封印-瞬-」__spell-soi-103.jpg-4543085f7c611a1e8a58432fbefb2353.ctex[39m[0m
[  57% ] [90m[1msavepack[22m | 正在保存文件：res://recourse/数据库/异画与重复/v0.13/灵符「梦想封印-瞬-」__spell-soi-103.jpg.import[39m[0m
[  58% ] [90m[1msavepack[22m | 正在保存文件：res://.godot/imported/狂气月兔「铃仙·优昙华院·因幡」__character-soi-035.jpg-ebfb9bfd6f3f60a98d4be51dc9a9dfce.ctex[39m[0m
[  58% ] [90m[1msavepack[22m | 正在保存文件：res://recourse/数据库/异画与重复/v0.13/狂气月兔「铃仙·优昙华院·因幡」__character-soi-035.jpg.import[39m[0m
[  58% ] [90m[1msavepack[22m | 正在保存文件：res://.godot/imported/独臂有角的仙人「茨木华扇」.jpg-95aae9d767f94f40a469f3f4346092e6.ctex[39m[0m
[  58% ] [90m[1msavepack[22m | 正在保存文件：res://recourse/数据库/异画与重复/v0.13/独臂有角的仙人「茨木华扇」.jpg.import[39m[0m
[  58% ] [90m[1msavepack[22m | 正在保存文件：res://.godot/imported/玩耍的妖精__character-soi-059.jpg-1393150a6b48a0326870e0d8cb7b800b.ctex[39m[0m
[  58% ] [90m[1msavepack[22m | 正在保存文件：res://recourse/数据库/异画与重复/v0.13/玩耍的妖精__character-soi-059.jpg.import[39m[0m
[  58% ] [90m[1msavepack[22m | 正在保存文件：res://.godot/imported/甜蜜毒药「梅蒂欣·梅兰可莉」__character-soi-019.jpg-d08d4cf924625e545be043705d534b3a.ctex[39m[0m
[  58% ] [90m[1msavepack[22m | 正在保存文件：res://recourse/数据库/异画与重复/v0.13/甜蜜毒药「梅蒂欣·梅兰可莉」__character-soi-019.jpg.import[39m[0m
[  58% ] [90m[1msavepack[22m | 正在保存文件：res://.godot/imported/百鬼夜行「伊吹萃香」__character-soi-092.jpg-cdc11b0fe0521c0f6c912ca67674f52d.ctex[39m[0m
[  58% ] [90m[1msavepack[22m | 正在保存文件：res://recourse/数据库/异画与重复/v0.13/百鬼夜行「伊吹萃香」__character-soi-092.jpg.import[39m[0m
[  58% ] [90m[1msavepack[22m | 正在保存文件：res://.godot/imported/祈风之人「东风谷早苗」__character-soi-011.jpg-5aed8bb8d0afcfac3dee63bce684aadb.ctex[39m[0m
[  58% ] [90m[1msavepack[22m | 正在保存文件：res://recourse/数据库/异画与重复/v0.13/祈风之人「东风谷早苗」__character-soi-011.jpg.import[39m[0m
[  58% ] [90m[1msavepack[22m | 正在保存文件：res://.godot/imported/神枪「冈格尼尔」__spell-soi-112.jpg-4032dbe6cdff8eac5171c188d8aafad0.ctex[39m[0m
[  58% ] [90m[1msavepack[22m | 正在保存文件：res://recourse/数据库/异画与重复/v0.13/神枪「冈格尼尔」__spell-soi-112.jpg.import[39m[0m
[  58% ] [90m[1msavepack[22m | 正在保存文件：res://.godot/imported/神隐的主犯「八云紫」__character-soi-090.jpg-d25b8d10d398a3998afe9959ebd4e262.ctex[39m[0m
[  58% ] [90m[1msavepack[22m | 正在保存文件：res://recourse/数据库/异画与重复/v0.13/神隐的主犯「八云紫」__character-soi-090.jpg.import[39m[0m
[  58% ] [90m[1msavepack[22m | 正在保存文件：res://.godot/imported/祭祀风之人「东风谷早苗」__character-soi-076.jpg-fc03ce87dbc18f45383f1966b440fb20.ctex[39m[0m
[  58% ] [90m[1msavepack[22m | 正在保存文件：res://recourse/数据库/异画与重复/v0.13/祭祀风之人「东风谷早苗」__character-soi-076.jpg.import[39m[0m
[  58% ] [90m[1msavepack[22m | 正在保存文件：res://.godot/imported/禁忌「莱瓦汀」__spell-soi-107.jpg-9e5af227f32557e9f6ad3dc4c22e6f14.ctex[39m[0m
[  58% ] [90m[1msavepack[22m | 正在保存文件：res://recourse/数据库/异画与重复/v0.13/禁忌「莱瓦汀」__spell-soi-107.jpg.import[39m[0m
[  58% ] [90m[1msavepack[22m | 正在保存文件：res://.godot/imported/秘神流雏「键山雏」__character-soi-034.jpg-7f7310e1a73e9d39623297388e264967.ctex[39m[0m
[  58% ] [90m[1msavepack[22m | 正在保存文件：res://recourse/数据库/异画与重复/v0.13/秘神流雏「键山雏」__character-soi-034.jpg.import[39m[0m
[  58% ] [90m[1msavepack[22m | 正在保存文件：res://.godot/imported/空观剑「六根清净斩」.jpg-bdefee89ec639293fe8e46ac7b4773f8.ctex[39m[0m
[  58% ] [90m[1msavepack[22m | 正在保存文件：res://recourse/数据库/异画与重复/v0.13/空观剑「六根清净斩」.jpg.import[39m[0m
[  58% ] [90m[1msavepack[22m | 正在保存文件：res://.godot/imported/第三只眼「古明地觉」__character-soi-078.jpg-c7e7ff3c61a02e29196d53daccafe64d.ctex[39m[0m
[  58% ] [90m[1msavepack[22m | 正在保存文件：res://recourse/数据库/异画与重复/v0.13/第三只眼「古明地觉」__character-soi-078.jpg.import[39m[0m
[  59% ] [90m[1msavepack[22m | 正在保存文件：res://.godot/imported/紧闭的恋之瞳「古明地恋」__character-soi-074.jpg-8d3fea0b35ba33f70dee3dec9995dcc2.ctex[39m[0m
[  59% ] [90m[1msavepack[22m | 正在保存文件：res://recourse/数据库/异画与重复/v0.13/紧闭的恋之瞳「古明地恋」__character-soi-074.jpg.import[39m[0m
[  59% ] [90m[1msavepack[22m | 正在保存文件：res://.godot/imported/红魔馆__field-soi-102.jpg-abc6e9f1ac7b9551626140153b9736c2.ctex[39m[0m
[  59% ] [90m[1msavepack[22m | 正在保存文件：res://recourse/数据库/异画与重复/v0.13/红魔馆__field-soi-102.jpg.import[39m[0m
[  59% ] [90m[1msavepack[22m | 正在保存文件：res://.godot/imported/红魔馆的女仆「十六夜咲夜」__character-soi-077.jpg-0a16b80b017bea13cc14f87966ca2fca.ctex[39m[0m
[  59% ] [90m[1msavepack[22m | 正在保存文件：res://recourse/数据库/异画与重复/v0.13/红魔馆的女仆「十六夜咲夜」__character-soi-077.jpg.import[39m[0m
[  59% ] [90m[1msavepack[22m | 正在保存文件：res://.godot/imported/美丽的绯之衣「永江衣玖」__character-soi-039.jpg-54c0a19fe6d2463340deff5d34d4fc8e.ctex[39m[0m
[  59% ] [90m[1msavepack[22m | 正在保存文件：res://recourse/数据库/异画与重复/v0.13/美丽的绯之衣「永江衣玖」__character-soi-039.jpg.import[39m[0m
[  59% ] [90m[1msavepack[22m | 正在保存文件：res://.godot/imported/美宵之酒.jpg-05d3d041d19056e2778da6fbfb4959e7.ctex[39m[0m
[  59% ] [90m[1msavepack[22m | 正在保存文件：res://recourse/数据库/异画与重复/v0.13/美宵之酒.jpg.import[39m[0m
[  59% ] [90m[1msavepack[22m | 正在保存文件：res://.godot/imported/苍天的庭师「魂魄妖梦」__character-soi-041.jpg-e0cb287719a5f4056c63dde37fa23902.ctex[39m[0m
[  59% ] [90m[1msavepack[22m | 正在保存文件：res://recourse/数据库/异画与重复/v0.13/苍天的庭师「魂魄妖梦」__character-soi-041.jpg.import[39m[0m
[  59% ] [90m[1msavepack[22m | 正在保存文件：res://.godot/imported/蓬莱人偶__character-soi-009.jpg-60e99fb5f22996e24ca70394c8288ac1.ctex[39m[0m
[  59% ] [90m[1msavepack[22m | 正在保存文件：res://recourse/数据库/异画与重复/v0.13/蓬莱人偶__character-soi-009.jpg.import[39m[0m
[  59% ] [90m[1msavepack[22m | 正在保存文件：res://.godot/imported/蓬莱的人之形「藤原妹红」__character-soi-023.jpg-bc6cf451ef70119dd929e37cb11c0361.ctex[39m[0m
[  59% ] [90m[1msavepack[22m | 正在保存文件：res://recourse/数据库/异画与重复/v0.13/蓬莱的人之形「藤原妹红」__character-soi-023.jpg.import[39m[0m
[  59% ] [90m[1msavepack[22m | 正在保存文件：res://.godot/imported/要石「开天辟地ノ压」__spell-soi-134.jpg-7cb9f492a7b94ea56158f5dd04736b94.ctex[39m[0m
[  59% ] [90m[1msavepack[22m | 正在保存文件：res://recourse/数据库/异画与重复/v0.13/要石「开天辟地ノ压」__spell-soi-134.jpg.import[39m[0m
[  59% ] [90m[1msavepack[22m | 正在保存文件：res://.godot/imported/识文解意的爱书「本居小铃」__character-soi-038.jpg-53746333d9aa0206ca77010519a6fa18.ctex[39m[0m
[  59% ] [90m[1msavepack[22m | 正在保存文件：res://recourse/数据库/异画与重复/v0.13/识文解意的爱书「本居小铃」__character-soi-038.jpg.import[39m[0m
[  59% ] [90m[1msavepack[22m | 正在保存文件：res://.godot/imported/运送春天的妖精「莉莉白」__character-soi-006.jpg-b467b5c777706a965a22e4b5d21289dd.ctex[39m[0m
[  59% ] [90m[1msavepack[22m | 正在保存文件：res://recourse/数据库/异画与重复/v0.13/运送春天的妖精「莉莉白」__character-soi-006.jpg.import[39m[0m
[  59% ] [90m[1msavepack[22m | 正在保存文件：res://.godot/imported/遗忘之伞「多多良小伞」__character-soi-061.jpg-0a85bb60254ecca8560685ee56cd19cb.ctex[39m[0m
[  59% ] [90m[1msavepack[22m | 正在保存文件：res://recourse/数据库/异画与重复/v0.13/遗忘之伞「多多良小伞」__character-soi-061.jpg.import[39m[0m
[  59% ] [90m[1msavepack[22m | 正在保存文件：res://.godot/imported/邪术仙人「霍青娥」__character-soi-064.jpg-0f3a163a045e56cb42c9109a8f183ec7.ctex[39m[0m
[  59% ] [90m[1msavepack[22m | 正在保存文件：res://recourse/数据库/异画与重复/v0.13/邪术仙人「霍青娥」__character-soi-064.jpg.import[39m[0m
[  60% ] [90m[1msavepack[22m | 正在保存文件：res://.godot/imported/问答无用「云居一轮&云山」__character-soi-069.jpg-8b74547ba3d56d766ec918dcd92f2a1c.ctex[39m[0m
[  60% ] [90m[1msavepack[22m | 正在保存文件：res://recourse/数据库/异画与重复/v0.13/问答无用「云居一轮&云山」__character-soi-069.jpg.import[39m[0m
[  60% ] [90m[1msavepack[22m | 正在保存文件：res://.godot/imported/阳花的妖怪「风见幽香」__character-soi-018.jpg-72639359468e1b07f37952f45bd5e1a1.ctex[39m[0m
[  60% ] [90m[1msavepack[22m | 正在保存文件：res://recourse/数据库/异画与重复/v0.13/阳花的妖怪「风见幽香」__character-soi-018.jpg.import[39m[0m
[  60% ] [90m[1msavepack[22m | 正在保存文件：res://.godot/imported/雪之亡灵「西行寺幽幽子」__character-soi-050.jpg-ae89c5e280a9eee98f50dcf79c1e0481.ctex[39m[0m
[  60% ] [90m[1msavepack[22m | 正在保存文件：res://recourse/数据库/异画与重复/v0.13/雪之亡灵「西行寺幽幽子」__character-soi-050.jpg.import[39m[0m
[  60% ] [90m[1msavepack[22m | 正在保存文件：res://.godot/imported/雾ノ湖__field-soi-105.jpg-ea8117cecd522284852065f8982a9180.ctex[39m[0m
[  60% ] [90m[1msavepack[22m | 正在保存文件：res://recourse/数据库/异画与重复/v0.13/雾ノ湖__field-soi-105.jpg.import[39m[0m
[  60% ] [90m[1msavepack[22m | 正在保存文件：res://.godot/imported/风元素__character-soi-057.jpg-73dcb4f6cf8ef3b79d66f84e2b01f0d6.ctex[39m[0m
[  60% ] [90m[1msavepack[22m | 正在保存文件：res://recourse/数据库/异画与重复/v0.13/风元素__character-soi-057.jpg.import[39m[0m
[  60% ] [90m[1msavepack[22m | 正在保存文件：res://.godot/imported/飞散红叶的天狗「射命丸文」__character-soi-081.jpg-4f0d1a050fc5dc5e6d7f7ac12f401551.ctex[39m[0m
[  60% ] [90m[1msavepack[22m | 正在保存文件：res://recourse/数据库/异画与重复/v0.13/飞散红叶的天狗「射命丸文」__character-soi-081.jpg.import[39m[0m
[  60% ] [90m[1msavepack[22m | 正在保存文件：res://.godot/imported/高阶恶魔.jpg-7f6ab977003df0701e31f619bbe1ee7e.ctex[39m[0m
[  60% ] [90m[1msavepack[22m | 正在保存文件：res://recourse/数据库/异画与重复/v0.13/高阶恶魔.jpg.import[39m[0m
[  60% ] [90m[1msavepack[22m | 正在保存文件：res://.godot/imported/鬼神长.jpg-a779f7fba8644605b2178a37ef1f5551.ctex[39m[0m
[  60% ] [90m[1msavepack[22m | 正在保存文件：res://recourse/数据库/异画与重复/v0.13/鬼神长.jpg.import[39m[0m
[  60% ] [90m[1msavepack[22m | 正在保存文件：res://.godot/imported/魍魉.jpg-a4e93f7ce30590eb691ff4c0f2cfcedf.ctex[39m[0m
[  60% ] [90m[1msavepack[22m | 正在保存文件：res://recourse/数据库/异画与重复/v0.13/魍魉.jpg.import[39m[0m
[  60% ] [90m[1msavepack[22m | 正在保存文件：res://.godot/imported/魔神复诵「圣白莲」__character-soi-085.jpg-39b440c39124ea6bc38fb305991d4a06.ctex[39m[0m
[  60% ] [90m[1msavepack[22m | 正在保存文件：res://recourse/数据库/异画与重复/v0.13/魔神复诵「圣白莲」__character-soi-085.jpg.import[39m[0m
[  60% ] [90m[1msavepack[22m | 正在保存文件：res://.godot/imported/龙宫使者__character-soi-058.jpg-28963b7e1fa5b417d6446ecf372f88ca.ctex[39m[0m
[  60% ] [90m[1msavepack[22m | 正在保存文件：res://recourse/数据库/异画与重复/v0.13/龙宫使者__character-soi-058.jpg.import[39m[0m
[  60% ] [90m[1msavepack[22m | 正在保存文件：res://.godot/imported/1.png-5c2e9ceee4975c07f2aa422fa316b8b9.ctex[39m[0m
[  60% ] [90m[1msavepack[22m | 正在保存文件：res://recourse/数据库/1.png.import[39m[0m
[  60% ] [90m[1msavepack[22m | 正在保存文件：res://.godot/imported/2.png-c65295b91fb2fa04e659ae7d0a594290.ctex[39m[0m
[  60% ] [90m[1msavepack[22m | 正在保存文件：res://recourse/数据库/2.png.import[39m[0m
[  60% ] [90m[1msavepack[22m | 正在保存文件：res://.godot/imported/3.png-2a65c246ce86d9d8a0cf35769a92f157.ctex[39m[0m
[  60% ] [90m[1msavepack[22m | 正在保存文件：res://recourse/数据库/3.png.import[39m[0m
[  61% ] [90m[1msavepack[22m | 正在保存文件：res://.godot/imported/5.png-88f700d482006fcd91aac4e03572bc4b.ctex[39m[0m
[  61% ] [90m[1msavepack[22m | 正在保存文件：res://recourse/数据库/5.png.import[39m[0m
[  61% ] [90m[1msavepack[22m | 正在保存文件：res://.godot/imported/6.png-91c816e03687d7095868caced580571e.ctex[39m[0m
[  61% ] [90m[1msavepack[22m | 正在保存文件：res://recourse/数据库/6.png.import[39m[0m
[  61% ] [90m[1msavepack[22m | 正在保存文件：res://.godot/imported/7.png-a2aa48431c39c4567a013e1a88574c3f.ctex[39m[0m
[  61% ] [90m[1msavepack[22m | 正在保存文件：res://recourse/数据库/7.png.import[39m[0m
[  61% ] [90m[1msavepack[22m | 正在保存文件：res://.godot/imported/8.png-8c05b002d46709f33451354ce5f4cfa5.ctex[39m[0m
[  61% ] [90m[1msavepack[22m | 正在保存文件：res://recourse/数据库/8.png.import[39m[0m
[  61% ] [90m[1msavepack[22m | 正在保存文件：res://.godot/imported/9.png-6416319e93671db545874429d477431a.ctex[39m[0m
[  61% ] [90m[1msavepack[22m | 正在保存文件：res://recourse/数据库/9.png.import[39m[0m
[  61% ] [90m[1msavepack[22m | 正在保存文件：res://.godot/imported/11.png-0a1339fe2668633aa5bf140a0720fa46.ctex[39m[0m
[  61% ] [90m[1msavepack[22m | 正在保存文件：res://recourse/数据库/11.png.import[39m[0m
[  61% ] [90m[1msavepack[22m | 正在保存文件：res://.godot/imported/12.png-5787105584a488c5d575cd05ff0238e0.ctex[39m[0m
[  61% ] [90m[1msavepack[22m | 正在保存文件：res://recourse/数据库/12.png.import[39m[0m
[  61% ] [90m[1msavepack[22m | 正在保存文件：res://.godot/imported/13.png-2a27501447b4c6b0ad5d39e126f3234d.ctex[39m[0m
[  61% ] [90m[1msavepack[22m | 正在保存文件：res://recourse/数据库/13.png.import[39m[0m
[  61% ] [90m[1msavepack[22m | 正在保存文件：res://.godot/imported/14.png-8c554ceefec975aa2cef87ba87c12039.ctex[39m[0m
[  61% ] [90m[1msavepack[22m | 正在保存文件：res://recourse/数据库/14.png.import[39m[0m
[  61% ] [90m[1msavepack[22m | 正在保存文件：res://.godot/imported/15.png-006d1690325a80e12e4c811eaaafd40f.ctex[39m[0m
[  61% ] [90m[1msavepack[22m | 正在保存文件：res://recourse/数据库/15.png.import[39m[0m
[  61% ] [90m[1msavepack[22m | 正在保存文件：res://.godot/imported/17.png-37f41a23a248a7fc60db25f57b982b52.ctex[39m[0m
[  61% ] [90m[1msavepack[22m | 正在保存文件：res://recourse/数据库/17.png.import[39m[0m
[  61% ] [90m[1msavepack[22m | 正在保存文件：res://.godot/imported/18.png-2678b2527199536b63bcfe2683e1255a.ctex[39m[0m
[  61% ] [90m[1msavepack[22m | 正在保存文件：res://recourse/数据库/18.png.import[39m[0m
[  61% ] [90m[1msavepack[22m | 正在保存文件：res://.godot/imported/19.png-df779dd3c36d04dd6b31cc04e229bc67.ctex[39m[0m
[  61% ] [90m[1msavepack[22m | 正在保存文件：res://recourse/数据库/19.png.import[39m[0m
[  62% ] [90m[1msavepack[22m | 正在保存文件：res://.godot/imported/21.png-648ac92e8fff81661ef7500794973494.ctex[39m[0m
[  62% ] [90m[1msavepack[22m | 正在保存文件：res://recourse/数据库/21.png.import[39m[0m
[  62% ] [90m[1msavepack[22m | 正在保存文件：res://.godot/imported/22.png-2c80eff8663eaa0672e8bd662db33f2d.ctex[39m[0m
[  62% ] [90m[1msavepack[22m | 正在保存文件：res://recourse/数据库/22.png.import[39m[0m
[  62% ] [90m[1msavepack[22m | 正在保存文件：res://.godot/imported/23.png-9c23364ed7559690638d1420b3a3c3da.ctex[39m[0m
[  62% ] [90m[1msavepack[22m | 正在保存文件：res://recourse/数据库/23.png.import[39m[0m
[  62% ] [90m[1msavepack[22m | 正在保存文件：res://.godot/imported/24.png-43f0ff30c9c9b4a3a51e11491dd7fe3b.ctex[39m[0m
[  62% ] [90m[1msavepack[22m | 正在保存文件：res://recourse/数据库/24.png.import[39m[0m
[  62% ] [90m[1msavepack[22m | 正在保存文件：res://.godot/imported/25.png-9a661424b282ccbd80f8a9992a19c0a0.ctex[39m[0m
[  62% ] [90m[1msavepack[22m | 正在保存文件：res://recourse/数据库/25.png.import[39m[0m
[  62% ] [90m[1msavepack[22m | 正在保存文件：res://.godot/imported/26.png-c7fcddf8d6c69b9757f8b9adf8c220d3.ctex[39m[0m
[  62% ] [90m[1msavepack[22m | 正在保存文件：res://recourse/数据库/26.png.import[39m[0m
[  62% ] [90m[1msavepack[22m | 正在保存文件：res://.godot/imported/27.png-ff099a9a9a7b5af839de19558c65bb26.ctex[39m[0m
[  62% ] [90m[1msavepack[22m | 正在保存文件：res://recourse/数据库/27.png.import[39m[0m
[  62% ] [90m[1msavepack[22m | 正在保存文件：res://.godot/imported/28.png-d70c3d73c59db3d736e74d6585be9065.ctex[39m[0m
[  62% ] [90m[1msavepack[22m | 正在保存文件：res://recourse/数据库/28.png.import[39m[0m
[  62% ] [90m[1msavepack[22m | 正在保存文件：res://.godot/imported/29.png-ed0062e1082d19db06e65b3fc40762fd.ctex[39m[0m
[  62% ] [90m[1msavepack[22m | 正在保存文件：res://recourse/数据库/29.png.import[39m[0m
[  62% ] [90m[1msavepack[22m | 正在保存文件：res://.godot/imported/30.png-d791c6d5f06b1acfc922a55acfa2facf.ctex[39m[0m
[  62% ] [90m[1msavepack[22m | 正在保存文件：res://recourse/数据库/30.png.import[39m[0m
[  62% ] [90m[1msavepack[22m | 正在保存文件：res://.godot/imported/31.png-1a5dd123424f4cbbb2937e9330b8cf6e.ctex[39m[0m
[  62% ] [90m[1msavepack[22m | 正在保存文件：res://recourse/数据库/31.png.import[39m[0m
[  62% ] [90m[1msavepack[22m | 正在保存文件：res://.godot/imported/32.png-4581b0e8bdbd128013c6b59e0a50374b.ctex[39m[0m
[  62% ] [90m[1msavepack[22m | 正在保存文件：res://recourse/数据库/32.png.import[39m[0m
[  62% ] [90m[1msavepack[22m | 正在保存文件：res://.godot/imported/33.png-402a95a9f7a587558095112b35a12a67.ctex[39m[0m
[  62% ] [90m[1msavepack[22m | 正在保存文件：res://recourse/数据库/33.png.import[39m[0m
[  63% ] [90m[1msavepack[22m | 正在保存文件：res://.godot/imported/34.png-48d42c8c4c8e3f31ea8920cba0ded776.ctex[39m[0m
[  63% ] [90m[1msavepack[22m | 正在保存文件：res://recourse/数据库/34.png.import[39m[0m
[  63% ] [90m[1msavepack[22m | 正在保存文件：res://.godot/imported/35.png-29ec545791149fdb7cd5355ff1dd5ef8.ctex[39m[0m
[  63% ] [90m[1msavepack[22m | 正在保存文件：res://recourse/数据库/35.png.import[39m[0m
[  63% ] [90m[1msavepack[22m | 正在保存文件：res://.godot/imported/38.png-cbba065db51b2e9ba44d16a7eca534ad.ctex[39m[0m
[  63% ] [90m[1msavepack[22m | 正在保存文件：res://recourse/数据库/38.png.import[39m[0m
[  63% ] [90m[1msavepack[22m | 正在保存文件：res://.godot/imported/39.png-378ec8ad7750e2d25d5fb3eacf29001b.ctex[39m[0m
[  63% ] [90m[1msavepack[22m | 正在保存文件：res://recourse/数据库/39.png.import[39m[0m
[  63% ] [90m[1msavepack[22m | 正在保存文件：res://.godot/imported/41.png-a399e78af84d9c23e9ebf12b3a8e9509.ctex[39m[0m
[  63% ] [90m[1msavepack[22m | 正在保存文件：res://recourse/数据库/41.png.import[39m[0m
[  63% ] [90m[1msavepack[22m | 正在保存文件：res://.godot/imported/42.png-e3ac279596effa9c955463cbb65d2d42.ctex[39m[0m
[  63% ] [90m[1msavepack[22m | 正在保存文件：res://recourse/数据库/42.png.import[39m[0m
[  63% ] [90m[1msavepack[22m | 正在保存文件：res://.godot/imported/43.png-15803ff8415249b7514818bdba1db4c8.ctex[39m[0m
[  63% ] [90m[1msavepack[22m | 正在保存文件：res://recourse/数据库/43.png.import[39m[0m
[  63% ] [90m[1msavepack[22m | 正在保存文件：res://.godot/imported/44.png-1a3e1bdf02ff51b1c0cbb41f82667a0c.ctex[39m[0m
[  63% ] [90m[1msavepack[22m | 正在保存文件：res://recourse/数据库/44.png.import[39m[0m
[  63% ] [90m[1msavepack[22m | 正在保存文件：res://.godot/imported/45.png-8326189a1b7b80899bcbc28d1e007357.ctex[39m[0m
[  63% ] [90m[1msavepack[22m | 正在保存文件：res://recourse/数据库/45.png.import[39m[0m
[  63% ] [90m[1msavepack[22m | 正在保存文件：res://.godot/imported/46.jpeg-1748b6b2aab23fe95517683ae99249e7.ctex[39m[0m
[  63% ] [90m[1msavepack[22m | 正在保存文件：res://recourse/数据库/46.jpeg.import[39m[0m
[  63% ] [90m[1msavepack[22m | 正在保存文件：res://.godot/imported/47.png-ee410c9c40fd4b1bd5cdcecb586325b3.ctex[39m[0m
[  63% ] [90m[1msavepack[22m | 正在保存文件：res://recourse/数据库/47.png.import[39m[0m
[  63% ] [90m[1msavepack[22m | 正在保存文件：res://.godot/imported/48.png-a0e0e1eeedb739de2a1f465fe5d1baa3.ctex[39m[0m
[  63% ] [90m[1msavepack[22m | 正在保存文件：res://recourse/数据库/48.png.import[39m[0m
[  63% ] [90m[1msavepack[22m | 正在保存文件：res://.godot/imported/49.png-4a96543f959e0e351da355648af7417e.ctex[39m[0m
[  63% ] [90m[1msavepack[22m | 正在保存文件：res://recourse/数据库/49.png.import[39m[0m
[  63% ] [90m[1msavepack[22m | 正在保存文件：res://.godot/imported/50.png-26bfa3f7b8e2e5d248343541f0daec94.ctex[39m[0m
[  63% ] [90m[1msavepack[22m | 正在保存文件：res://recourse/数据库/50.png.import[39m[0m
[  64% ] [90m[1msavepack[22m | 正在保存文件：res://.godot/imported/51.png-2d3a779874ec3966ff40f436dbd0ba4a.ctex[39m[0m
[  64% ] [90m[1msavepack[22m | 正在保存文件：res://recourse/数据库/51.png.import[39m[0m
[  64% ] [90m[1msavepack[22m | 正在保存文件：res://.godot/imported/52.png-ec175bbf90d5de1fbc398648b3a5915e.ctex[39m[0m
[  64% ] [90m[1msavepack[22m | 正在保存文件：res://recourse/数据库/52.png.import[39m[0m
[  64% ] [90m[1msavepack[22m | 正在保存文件：res://.godot/imported/53.png-647c921e9522113910ecd87f710b59da.ctex[39m[0m
[  64% ] [90m[1msavepack[22m | 正在保存文件：res://recourse/数据库/53.png.import[39m[0m
[  64% ] [90m[1msavepack[22m | 正在保存文件：res://.godot/imported/54.png-76acaad21b7e354c1ca531c2132ed291.ctex[39m[0m
[  64% ] [90m[1msavepack[22m | 正在保存文件：res://recourse/数据库/54.png.import[39m[0m
[  64% ] [90m[1msavepack[22m | 正在保存文件：res://.godot/imported/55.png-f44019ce4e3693b53bbe7368da76abbb.ctex[39m[0m
[  64% ] [90m[1msavepack[22m | 正在保存文件：res://recourse/数据库/55.png.import[39m[0m
[  64% ] [90m[1msavepack[22m | 正在保存文件：res://.godot/imported/56.png-8805a511920f90b6a5aa9a454f099e53.ctex[39m[0m
[  64% ] [90m[1msavepack[22m | 正在保存文件：res://recourse/数据库/56.png.import[39m[0m
[  64% ] [90m[1msavepack[22m | 正在保存文件：res://.godot/imported/57.png-ac5fe515cd1b59429b2c2be6376f1a3c.ctex[39m[0m
[  64% ] [90m[1msavepack[22m | 正在保存文件：res://recourse/数据库/57.png.import[39m[0m
[  64% ] [90m[1msavepack[22m | 正在保存文件：res://.godot/imported/58.png-19fb61409803b15e0034a6247ddf0310.ctex[39m[0m
[  64% ] [90m[1msavepack[22m | 正在保存文件：res://recourse/数据库/58.png.import[39m[0m
[  64% ] [90m[1msavepack[22m | 正在保存文件：res://.godot/imported/59.png-9251899e0318194acebd37f6c74fe974.ctex[39m[0m
[  64% ] [90m[1msavepack[22m | 正在保存文件：res://recourse/数据库/59.png.import[39m[0m
[  64% ] [90m[1msavepack[22m | 正在保存文件：res://.godot/imported/60.png-058816207138ba37f04049ae2b03c2d5.ctex[39m[0m
[  64% ] [90m[1msavepack[22m | 正在保存文件：res://recourse/数据库/60.png.import[39m[0m
[  64% ] [90m[1msavepack[22m | 正在保存文件：res://.godot/imported/61.png-1bb72cf09121ddb5de6f8cf918ae9705.ctex[39m[0m
[  64% ] [90m[1msavepack[22m | 正在保存文件：res://recourse/数据库/61.png.import[39m[0m
[  64% ] [90m[1msavepack[22m | 正在保存文件：res://.godot/imported/62.png-09dbe4508ac9c82496bbe3e559d9f1b7.ctex[39m[0m
[  64% ] [90m[1msavepack[22m | 正在保存文件：res://recourse/数据库/62.png.import[39m[0m
[  64% ] [90m[1msavepack[22m | 正在保存文件：res://.godot/imported/63.png-6f31b7277bbd3b182e0871899c2a539e.ctex[39m[0m
[  64% ] [90m[1msavepack[22m | 正在保存文件：res://recourse/数据库/63.png.import[39m[0m
[  65% ] [90m[1msavepack[22m | 正在保存文件：res://.godot/imported/64.png-317ba1a38d3050c84d1c35abcb5d9930.ctex[39m[0m
[  65% ] [90m[1msavepack[22m | 正在保存文件：res://recourse/数据库/64.png.import[39m[0m
[  65% ] [90m[1msavepack[22m | 正在保存文件：res://.godot/imported/66.png-337d2581c5ac246a330471f5615f7952.ctex[39m[0m
[  65% ] [90m[1msavepack[22m | 正在保存文件：res://recourse/数据库/66.png.import[39m[0m
[  65% ] [90m[1msavepack[22m | 正在保存文件：res://.godot/imported/67.png-e9107125e0478628fd99ac3ea30d63d9.ctex[39m[0m
[  65% ] [90m[1msavepack[22m | 正在保存文件：res://recourse/数据库/67.png.import[39m[0m
[  65% ] [90m[1msavepack[22m | 正在保存文件：res://.godot/imported/68.png-d8dad8d94df267bbbedfba80365f1ef9.ctex[39m[0m
[  65% ] [90m[1msavepack[22m | 正在保存文件：res://recourse/数据库/68.png.import[39m[0m
[  65% ] [90m[1msavepack[22m | 正在保存文件：res://.godot/imported/70.png-7c1676cdef234c788f2cdefa833959f7.ctex[39m[0m
[  65% ] [90m[1msavepack[22m | 正在保存文件：res://recourse/数据库/70.png.import[39m[0m
[  65% ] [90m[1msavepack[22m | 正在保存文件：res://.godot/imported/71.png-714107b21722713806d2f635b3eda670.ctex[39m[0m
[  65% ] [90m[1msavepack[22m | 正在保存文件：res://recourse/数据库/71.png.import[39m[0m
[  65% ] [90m[1msavepack[22m | 正在保存文件：res://.godot/imported/73.png-6f4503c3e5f2646b7297fd48dc4fd686.ctex[39m[0m
[  65% ] [90m[1msavepack[22m | 正在保存文件：res://recourse/数据库/73.png.import[39m[0m
[  65% ] [90m[1msavepack[22m | 正在保存文件：res://.godot/imported/74.png-e4dd49f97f14edfac9cb58b05c5fc060.ctex[39m[0m
[  65% ] [90m[1msavepack[22m | 正在保存文件：res://recourse/数据库/74.png.import[39m[0m
[  65% ] [90m[1msavepack[22m | 正在保存文件：res://.godot/imported/75.png-15be37cc3b784bf09b2e28b89674368d.ctex[39m[0m
[  65% ] [90m[1msavepack[22m | 正在保存文件：res://recourse/数据库/75.png.import[39m[0m
[  65% ] [90m[1msavepack[22m | 正在保存文件：res://.godot/imported/76.png-1cb512cf1148fb80674d647ca6918aa1.ctex[39m[0m
[  65% ] [90m[1msavepack[22m | 正在保存文件：res://recourse/数据库/76.png.import[39m[0m
[  65% ] [90m[1msavepack[22m | 正在保存文件：res://.godot/imported/77.png-fabc11d24c6f4c34029a6b378b460f83.ctex[39m[0m
[  65% ] [90m[1msavepack[22m | 正在保存文件：res://recourse/数据库/77.png.import[39m[0m
[  65% ] [90m[1msavepack[22m | 正在保存文件：res://.godot/imported/78.png-8f8afc7c2a53a0da67e4fd704dad85a5.ctex[39m[0m
[  65% ] [90m[1msavepack[22m | 正在保存文件：res://recourse/数据库/78.png.import[39m[0m
[  65% ] [90m[1msavepack[22m | 正在保存文件：res://.godot/imported/79.png-c9d7436b1221b578c0d37ced5d8cec8b.ctex[39m[0m
[  65% ] [90m[1msavepack[22m | 正在保存文件：res://recourse/数据库/79.png.import[39m[0m
[  65% ] [90m[1msavepack[22m | 正在保存文件：res://.godot/imported/80.png-6ffad387bcfde5457ef8d0c0c31cef00.ctex[39m[0m
[  65% ] [90m[1msavepack[22m | 正在保存文件：res://recourse/数据库/80.png.import[39m[0m
[  66% ] [90m[1msavepack[22m | 正在保存文件：res://.godot/imported/82.png-eccea0b94574bd2e0b3352ee932a5415.ctex[39m[0m
[  66% ] [90m[1msavepack[22m | 正在保存文件：res://recourse/数据库/82.png.import[39m[0m
[  66% ] [90m[1msavepack[22m | 正在保存文件：res://.godot/imported/85.png-7cd6b16a94b1a75e978e88bd1b85aaf7.ctex[39m[0m
[  66% ] [90m[1msavepack[22m | 正在保存文件：res://recourse/数据库/85.png.import[39m[0m
[  66% ] [90m[1msavepack[22m | 正在保存文件：res://.godot/imported/86.png-b3334fd8c297d5bc060dafc893bcea6c.ctex[39m[0m
[  66% ] [90m[1msavepack[22m | 正在保存文件：res://recourse/数据库/86.png.import[39m[0m
[  66% ] [90m[1msavepack[22m | 正在保存文件：res://.godot/imported/87.png-621f65da86c1f7cdaa64582b9c73412d.ctex[39m[0m
[  66% ] [90m[1msavepack[22m | 正在保存文件：res://recourse/数据库/87.png.import[39m[0m
[  66% ] [90m[1msavepack[22m | 正在保存文件：res://.godot/imported/90.png-0466896b644073110084881eaf80dd17.ctex[39m[0m
[  66% ] [90m[1msavepack[22m | 正在保存文件：res://recourse/数据库/90.png.import[39m[0m
[  66% ] [90m[1msavepack[22m | 正在保存文件：res://.godot/imported/91.png-dd888fda40e37204c462030e43a65c50.ctex[39m[0m
[  66% ] [90m[1msavepack[22m | 正在保存文件：res://recourse/数据库/91.png.import[39m[0m
[  66% ] [90m[1msavepack[22m | 正在保存文件：res://.godot/imported/93.png-2e877793ffe0c1582e2dbe2f96b08056.ctex[39m[0m
[  66% ] [90m[1msavepack[22m | 正在保存文件：res://recourse/数据库/93.png.import[39m[0m
[  66% ] [90m[1msavepack[22m | 正在保存文件：res://.godot/imported/94.png-f3089d09249c302dfa1a233865a7e774.ctex[39m[0m
[  66% ] [90m[1msavepack[22m | 正在保存文件：res://recourse/数据库/94.png.import[39m[0m
[  66% ] [90m[1msavepack[22m | 正在保存文件：res://.godot/imported/96.png-baa5ae03eeb8c103916499fcbf2a389a.ctex[39m[0m
[  66% ] [90m[1msavepack[22m | 正在保存文件：res://recourse/数据库/96.png.import[39m[0m
[  66% ] [90m[1msavepack[22m | 正在保存文件：res://.godot/imported/97.png-33e3933af76728936b2cafc192034fca.ctex[39m[0m
[  66% ] [90m[1msavepack[22m | 正在保存文件：res://recourse/数据库/97.png.import[39m[0m
[  66% ] [90m[1msavepack[22m | 正在保存文件：res://.godot/imported/98.png-d51af0a0b73122adf5968179eb6531fb.ctex[39m[0m
[  66% ] [90m[1msavepack[22m | 正在保存文件：res://recourse/数据库/98.png.import[39m[0m
[  66% ] [90m[1msavepack[22m | 正在保存文件：res://.godot/imported/99.png-e0e1dabda64bd61f54323b9eca4d7b5f.ctex[39m[0m
[  66% ] [90m[1msavepack[22m | 正在保存文件：res://recourse/数据库/99.png.import[39m[0m
[  66% ] [90m[1msavepack[22m | 正在保存文件：res://.godot/imported/100.png-67b6579d187c8fe7de9607745790122c.ctex[39m[0m
[  66% ] [90m[1msavepack[22m | 正在保存文件：res://recourse/数据库/100.png.import[39m[0m
[  66% ] [90m[1msavepack[22m | 正在保存文件：res://.godot/imported/101.png-9f9c4a2c0c6b7bdbde634a5312969682.ctex[39m[0m
[  66% ] [90m[1msavepack[22m | 正在保存文件：res://recourse/数据库/101.png.import[39m[0m
[  66% ] [90m[1msavepack[22m | 正在保存文件：res://.godot/imported/102.png-04189b00d573fce0f10d8482a15399b4.ctex[39m[0m
[  66% ] [90m[1msavepack[22m | 正在保存文件：res://recourse/数据库/102.png.import[39m[0m
[  66% ] [90m[1msavepack[22m | 正在保存文件：res://.godot/imported/103.png-0125439d1c7616fabd0ce0584b4da6ae.ctex[39m[0m
[  66% ] [90m[1msavepack[22m | 正在保存文件：res://recourse/数据库/103.png.import[39m[0m
[  66% ] [90m[1msavepack[22m | 正在保存文件：res://.godot/imported/104.png-c301c91d98b0c7657925350f31460278.ctex[39m[0m
[  66% ] [90m[1msavepack[22m | 正在保存文件：res://recourse/数据库/104.png.import[39m[0m
[  66% ] [90m[1msavepack[22m | 正在保存文件：res://.godot/imported/105.png-2650a8ceccd2208fc549792d79f416d2.ctex[39m[0m
[  66% ] [90m[1msavepack[22m | 正在保存文件：res://recourse/数据库/105.png.import[39m[0m
[  66% ] [90m[1msavepack[22m | 正在保存文件：res://.godot/imported/106.png-ef5efc5dbeca92ed4a945f4076fac8d5.ctex[39m[0m
[  66% ] [90m[1msavepack[22m | 正在保存文件：res://recourse/数据库/106.png.import[39m[0m
[  66% ] [90m[1msavepack[22m | 正在保存文件：res://.godot/imported/107.png-f91553544fca7bbd3d5ad854af4f7c6e.ctex[39m[0m
[  66% ] [90m[1msavepack[22m | 正在保存文件：res://recourse/数据库/107.png.import[39m[0m
[  66% ] [90m[1msavepack[22m | 正在保存文件：res://.godot/imported/109.png-fca7565512cbde760cfa3687aff6612a.ctex[39m[0m
[  66% ] [90m[1msavepack[22m | 正在保存文件：res://recourse/数据库/109.png.import[39m[0m
[  66% ] [90m[1msavepack[22m | 正在保存文件：res://.godot/imported/110.png-69899cb2f6f142a2b6526c6e6d652340.ctex[39m[0m
[  66% ] [90m[1msavepack[22m | 正在保存文件：res://recourse/数据库/110.png.import[39m[0m
[  66% ] [90m[1msavepack[22m | 正在保存文件：res://.godot/imported/111.png-cfd9bf6ec71c94340f0eb60b56dea9b7.ctex[39m[0m
[  66% ] [90m[1msavepack[22m | 正在保存文件：res://recourse/数据库/111.png.import[39m[0m
[  66% ] [90m[1msavepack[22m | 正在保存文件：res://.godot/imported/112.png-330e60c651e8c6225b1eea5fbe3821c7.ctex[39m[0m
[  66% ] [90m[1msavepack[22m | 正在保存文件：res://recourse/数据库/112.png.import[39m[0m
[  66% ] [90m[1msavepack[22m | 正在保存文件：res://.godot/imported/113.png-74221a70dbf62c390bd83e0edf163d87.ctex[39m[0m
[  66% ] [90m[1msavepack[22m | 正在保存文件：res://recourse/数据库/113.png.import[39m[0m
[  66% ] [90m[1msavepack[22m | 正在保存文件：res://.godot/imported/114.png-ebe13e2f63ee4e22712da3ae37b27b6f.ctex[39m[0m
[  66% ] [90m[1msavepack[22m | 正在保存文件：res://recourse/数据库/114.png.import[39m[0m
[  67% ] [90m[1msavepack[22m | 正在保存文件：res://.godot/imported/116.png-70cc6f91df0c515e5dd38509baffe8f5.ctex[39m[0m
[  67% ] [90m[1msavepack[22m | 正在保存文件：res://recourse/数据库/116.png.import[39m[0m
[  67% ] [90m[1msavepack[22m | 正在保存文件：res://.godot/imported/118.png-9c31cbf8403415c1c0d62dd660508ce3.ctex[39m[0m
[  67% ] [90m[1msavepack[22m | 正在保存文件：res://recourse/数据库/118.png.import[39m[0m
[  67% ] [90m[1msavepack[22m | 正在保存文件：res://.godot/imported/119.png-8c66ec6733920c64a185a56a709e693d.ctex[39m[0m
[  67% ] [90m[1msavepack[22m | 正在保存文件：res://recourse/数据库/119.png.import[39m[0m
[  67% ] [90m[1msavepack[22m | 正在保存文件：res://.godot/imported/120.png-d97ff6d4e24574b279255f08c0b4860b.ctex[39m[0m
[  67% ] [90m[1msavepack[22m | 正在保存文件：res://recourse/数据库/120.png.import[39m[0m
[  67% ] [90m[1msavepack[22m | 正在保存文件：res://.godot/imported/121.png-b45cf32b929398eaca3674fd36519957.ctex[39m[0m
[  67% ] [90m[1msavepack[22m | 正在保存文件：res://recourse/数据库/121.png.import[39m[0m
[  67% ] [90m[1msavepack[22m | 正在保存文件：res://.godot/imported/122.png-7965e45e1543f0df1365782105dcdf7b.ctex[39m[0m
[  67% ] [90m[1msavepack[22m | 正在保存文件：res://recourse/数据库/122.png.import[39m[0m
[  67% ] [90m[1msavepack[22m | 正在保存文件：res://.godot/imported/123.png-eab2ff708f1980e98f4d60d536024050.ctex[39m[0m
[  67% ] [90m[1msavepack[22m | 正在保存文件：res://recourse/数据库/123.png.import[39m[0m
[  67% ] [90m[1msavepack[22m | 正在保存文件：res://.godot/imported/124.png-44c2719fc5f1299dd200a7c0a7a3bea9.ctex[39m[0m
[  67% ] [90m[1msavepack[22m | 正在保存文件：res://recourse/数据库/124.png.import[39m[0m
[  67% ] [90m[1msavepack[22m | 正在保存文件：res://.godot/imported/125.png-445d4f8ce7ef8c649a8fbbcc380744f5.ctex[39m[0m
[  67% ] [90m[1msavepack[22m | 正在保存文件：res://recourse/数据库/125.png.import[39m[0m
[  67% ] [90m[1msavepack[22m | 正在保存文件：res://.godot/imported/126.png-fad8ecdb8e154f4f609bf4bcd1a8600b.ctex[39m[0m
[  67% ] [90m[1msavepack[22m | 正在保存文件：res://recourse/数据库/126.png.import[39m[0m
[  67% ] [90m[1msavepack[22m | 正在保存文件：res://.godot/imported/127.png-a1eb41b77ccab9bf9814a7bc530bc598.ctex[39m[0m
[  67% ] [90m[1msavepack[22m | 正在保存文件：res://recourse/数据库/127.png.import[39m[0m
[  67% ] [90m[1msavepack[22m | 正在保存文件：res://.godot/imported/128.png-e4d2004a2d3e37147df99b162a93d157.ctex[39m[0m
[  67% ] [90m[1msavepack[22m | 正在保存文件：res://recourse/数据库/128.png.import[39m[0m
[  67% ] [90m[1msavepack[22m | 正在保存文件：res://.godot/imported/129.png-71f61f989d5cbd9eb1ad4f7b3d412a64.ctex[39m[0m
[  67% ] [90m[1msavepack[22m | 正在保存文件：res://recourse/数据库/129.png.import[39m[0m
[  67% ] [90m[1msavepack[22m | 正在保存文件：res://.godot/imported/130.png-0b4e25254030fe2b9c5470da2a3eb503.ctex[39m[0m
[  67% ] [90m[1msavepack[22m | 正在保存文件：res://recourse/数据库/130.png.import[39m[0m
[  68% ] [90m[1msavepack[22m | 正在保存文件：res://.godot/imported/131.png-57437631f5a383ae6302647680085adb.ctex[39m[0m
[  68% ] [90m[1msavepack[22m | 正在保存文件：res://recourse/数据库/131.png.import[39m[0m
[  68% ] [90m[1msavepack[22m | 正在保存文件：res://.godot/imported/132.png-9d3a78437d28df567b0737056375193e.ctex[39m[0m
[  68% ] [90m[1msavepack[22m | 正在保存文件：res://recourse/数据库/132.png.import[39m[0m
[  68% ] [90m[1msavepack[22m | 正在保存文件：res://.godot/imported/133.png-5ea6c77bd6254c6dc99dc24e100c9b4c.ctex[39m[0m
[  68% ] [90m[1msavepack[22m | 正在保存文件：res://recourse/数据库/133.png.import[39m[0m
[  68% ] [90m[1msavepack[22m | 正在保存文件：res://.godot/imported/134.png-4c88e6779d957cc16305712a13251923.ctex[39m[0m
[  68% ] [90m[1msavepack[22m | 正在保存文件：res://recourse/数据库/134.png.import[39m[0m
[  68% ] [90m[1msavepack[22m | 正在保存文件：res://.godot/imported/135.png-d41a393e7bae736138ec34232c24bf0f.ctex[39m[0m
[  68% ] [90m[1msavepack[22m | 正在保存文件：res://recourse/数据库/135.png.import[39m[0m
[  68% ] [90m[1msavepack[22m | 正在保存文件：res://.godot/imported/136.png-eecccdce576b4b0bf2fb6c9160e0d1ca.ctex[39m[0m
[  68% ] [90m[1msavepack[22m | 正在保存文件：res://recourse/数据库/136.png.import[39m[0m
[  68% ] [90m[1msavepack[22m | 正在保存文件：res://.godot/imported/137.png-d2e03c16ed187bbf5d0bf5a48cb04747.ctex[39m[0m
[  68% ] [90m[1msavepack[22m | 正在保存文件：res://recourse/数据库/137.png.import[39m[0m
[  68% ] [90m[1msavepack[22m | 正在保存文件：res://.godot/imported/138.png-8c8569f9531c5171f7be9eba5b7212df.ctex[39m[0m
[  68% ] [90m[1msavepack[22m | 正在保存文件：res://recourse/数据库/138.png.import[39m[0m
[  68% ] [90m[1msavepack[22m | 正在保存文件：res://.godot/imported/139.png-d3d85ec2815e57ada45e76b0ee0373a2.ctex[39m[0m
[  68% ] [90m[1msavepack[22m | 正在保存文件：res://recourse/数据库/139.png.import[39m[0m
[  68% ] [90m[1msavepack[22m | 正在保存文件：res://.godot/imported/140.png-62d0a8b03603f1777c6f92af668b8479.ctex[39m[0m
[  68% ] [90m[1msavepack[22m | 正在保存文件：res://recourse/数据库/140.png.import[39m[0m
[  68% ] [90m[1msavepack[22m | 正在保存文件：res://.godot/imported/141.png-adbd58011a09dd4236f6e53796a65b56.ctex[39m[0m
[  68% ] [90m[1msavepack[22m | 正在保存文件：res://recourse/数据库/141.png.import[39m[0m
[  68% ] [90m[1msavepack[22m | 正在保存文件：res://.godot/imported/142.png-9a659aa62af7d76d67bf8d38671d56a5.ctex[39m[0m
[  68% ] [90m[1msavepack[22m | 正在保存文件：res://recourse/数据库/142.png.import[39m[0m
[  68% ] [90m[1msavepack[22m | 正在保存文件：res://.godot/imported/143.png-80baaf3a8c0a444a14815e3f32a8f93f.ctex[39m[0m
[  68% ] [90m[1msavepack[22m | 正在保存文件：res://recourse/数据库/143.png.import[39m[0m
[  69% ] [90m[1msavepack[22m | 正在保存文件：res://.godot/imported/144.png-89a0433dbc846d26e61ebfed0c305244.ctex[39m[0m
[  69% ] [90m[1msavepack[22m | 正在保存文件：res://recourse/数据库/144.png.import[39m[0m
[  69% ] [90m[1msavepack[22m | 正在保存文件：res://.godot/imported/145.png-bd55cb372740dc7dc342e1ba0a559cae.ctex[39m[0m
[  69% ] [90m[1msavepack[22m | 正在保存文件：res://recourse/数据库/145.png.import[39m[0m
[  69% ] [90m[1msavepack[22m | 正在保存文件：res://.godot/imported/146.png-927b32594e840c1e70797b81a8b48de5.ctex[39m[0m
[  69% ] [90m[1msavepack[22m | 正在保存文件：res://recourse/数据库/146.png.import[39m[0m
[  69% ] [90m[1msavepack[22m | 正在保存文件：res://.godot/imported/147.png-079f2fbeb66a8a64d8d80096df917c08.ctex[39m[0m
[  69% ] [90m[1msavepack[22m | 正在保存文件：res://recourse/数据库/147.png.import[39m[0m
[  69% ] [90m[1msavepack[22m | 正在保存文件：res://.godot/imported/148.png-eb0b4d8f65ef533f4a6ad6adbc43ceac.ctex[39m[0m
[  69% ] [90m[1msavepack[22m | 正在保存文件：res://recourse/数据库/148.png.import[39m[0m
[  69% ] [90m[1msavepack[22m | 正在保存文件：res://.godot/imported/149.png-d181f4a3474d6daa9044920a51921ab4.ctex[39m[0m
[  69% ] [90m[1msavepack[22m | 正在保存文件：res://recourse/数据库/149.png.import[39m[0m
[  69% ] [90m[1msavepack[22m | 正在保存文件：res://.godot/imported/150.png-478a47a3b50e66a0d37d9e9106d9ceaa.ctex[39m[0m
[  69% ] [90m[1msavepack[22m | 正在保存文件：res://recourse/数据库/150.png.import[39m[0m
[  69% ] [90m[1msavepack[22m | 正在保存文件：res://.godot/imported/151.png-fb9734285019a319350774fba2adefe8.ctex[39m[0m
[  69% ] [90m[1msavepack[22m | 正在保存文件：res://recourse/数据库/151.png.import[39m[0m
[  69% ] [90m[1msavepack[22m | 正在保存文件：res://.godot/imported/152.png-c5feea1eac357ea7b0d1ddcb01f78360.ctex[39m[0m
[  69% ] [90m[1msavepack[22m | 正在保存文件：res://recourse/数据库/152.png.import[39m[0m
[  69% ] [90m[1msavepack[22m | 正在保存文件：res://.godot/imported/153.png-0d05f89c5237ef95cb2faf4e0ffa050e.ctex[39m[0m
[  69% ] [90m[1msavepack[22m | 正在保存文件：res://recourse/数据库/153.png.import[39m[0m
[  69% ] [90m[1msavepack[22m | 正在保存文件：res://.godot/imported/154.png-9078b71dac7451a3b97343e863e8a430.ctex[39m[0m
[  69% ] [90m[1msavepack[22m | 正在保存文件：res://recourse/数据库/154.png.import[39m[0m
[  69% ] [90m[1msavepack[22m | 正在保存文件：res://.godot/imported/155.png-9c7b435a2987bad8789b46887749e194.ctex[39m[0m
[  69% ] [90m[1msavepack[22m | 正在保存文件：res://recourse/数据库/155.png.import[39m[0m
[  69% ] [90m[1msavepack[22m | 正在保存文件：res://.godot/imported/156.png-ff414e258157f81dc53d20e4a8e88c68.ctex[39m[0m
[  69% ] [90m[1msavepack[22m | 正在保存文件：res://recourse/数据库/156.png.import[39m[0m
[  70% ] [90m[1msavepack[22m | 正在保存文件：res://.godot/imported/157.png-cd92a57a73cefedacd72f6a04485d7d8.ctex[39m[0m
[  70% ] [90m[1msavepack[22m | 正在保存文件：res://recourse/数据库/157.png.import[39m[0m
[  70% ] [90m[1msavepack[22m | 正在保存文件：res://.godot/imported/158.png-98858653c9f19c7e8dc893daf8f1a9e3.ctex[39m[0m
[  70% ] [90m[1msavepack[22m | 正在保存文件：res://recourse/数据库/158.png.import[39m[0m
[  70% ] [90m[1msavepack[22m | 正在保存文件：res://.godot/imported/159.png-143eacdc92751df49920c207671a1173.ctex[39m[0m
[  70% ] [90m[1msavepack[22m | 正在保存文件：res://recourse/数据库/159.png.import[39m[0m
[  70% ] [90m[1msavepack[22m | 正在保存文件：res://.godot/imported/160.png-576832cc34d5b8966be3b05d5b7897ce.ctex[39m[0m
[  70% ] [90m[1msavepack[22m | 正在保存文件：res://recourse/数据库/160.png.import[39m[0m
[  70% ] [90m[1msavepack[22m | 正在保存文件：res://.godot/imported/161.png-fb97fcdcb160f25d1840e5afcdc6b999.ctex[39m[0m
[  70% ] [90m[1msavepack[22m | 正在保存文件：res://recourse/数据库/161.png.import[39m[0m
[  70% ] [90m[1msavepack[22m | 正在保存文件：res://.godot/imported/162.png-d07259b849da7fc70d035d2a38c37995.ctex[39m[0m
[  70% ] [90m[1msavepack[22m | 正在保存文件：res://recourse/数据库/162.png.import[39m[0m
[  70% ] [90m[1msavepack[22m | 正在保存文件：res://.godot/imported/163.png-a87d252e5be70cbeb8f31fc6e9648c7b.ctex[39m[0m
[  70% ] [90m[1msavepack[22m | 正在保存文件：res://recourse/数据库/163.png.import[39m[0m
[  70% ] [90m[1msavepack[22m | 正在保存文件：res://.godot/imported/164.png-01e5348b3d0c309ca5d10e03321c1a99.ctex[39m[0m
[  70% ] [90m[1msavepack[22m | 正在保存文件：res://recourse/数据库/164.png.import[39m[0m
[  70% ] [90m[1msavepack[22m | 正在保存文件：res://.godot/imported/165.png-154071b13b29ed84b52db6bfc33f46b4.ctex[39m[0m
[  70% ] [90m[1msavepack[22m | 正在保存文件：res://recourse/数据库/165.png.import[39m[0m
[  70% ] [90m[1msavepack[22m | 正在保存文件：res://.godot/imported/166.png-39935e66b4625871e7a2a8136da09c5a.ctex[39m[0m
[  70% ] [90m[1msavepack[22m | 正在保存文件：res://recourse/数据库/166.png.import[39m[0m
[  70% ] [90m[1msavepack[22m | 正在保存文件：res://.godot/imported/167.png-a3843261d5174f2940bf20966b76fefc.ctex[39m[0m
[  70% ] [90m[1msavepack[22m | 正在保存文件：res://recourse/数据库/167.png.import[39m[0m
[  70% ] [90m[1msavepack[22m | 正在保存文件：res://.godot/imported/168.png-15f1fcc36ae10c2fe3280d74c44bdbbc.ctex[39m[0m
[  70% ] [90m[1msavepack[22m | 正在保存文件：res://recourse/数据库/168.png.import[39m[0m
[  70% ] [90m[1msavepack[22m | 正在保存文件：res://.godot/imported/169.png-719a71fe41ac555544db3af3c82e4800.ctex[39m[0m
[  70% ] [90m[1msavepack[22m | 正在保存文件：res://recourse/数据库/169.png.import[39m[0m
[  70% ] [90m[1msavepack[22m | 正在保存文件：res://.godot/imported/170.png-03d97fdd935c21d15df14cb9caace031.ctex[39m[0m
[  70% ] [90m[1msavepack[22m | 正在保存文件：res://recourse/数据库/170.png.import[39m[0m
[  71% ] [90m[1msavepack[22m | 正在保存文件：res://.godot/imported/171.png-ce3c53b703983d9db2e4eccec38e569b.ctex[39m[0m
[  71% ] [90m[1msavepack[22m | 正在保存文件：res://recourse/数据库/171.png.import[39m[0m
[  71% ] [90m[1msavepack[22m | 正在保存文件：res://.godot/imported/172.png-c299ffb6bbbc8a1944ef4d9d79cb7b40.ctex[39m[0m
[  71% ] [90m[1msavepack[22m | 正在保存文件：res://recourse/数据库/172.png.import[39m[0m
[  71% ] [90m[1msavepack[22m | 正在保存文件：res://.godot/imported/173.png-631aff7b918f933afcfc28160293599d.ctex[39m[0m
[  71% ] [90m[1msavepack[22m | 正在保存文件：res://recourse/数据库/173.png.import[39m[0m
[  71% ] [90m[1msavepack[22m | 正在保存文件：res://.godot/imported/174.png-ccbad2b23ffb5848165b0348908ba742.ctex[39m[0m
[  71% ] [90m[1msavepack[22m | 正在保存文件：res://recourse/数据库/174.png.import[39m[0m
[  71% ] [90m[1msavepack[22m | 正在保存文件：res://.godot/imported/175.png-a0642aa582633ca8451b71067e7b4c4e.ctex[39m[0m
[  71% ] [90m[1msavepack[22m | 正在保存文件：res://recourse/数据库/175.png.import[39m[0m
[  71% ] [90m[1msavepack[22m | 正在保存文件：res://.godot/imported/176.png-7256ff2e2c6464d7397e86b6122de132.ctex[39m[0m
[  71% ] [90m[1msavepack[22m | 正在保存文件：res://recourse/数据库/176.png.import[39m[0m
[  71% ] [90m[1msavepack[22m | 正在保存文件：res://.godot/imported/177.png-f1ed71e0e5823542484d4e07571e3959.ctex[39m[0m
[  71% ] [90m[1msavepack[22m | 正在保存文件：res://recourse/数据库/177.png.import[39m[0m
[  71% ] [90m[1msavepack[22m | 正在保存文件：res://.godot/imported/178.png-36656519400cecdcdea612bc47ae64e3.ctex[39m[0m
[  71% ] [90m[1msavepack[22m | 正在保存文件：res://recourse/数据库/178.png.import[39m[0m
[  71% ] [90m[1msavepack[22m | 正在保存文件：res://.godot/imported/character-fdf-029.jpg-a8fd9afb77634923304453f46dff1477.ctex[39m[0m
[  71% ] [90m[1msavepack[22m | 正在保存文件：res://recourse/数据库/character-fdf-029.jpg.import[39m[0m
[  71% ] [90m[1msavepack[22m | 正在保存文件：res://.godot/imported/character-fdf-041.jpg-b57a3a744baa67a69e8dd792948e0bb1.ctex[39m[0m
[  71% ] [90m[1msavepack[22m | 正在保存文件：res://recourse/数据库/character-fdf-041.jpg.import[39m[0m
[  71% ] [90m[1msavepack[22m | 正在保存文件：res://.godot/imported/character-fdf-046.jpg-9b3d59ab5abc345849f6f987ad5177ce.ctex[39m[0m
[  71% ] [90m[1msavepack[22m | 正在保存文件：res://recourse/数据库/character-fdf-046.jpg.import[39m[0m
[  71% ] [90m[1msavepack[22m | 正在保存文件：res://.godot/imported/character-fdf-065.jpg-1bb0619eadabe8259a2212f21a9b9e22.ctex[39m[0m
[  71% ] [90m[1msavepack[22m | 正在保存文件：res://recourse/数据库/character-fdf-065.jpg.import[39m[0m
[  71% ] [90m[1msavepack[22m | 正在保存文件：res://.godot/imported/character-fdf-069.jpg-91ba4d4b16971996dc2124a97cb5774c.ctex[39m[0m
[  71% ] [90m[1msavepack[22m | 正在保存文件：res://recourse/数据库/character-fdf-069.jpg.import[39m[0m
[  72% ] [90m[1msavepack[22m | 正在保存文件：res://.godot/imported/character-fdf-070.jpg-fba3ca797b061655494e8a5d1a3a99db.ctex[39m[0m
[  72% ] [90m[1msavepack[22m | 正在保存文件：res://recourse/数据库/character-fdf-070.jpg.import[39m[0m
[  72% ] [90m[1msavepack[22m | 正在保存文件：res://.godot/imported/character-fdf-090.jpg-170b2c44e72fa606797b7f194a558899.ctex[39m[0m
[  72% ] [90m[1msavepack[22m | 正在保存文件：res://recourse/数据库/character-fdf-090.jpg.import[39m[0m
[  72% ] [90m[1msavepack[22m | 正在保存文件：res://.godot/imported/character-fdf-091.jpg-3375bc594d74fcb5930281c2d93b4d04.ctex[39m[0m
[  72% ] [90m[1msavepack[22m | 正在保存文件：res://recourse/数据库/character-fdf-091.jpg.import[39m[0m
[  72% ] [90m[1msavepack[22m | 正在保存文件：res://.godot/imported/character-fdf-092.jpg-ff25c1a1d20e870554bbfb49a9122495.ctex[39m[0m
[  72% ] [90m[1msavepack[22m | 正在保存文件：res://recourse/数据库/character-fdf-092.jpg.import[39m[0m
[  72% ] [90m[1msavepack[22m | 正在保存文件：res://.godot/imported/character-fdf-093.jpg-421cecffc0073b0c3f687c29df98517e.ctex[39m[0m
[  72% ] [90m[1msavepack[22m | 正在保存文件：res://recourse/数据库/character-fdf-093.jpg.import[39m[0m
[  72% ] [90m[1msavepack[22m | 正在保存文件：res://.godot/imported/character-fdf-094.jpg-c5071b0cd7a936ecd7b2ac71d32e4c83.ctex[39m[0m
[  72% ] [90m[1msavepack[22m | 正在保存文件：res://recourse/数据库/character-fdf-094.jpg.import[39m[0m
[  72% ] [90m[1msavepack[22m | 正在保存文件：res://.godot/imported/character-fdf-095.jpg-380b4f3b689aec4fea7a889eec76caa2.ctex[39m[0m
[  72% ] [90m[1msavepack[22m | 正在保存文件：res://recourse/数据库/character-fdf-095.jpg.import[39m[0m
[  72% ] [90m[1msavepack[22m | 正在保存文件：res://.godot/imported/character-fdf-098.jpg-a5579b41929be180ac2b51df9247d4a6.ctex[39m[0m
[  72% ] [90m[1msavepack[22m | 正在保存文件：res://recourse/数据库/character-fdf-098.jpg.import[39m[0m
[  72% ] [90m[1msavepack[22m | 正在保存文件：res://.godot/imported/character-fdf-099.jpg-b3b41f099c0cff0f692b13edf5cfca12.ctex[39m[0m
[  72% ] [90m[1msavepack[22m | 正在保存文件：res://recourse/数据库/character-fdf-099.jpg.import[39m[0m
[  72% ] [90m[1msavepack[22m | 正在保存文件：res://.godot/imported/character-fdf-100.jpg-b3b110ce87c5ea6eaa2a0b89beaa8268.ctex[39m[0m
[  72% ] [90m[1msavepack[22m | 正在保存文件：res://recourse/数据库/character-fdf-100.jpg.import[39m[0m
[  72% ] [90m[1msavepack[22m | 正在保存文件：res://.godot/imported/character-fdf-101.jpg-a347f6aace07052f607ae85b899b09e0.ctex[39m[0m
[  72% ] [90m[1msavepack[22m | 正在保存文件：res://recourse/数据库/character-fdf-101.jpg.import[39m[0m
[  72% ] [90m[1msavepack[22m | 正在保存文件：res://.godot/imported/character-fdf-102.jpg-50842e9db4dc7d98c6a5e0271c2ceca4.ctex[39m[0m
[  72% ] [90m[1msavepack[22m | 正在保存文件：res://recourse/数据库/character-fdf-102.jpg.import[39m[0m
[  72% ] [90m[1msavepack[22m | 正在保存文件：res://.godot/imported/character-fdf-103.jpg-9155549c58099c6c57f0b0e369faac88.ctex[39m[0m
[  72% ] [90m[1msavepack[22m | 正在保存文件：res://recourse/数据库/character-fdf-103.jpg.import[39m[0m
[  72% ] [90m[1msavepack[22m | 正在保存文件：res://.godot/imported/character-fdf-104.jpg-06df83dece309167a570a93ff73b719a.ctex[39m[0m
[  72% ] [90m[1msavepack[22m | 正在保存文件：res://recourse/数据库/character-fdf-104.jpg.import[39m[0m
[  73% ] [90m[1msavepack[22m | 正在保存文件：res://.godot/imported/character-fdf-105.jpg-e91b1b525ad712cafd3cbbdbe05c8167.ctex[39m[0m
[  73% ] [90m[1msavepack[22m | 正在保存文件：res://recourse/数据库/character-fdf-105.jpg.import[39m[0m
[  73% ] [90m[1msavepack[22m | 正在保存文件：res://.godot/imported/character-fdf-106.jpg-9f990096c52d6f0e92afe14e1e40f63d.ctex[39m[0m
[  73% ] [90m[1msavepack[22m | 正在保存文件：res://recourse/数据库/character-fdf-106.jpg.import[39m[0m
[  73% ] [90m[1msavepack[22m | 正在保存文件：res://.godot/imported/character-fdf-109.jpg-4bf6b86586f4b4cc08925df7e4163702.ctex[39m[0m
[  73% ] [90m[1msavepack[22m | 正在保存文件：res://recourse/数据库/character-fdf-109.jpg.import[39m[0m
[  73% ] [90m[1msavepack[22m | 正在保存文件：res://.godot/imported/character-fdf-110.jpg-98c0c2125cf2038edea3e3bd29b31843.ctex[39m[0m
[  73% ] [90m[1msavepack[22m | 正在保存文件：res://recourse/数据库/character-fdf-110.jpg.import[39m[0m
[  73% ] [90m[1msavepack[22m | 正在保存文件：res://.godot/imported/character-fdf-111.jpg-85aab730e207b67b704af89da4fba322.ctex[39m[0m
[  73% ] [90m[1msavepack[22m | 正在保存文件：res://recourse/数据库/character-fdf-111.jpg.import[39m[0m
[  73% ] [90m[1msavepack[22m | 正在保存文件：res://.godot/imported/character-fdf-112.jpg-1995e7e9828a5c3fc4925b206baab024.ctex[39m[0m
[  73% ] [90m[1msavepack[22m | 正在保存文件：res://recourse/数据库/character-fdf-112.jpg.import[39m[0m
[  73% ] [90m[1msavepack[22m | 正在保存文件：res://.godot/imported/character-fdf-113.jpg-27d2704136e072129fc50fe8b957de45.ctex[39m[0m
[  73% ] [90m[1msavepack[22m | 正在保存文件：res://recourse/数据库/character-fdf-113.jpg.import[39m[0m
[  73% ] [90m[1msavepack[22m | 正在保存文件：res://.godot/imported/character-fdf-114.jpg-504698e5ef15cc19a6610ee205acffca.ctex[39m[0m
[  73% ] [90m[1msavepack[22m | 正在保存文件：res://recourse/数据库/character-fdf-114.jpg.import[39m[0m
[  73% ] [90m[1msavepack[22m | 正在保存文件：res://.godot/imported/character-fdf-115.jpg-5e98d9429d2e464a1c101a6cdd941c27.ctex[39m[0m
[  73% ] [90m[1msavepack[22m | 正在保存文件：res://recourse/数据库/character-fdf-115.jpg.import[39m[0m
[  73% ] [90m[1msavepack[22m | 正在保存文件：res://.godot/imported/character-fdf-116.jpg-cda193687f13ff9f24377d07ac2344fd.ctex[39m[0m
[  73% ] [90m[1msavepack[22m | 正在保存文件：res://recourse/数据库/character-fdf-116.jpg.import[39m[0m
[  73% ] [90m[1msavepack[22m | 正在保存文件：res://.godot/imported/character-fdf-117.jpg-011b1b8c5c74256439f1d3e7ed18547b.ctex[39m[0m
[  73% ] [90m[1msavepack[22m | 正在保存文件：res://recourse/数据库/character-fdf-117.jpg.import[39m[0m
[  73% ] [90m[1msavepack[22m | 正在保存文件：res://.godot/imported/character-fdf-119.jpg-8e9a7eb6c54337b7b293792198404ee9.ctex[39m[0m
[  73% ] [90m[1msavepack[22m | 正在保存文件：res://recourse/数据库/character-fdf-119.jpg.import[39m[0m
[  73% ] [90m[1msavepack[22m | 正在保存文件：res://.godot/imported/character-fdf-ex01.jpg-49ba66933915d84e6b223ba5c59dbee6.ctex[39m[0m
[  73% ] [90m[1msavepack[22m | 正在保存文件：res://recourse/数据库/character-fdf-ex01.jpg.import[39m[0m
[  74% ] [90m[1msavepack[22m | 正在保存文件：res://.godot/imported/character-fdf-ex02.jpg-f30ef7f5e29f3a3dabd833a05df4a0bf.ctex[39m[0m
[  74% ] [90m[1msavepack[22m | 正在保存文件：res://recourse/数据库/character-fdf-ex02.jpg.import[39m[0m
[  74% ] [90m[1msavepack[22m | 正在保存文件：res://.godot/imported/character-fdf-ex03.jpg-5712a9f609b86ee8952218921311a205.ctex[39m[0m
[  74% ] [90m[1msavepack[22m | 正在保存文件：res://recourse/数据库/character-fdf-ex03.jpg.import[39m[0m
[  74% ] [90m[1msavepack[22m | 正在保存文件：res://.godot/imported/character-fdf-ex04.jpg-4e3038649cdf61055f3ab57ceba41718.ctex[39m[0m
[  74% ] [90m[1msavepack[22m | 正在保存文件：res://recourse/数据库/character-fdf-ex04.jpg.import[39m[0m
[  74% ] [90m[1msavepack[22m | 正在保存文件：res://.godot/imported/character-fdf-ex05.jpg-36bd3f8d84832c800dbd0bf481eb9b30.ctex[39m[0m
[  74% ] [90m[1msavepack[22m | 正在保存文件：res://recourse/数据库/character-fdf-ex05.jpg.import[39m[0m
[  74% ] [90m[1msavepack[22m | 正在保存文件：res://.godot/imported/character-fdn-004.jpg-1771bd766480f865f7b4aeeb68529097.ctex[39m[0m
[  74% ] [90m[1msavepack[22m | 正在保存文件：res://recourse/数据库/character-fdn-004.jpg.import[39m[0m
[  74% ] [90m[1msavepack[22m | 正在保存文件：res://.godot/imported/character-fdn-006.jpg-f5292182b0a8106f259b38d9af2cac5d.ctex[39m[0m
[  74% ] [90m[1msavepack[22m | 正在保存文件：res://recourse/数据库/character-fdn-006.jpg.import[39m[0m
[  74% ] [90m[1msavepack[22m | 正在保存文件：res://.godot/imported/character-fdn-007.jpg-afa93c94c1e4ab21385c578414aabbb2.ctex[39m[0m
[  74% ] [90m[1msavepack[22m | 正在保存文件：res://recourse/数据库/character-fdn-007.jpg.import[39m[0m
[  74% ] [90m[1msavepack[22m | 正在保存文件：res://.godot/imported/character-fdn-013.jpg-63af6ae2d3c63e6195da4bc0fa32dbc7.ctex[39m[0m
[  74% ] [90m[1msavepack[22m | 正在保存文件：res://recourse/数据库/character-fdn-013.jpg.import[39m[0m
[  74% ] [90m[1msavepack[22m | 正在保存文件：res://.godot/imported/character-fdn-014.jpg-87e1167b4dbda220bba5841c2930ec8c.ctex[39m[0m
[  74% ] [90m[1msavepack[22m | 正在保存文件：res://recourse/数据库/character-fdn-014.jpg.import[39m[0m
[  74% ] [90m[1msavepack[22m | 正在保存文件：res://.godot/imported/character-fdn-021.jpg-c6d91d7a953d256bf983bd39b80f2422.ctex[39m[0m
[  74% ] [90m[1msavepack[22m | 正在保存文件：res://recourse/数据库/character-fdn-021.jpg.import[39m[0m
[  74% ] [90m[1msavepack[22m | 正在保存文件：res://.godot/imported/character-fdn-024.jpg-6333caa04eef1ddb720f7a2a45a6a713.ctex[39m[0m
[  74% ] [90m[1msavepack[22m | 正在保存文件：res://recourse/数据库/character-fdn-024.jpg.import[39m[0m
[  74% ] [90m[1msavepack[22m | 正在保存文件：res://.godot/imported/character-fdn-025.jpg-a90eebf7814be3b066511cedb34c13b2.ctex[39m[0m
[  74% ] [90m[1msavepack[22m | 正在保存文件：res://recourse/数据库/character-fdn-025.jpg.import[39m[0m
[  74% ] [90m[1msavepack[22m | 正在保存文件：res://.godot/imported/character-fdn-026.jpg-f6139ac3bf9300705d6098b8056c2486.ctex[39m[0m
[  74% ] [90m[1msavepack[22m | 正在保存文件：res://recourse/数据库/character-fdn-026.jpg.import[39m[0m
[  75% ] [90m[1msavepack[22m | 正在保存文件：res://.godot/imported/character-fdn-027.jpg-f9213eba909685d45788b580d34a60b7.ctex[39m[0m
[  75% ] [90m[1msavepack[22m | 正在保存文件：res://recourse/数据库/character-fdn-027.jpg.import[39m[0m
[  75% ] [90m[1msavepack[22m | 正在保存文件：res://.godot/imported/character-fdn-034.jpg-f6e09074d1b5c6cf66765cbb68188bb5.ctex[39m[0m
[  75% ] [90m[1msavepack[22m | 正在保存文件：res://recourse/数据库/character-fdn-034.jpg.import[39m[0m
[  75% ] [90m[1msavepack[22m | 正在保存文件：res://.godot/imported/character-fdn-035.jpg-3f1ebdb345e2eeb80f3554d393bea873.ctex[39m[0m
[  75% ] [90m[1msavepack[22m | 正在保存文件：res://recourse/数据库/character-fdn-035.jpg.import[39m[0m
[  75% ] [90m[1msavepack[22m | 正在保存文件：res://.godot/imported/character-fdn-036.jpg-4edffe8637b15639ee1dfda67d8a2771.ctex[39m[0m
[  75% ] [90m[1msavepack[22m | 正在保存文件：res://recourse/数据库/character-fdn-036.jpg.import[39m[0m
[  75% ] [90m[1msavepack[22m | 正在保存文件：res://.godot/imported/character-fdn-037.jpg-73c3be968f33c8baf224b00c220e9370.ctex[39m[0m
[  75% ] [90m[1msavepack[22m | 正在保存文件：res://recourse/数据库/character-fdn-037.jpg.import[39m[0m
[  75% ] [90m[1msavepack[22m | 正在保存文件：res://.godot/imported/character-fdn-038.jpg-94811e9d02f95109f657fe317da2ac97.ctex[39m[0m
[  75% ] [90m[1msavepack[22m | 正在保存文件：res://recourse/数据库/character-fdn-038.jpg.import[39m[0m
[  75% ] [90m[1msavepack[22m | 正在保存文件：res://.godot/imported/character-fdn-041.jpg-11a0830d752c0b1b730a69dae7db7e3b.ctex[39m[0m
[  75% ] [90m[1msavepack[22m | 正在保存文件：res://recourse/数据库/character-fdn-041.jpg.import[39m[0m
[  75% ] [90m[1msavepack[22m | 正在保存文件：res://.godot/imported/character-fdn-042.jpg-f87b5acde547aa69c6202b66a2c95c6b.ctex[39m[0m
[  75% ] [90m[1msavepack[22m | 正在保存文件：res://recourse/数据库/character-fdn-042.jpg.import[39m[0m
[  75% ] [90m[1msavepack[22m | 正在保存文件：res://.godot/imported/character-fdn-043.jpg-2206eccdaf0f5fe16c9d597627c4708e.ctex[39m[0m
[  75% ] [90m[1msavepack[22m | 正在保存文件：res://recourse/数据库/character-fdn-043.jpg.import[39m[0m
[  75% ] [90m[1msavepack[22m | 正在保存文件：res://.godot/imported/character-fdn-045.jpg-d648dc66b6bc7f684fed182f4cf36be7.ctex[39m[0m
[  75% ] [90m[1msavepack[22m | 正在保存文件：res://recourse/数据库/character-fdn-045.jpg.import[39m[0m
[  75% ] [90m[1msavepack[22m | 正在保存文件：res://.godot/imported/character-fdn-048.jpg-5d6727128cfc4bab5c52d3e65df573db.ctex[39m[0m
[  75% ] [90m[1msavepack[22m | 正在保存文件：res://recourse/数据库/character-fdn-048.jpg.import[39m[0m
[  75% ] [90m[1msavepack[22m | 正在保存文件：res://.godot/imported/character-fdn-067.jpg-8a47affd5424ccb2821557a91a0ea599.ctex[39m[0m
[  75% ] [90m[1msavepack[22m | 正在保存文件：res://recourse/数据库/character-fdn-067.jpg.import[39m[0m
[  75% ] [90m[1msavepack[22m | 正在保存文件：res://.godot/imported/character-fdn-068.jpg-d8777b7571ed4ebed27851b72d87ef0b.ctex[39m[0m
[  75% ] [90m[1msavepack[22m | 正在保存文件：res://recourse/数据库/character-fdn-068.jpg.import[39m[0m
[  75% ] [90m[1msavepack[22m | 正在保存文件：res://.godot/imported/character-fdn-071.jpg-a920715202249c965fb356be9bbc91b1.ctex[39m[0m
[  75% ] [90m[1msavepack[22m | 正在保存文件：res://recourse/数据库/character-fdn-071.jpg.import[39m[0m
[  76% ] [90m[1msavepack[22m | 正在保存文件：res://.godot/imported/character-htk-001.jpg-8bf7ee48a1e2cbee070583d5bbd4010a.ctex[39m[0m
[  76% ] [90m[1msavepack[22m | 正在保存文件：res://recourse/数据库/character-htk-001.jpg.import[39m[0m
[  76% ] [90m[1msavepack[22m | 正在保存文件：res://.godot/imported/character-htk-002.jpg-0130b4a8c9b4837ef72cbd53e56add17.ctex[39m[0m
[  76% ] [90m[1msavepack[22m | 正在保存文件：res://recourse/数据库/character-htk-002.jpg.import[39m[0m
[  76% ] [90m[1msavepack[22m | 正在保存文件：res://.godot/imported/character-htk-005.jpg-0ec9cbf111e6cdb8fcaaace29d91917f.ctex[39m[0m
[  76% ] [90m[1msavepack[22m | 正在保存文件：res://recourse/数据库/character-htk-005.jpg.import[39m[0m
[  76% ] [90m[1msavepack[22m | 正在保存文件：res://.godot/imported/character-kmo-001.jpg-a0fbd90dc45801345423d93cc4799977.ctex[39m[0m
[  76% ] [90m[1msavepack[22m | 正在保存文件：res://recourse/数据库/character-kmo-001.jpg.import[39m[0m
[  76% ] [90m[1msavepack[22m | 正在保存文件：res://.godot/imported/character-kmo-005.jpg-81856474ab7ebc3c4905f05ab7565263.ctex[39m[0m
[  76% ] [90m[1msavepack[22m | 正在保存文件：res://recourse/数据库/character-kmo-005.jpg.import[39m[0m
[  76% ] [90m[1msavepack[22m | 正在保存文件：res://.godot/imported/character-lof-001.jpg-9b93923e4c7b25a1380ed73242dbb747.ctex[39m[0m
[  76% ] [90m[1msavepack[22m | 正在保存文件：res://recourse/数据库/character-lof-001.jpg.import[39m[0m
[  76% ] [90m[1msavepack[22m | 正在保存文件：res://.godot/imported/character-lof-002.jpg-b84890aae72ba120139c48a6c5b18ca3.ctex[39m[0m
[  76% ] [90m[1msavepack[22m | 正在保存文件：res://recourse/数据库/character-lof-002.jpg.import[39m[0m
[  76% ] [90m[1msavepack[22m | 正在保存文件：res://.godot/imported/character-lof-003.jpg-8dfb62481bd6f0db582d908e07c8d321.ctex[39m[0m
[  76% ] [90m[1msavepack[22m | 正在保存文件：res://recourse/数据库/character-lof-003.jpg.import[39m[0m
[  76% ] [90m[1msavepack[22m | 正在保存文件：res://.godot/imported/character-lof-004.jpg-bc1cff4018d79295d41880cc331e16ba.ctex[39m[0m
[  76% ] [90m[1msavepack[22m | 正在保存文件：res://recourse/数据库/character-lof-004.jpg.import[39m[0m
[  76% ] [90m[1msavepack[22m | 正在保存文件：res://.godot/imported/character-lof-017.jpg-4d4db46052c06f7c6dac96d5ada8cf9c.ctex[39m[0m
[  76% ] [90m[1msavepack[22m | 正在保存文件：res://recourse/数据库/character-lof-017.jpg.import[39m[0m
[  76% ] [90m[1msavepack[22m | 正在保存文件：res://.godot/imported/character-mar-020.jpg-dc81d8c5273e4f00b7bc280bac807138.ctex[39m[0m
[  76% ] [90m[1msavepack[22m | 正在保存文件：res://recourse/数据库/character-mar-020.jpg.import[39m[0m
[  76% ] [90m[1msavepack[22m | 正在保存文件：res://.godot/imported/character-mar-021.jpg-2765918b79fe59f6aef9fabdfd919362.ctex[39m[0m
[  76% ] [90m[1msavepack[22m | 正在保存文件：res://recourse/数据库/character-mar-021.jpg.import[39m[0m
[  76% ] [90m[1msavepack[22m | 正在保存文件：res://.godot/imported/character-mar-022.jpg-8161a9b96dcfa489f90266fbcd94f090.ctex[39m[0m
[  76% ] [90m[1msavepack[22m | 正在保存文件：res://recourse/数据库/character-mar-022.jpg.import[39m[0m
[  77% ] [90m[1msavepack[22m | 正在保存文件：res://.godot/imported/character-mar-023.jpg-0ace2c6fcc60b0ec969a5b0ce85dd945.ctex[39m[0m
[  77% ] [90m[1msavepack[22m | 正在保存文件：res://recourse/数据库/character-mar-023.jpg.import[39m[0m
[  77% ] [90m[1msavepack[22m | 正在保存文件：res://.godot/imported/character-mar-024.jpg-d33b0a1d2d9c00362647a396f8eb646c.ctex[39m[0m
[  77% ] [90m[1msavepack[22m | 正在保存文件：res://recourse/数据库/character-mar-024.jpg.import[39m[0m
[  77% ] [90m[1msavepack[22m | 正在保存文件：res://.godot/imported/character-mar-025.jpg-2f4d031c52a5767c50b8f1e4acd238f2.ctex[39m[0m
[  77% ] [90m[1msavepack[22m | 正在保存文件：res://recourse/数据库/character-mar-025.jpg.import[39m[0m
[  77% ] [90m[1msavepack[22m | 正在保存文件：res://.godot/imported/character-mar-ex01.jpg-3bf66d60ed868dc462209a11293123d3.ctex[39m[0m
[  77% ] [90m[1msavepack[22m | 正在保存文件：res://recourse/数据库/character-mar-ex01.jpg.import[39m[0m
[  77% ] [90m[1msavepack[22m | 正在保存文件：res://.godot/imported/character-mar-ex.jpg-b4d977babd4df269193dc0511eb91bf4.ctex[39m[0m
[  77% ] [90m[1msavepack[22m | 正在保存文件：res://recourse/数据库/character-mar-ex.jpg.import[39m[0m
[  77% ] [90m[1msavepack[22m | 正在保存文件：res://.godot/imported/character-rec-096.jpg-397de56ef28a8fd1c4acbe95fbec3bff.ctex[39m[0m
[  77% ] [90m[1msavepack[22m | 正在保存文件：res://recourse/数据库/character-rec-096.jpg.import[39m[0m
[  77% ] [90m[1msavepack[22m | 正在保存文件：res://.godot/imported/character-rec-104.jpg-2da647feec1869d5684cf6adc3965ca4.ctex[39m[0m
[  77% ] [90m[1msavepack[22m | 正在保存文件：res://recourse/数据库/character-rec-104.jpg.import[39m[0m
[  77% ] [90m[1msavepack[22m | 正在保存文件：res://.godot/imported/character-rei-001.jpg-620161338cf26548ed9bc377740cbb1b.ctex[39m[0m
[  77% ] [90m[1msavepack[22m | 正在保存文件：res://recourse/数据库/character-rei-001.jpg.import[39m[0m
[  77% ] [90m[1msavepack[22m | 正在保存文件：res://.godot/imported/character-rei-007.jpg-7ac74737e2433466d8ff8f32b7899156.ctex[39m[0m
[  77% ] [90m[1msavepack[22m | 正在保存文件：res://recourse/数据库/character-rei-007.jpg.import[39m[0m
[  77% ] [90m[1msavepack[22m | 正在保存文件：res://.godot/imported/character-rei-017.jpg-43d3c438b4b9146be163b18b31860bd8.ctex[39m[0m
[  77% ] [90m[1msavepack[22m | 正在保存文件：res://recourse/数据库/character-rei-017.jpg.import[39m[0m
[  77% ] [90m[1msavepack[22m | 正在保存文件：res://.godot/imported/character-rei-022.jpg-11bab127189c6644e0046e212f915071.ctex[39m[0m
[  77% ] [90m[1msavepack[22m | 正在保存文件：res://recourse/数据库/character-rei-022.jpg.import[39m[0m
[  77% ] [90m[1msavepack[22m | 正在保存文件：res://.godot/imported/character-rei-023.jpg-f3f46b32a05e38f3d7c1a02eeaef299a.ctex[39m[0m
[  77% ] [90m[1msavepack[22m | 正在保存文件：res://recourse/数据库/character-rei-023.jpg.import[39m[0m
[  77% ] [90m[1msavepack[22m | 正在保存文件：res://.godot/imported/character-rei-026.jpg-eca8e945a1bbd818a5fc15374445fdee.ctex[39m[0m
[  77% ] [90m[1msavepack[22m | 正在保存文件：res://recourse/数据库/character-rei-026.jpg.import[39m[0m
[  77% ] [90m[1msavepack[22m | 正在保存文件：res://.godot/imported/character-rei-ex01.jpg-10a36f35005b699fedd157543e0ca211.ctex[39m[0m
[  77% ] [90m[1msavepack[22m | 正在保存文件：res://recourse/数据库/character-rei-ex01.jpg.import[39m[0m
[  78% ] [90m[1msavepack[22m | 正在保存文件：res://.godot/imported/character-smm01.jpg-7d26a3509131ea74abadae49ae21dff9.ctex[39m[0m
[  78% ] [90m[1msavepack[22m | 正在保存文件：res://recourse/数据库/character-smm01.jpg.import[39m[0m
[  78% ] [90m[1msavepack[22m | 正在保存文件：res://.godot/imported/character-smm05.jpg-0b57c9fd8c0cebed870dc6e6f71df155.ctex[39m[0m
[  78% ] [90m[1msavepack[22m | 正在保存文件：res://recourse/数据库/character-smm05.jpg.import[39m[0m
[  78% ] [90m[1msavepack[22m | 正在保存文件：res://.godot/imported/character-smm07.jpg-0950bd437b2aa5c059aea841ab7c04d5.ctex[39m[0m
[  78% ] [90m[1msavepack[22m | 正在保存文件：res://recourse/数据库/character-smm07.jpg.import[39m[0m
[  78% ] [90m[1msavepack[22m | 正在保存文件：res://.godot/imported/character-soi-006.png-0033001a539e7929de460567de81e9df.ctex[39m[0m
[  78% ] [90m[1msavepack[22m | 正在保存文件：res://recourse/数据库/character-soi-006.png.import[39m[0m
[  78% ] [90m[1msavepack[22m | 正在保存文件：res://.godot/imported/character-soi-018.png-5f3ce126cd121daaa238f782d201a634.ctex[39m[0m
[  78% ] [90m[1msavepack[22m | 正在保存文件：res://recourse/数据库/character-soi-018.png.import[39m[0m
[  78% ] [90m[1msavepack[22m | 正在保存文件：res://.godot/imported/character-ucs-003.jpg-6262de17fe1affd187fa90544a5daf4a.ctex[39m[0m
[  78% ] [90m[1msavepack[22m | 正在保存文件：res://recourse/数据库/character-ucs-003.jpg.import[39m[0m
[  78% ] [90m[1msavepack[22m | 正在保存文件：res://.godot/imported/character-ucs-007.jpg-d7baef18a6a9ca87bab0a0c752fb3d75.ctex[39m[0m
[  78% ] [90m[1msavepack[22m | 正在保存文件：res://recourse/数据库/character-ucs-007.jpg.import[39m[0m
[  78% ] [90m[1msavepack[22m | 正在保存文件：res://.godot/imported/character-ucs-010.jpg-7ff2ac55ae4c67367dbfd1f3542fdd55.ctex[39m[0m
[  78% ] [90m[1msavepack[22m | 正在保存文件：res://recourse/数据库/character-ucs-010.jpg.import[39m[0m
[  78% ] [90m[1msavepack[22m | 正在保存文件：res://.godot/imported/character-ucs-016.jpg-5815aa8d7aa48e03001223b3adcfc499.ctex[39m[0m
[  78% ] [90m[1msavepack[22m | 正在保存文件：res://recourse/数据库/character-ucs-016.jpg.import[39m[0m
[  78% ] [90m[1msavepack[22m | 正在保存文件：res://.godot/imported/character-ucs-020.jpg-67f7ee2c54973d1f6495e3d82a133ee9.ctex[39m[0m
[  78% ] [90m[1msavepack[22m | 正在保存文件：res://recourse/数据库/character-ucs-020.jpg.import[39m[0m
[  78% ] [90m[1msavepack[22m | 正在保存文件：res://.godot/imported/character-ucs-021.jpg-0dfb91a8a0479befb67cf08f6e857435.ctex[39m[0m
[  78% ] [90m[1msavepack[22m | 正在保存文件：res://recourse/数据库/character-ucs-021.jpg.import[39m[0m
[  78% ] [90m[1msavepack[22m | 正在保存文件：res://.godot/imported/character-ucs-023.jpg-2b77b8b2f33c671f07dd6f8be7a1fa23.ctex[39m[0m
[  78% ] [90m[1msavepack[22m | 正在保存文件：res://recourse/数据库/character-ucs-023.jpg.import[39m[0m
[  78% ] [90m[1msavepack[22m | 正在保存文件：res://.godot/imported/character-ucs-025.jpg-bcd76e55aa07414b701816b0f2d1f41d.ctex[39m[0m
[  78% ] [90m[1msavepack[22m | 正在保存文件：res://recourse/数据库/character-ucs-025.jpg.import[39m[0m
[  79% ] [90m[1msavepack[22m | 正在保存文件：res://.godot/imported/character-ucs-032.jpg-3ec8e3d041cc19d89a9112103ccf11bb.ctex[39m[0m
[  79% ] [90m[1msavepack[22m | 正在保存文件：res://recourse/数据库/character-ucs-032.jpg.import[39m[0m
[  79% ] [90m[1msavepack[22m | 正在保存文件：res://.godot/imported/character-ucs-034.jpg-39c44e640a49671bcd5773e6516f9884.ctex[39m[0m
[  79% ] [90m[1msavepack[22m | 正在保存文件：res://recourse/数据库/character-ucs-034.jpg.import[39m[0m
[  79% ] [90m[1msavepack[22m | 正在保存文件：res://.godot/imported/character-ucs-036.jpg-dc4915f5fe12ac37666d796cd576a8f9.ctex[39m[0m
[  79% ] [90m[1msavepack[22m | 正在保存文件：res://recourse/数据库/character-ucs-036.jpg.import[39m[0m
[  79% ] [90m[1msavepack[22m | 正在保存文件：res://.godot/imported/character-ucs-038.jpg-4ff5ef267634ff09d5edf0f15cd34873.ctex[39m[0m
[  79% ] [90m[1msavepack[22m | 正在保存文件：res://recourse/数据库/character-ucs-038.jpg.import[39m[0m
[  79% ] [90m[1msavepack[22m | 正在保存文件：res://.godot/imported/character-ucs-042.jpg-1caf96208604968288038d5d8dcae863.ctex[39m[0m
[  79% ] [90m[1msavepack[22m | 正在保存文件：res://recourse/数据库/character-ucs-042.jpg.import[39m[0m
[  79% ] [90m[1msavepack[22m | 正在保存文件：res://.godot/imported/character-ucs-044.jpg-ca825b4ab02dcffbb3cec339117f013b.ctex[39m[0m
[  79% ] [90m[1msavepack[22m | 正在保存文件：res://recourse/数据库/character-ucs-044.jpg.import[39m[0m
[  79% ] [90m[1msavepack[22m | 正在保存文件：res://.godot/imported/character-ucs-046.jpg-0e40db919841356354b98c2182efd4bf.ctex[39m[0m
[  79% ] [90m[1msavepack[22m | 正在保存文件：res://recourse/数据库/character-ucs-046.jpg.import[39m[0m
[  79% ] [90m[1msavepack[22m | 正在保存文件：res://.godot/imported/character-ucs-048.jpg-75724036f558e06332f1e00254d795a5.ctex[39m[0m
[  79% ] [90m[1msavepack[22m | 正在保存文件：res://recourse/数据库/character-ucs-048.jpg.import[39m[0m
[  79% ] [90m[1msavepack[22m | 正在保存文件：res://.godot/imported/character-ucs-053.jpg-eb813cf76372520057ae5c5192c358ec.ctex[39m[0m
[  79% ] [90m[1msavepack[22m | 正在保存文件：res://recourse/数据库/character-ucs-053.jpg.import[39m[0m
[  79% ] [90m[1msavepack[22m | 正在保存文件：res://.godot/imported/character-ucs-056.jpg-67da055e2ecb1c9e7c9d35d405036152.ctex[39m[0m
[  79% ] [90m[1msavepack[22m | 正在保存文件：res://recourse/数据库/character-ucs-056.jpg.import[39m[0m
[  79% ] [90m[1msavepack[22m | 正在保存文件：res://.godot/imported/character-ucs-058.jpg-489d6cdbda2efdba992fa4b2644b8dfd.ctex[39m[0m
[  79% ] [90m[1msavepack[22m | 正在保存文件：res://recourse/数据库/character-ucs-058.jpg.import[39m[0m
[  79% ] [90m[1msavepack[22m | 正在保存文件：res://.godot/imported/character-ucs-060.jpg-72bf143fdc67a8c8b7e01f49dcbde206.ctex[39m[0m
[  79% ] [90m[1msavepack[22m | 正在保存文件：res://recourse/数据库/character-ucs-060.jpg.import[39m[0m
[  79% ] [90m[1msavepack[22m | 正在保存文件：res://.godot/imported/character-ucs-061.jpg-408de8ca4f6d1a195e7a787e0bdb4280.ctex[39m[0m
[  79% ] [90m[1msavepack[22m | 正在保存文件：res://recourse/数据库/character-ucs-061.jpg.import[39m[0m
[  80% ] [90m[1msavepack[22m | 正在保存文件：res://.godot/imported/character-ucs-063.jpg-0a99979d41932af733bb9834282bf561.ctex[39m[0m
[  80% ] [90m[1msavepack[22m | 正在保存文件：res://recourse/数据库/character-ucs-063.jpg.import[39m[0m
[  80% ] [90m[1msavepack[22m | 正在保存文件：res://.godot/imported/character-ucs-065.jpg-332c49086749fc689a36c116a92070bc.ctex[39m[0m
[  80% ] [90m[1msavepack[22m | 正在保存文件：res://recourse/数据库/character-ucs-065.jpg.import[39m[0m
[  80% ] [90m[1msavepack[22m | 正在保存文件：res://.godot/imported/character-ucs-066.jpg-ddd52fd6c640aa4a43911f09cfa43ce0.ctex[39m[0m
[  80% ] [90m[1msavepack[22m | 正在保存文件：res://recourse/数据库/character-ucs-066.jpg.import[39m[0m
[  80% ] [90m[1msavepack[22m | 正在保存文件：res://.godot/imported/character-ucs-067.jpg-1ae1d849f79ba50f792bc95bc85b16ba.ctex[39m[0m
[  80% ] [90m[1msavepack[22m | 正在保存文件：res://recourse/数据库/character-ucs-067.jpg.import[39m[0m
[  80% ] [90m[1msavepack[22m | 正在保存文件：res://.godot/imported/character-ucs-068.jpg-5409abfc45471d0ddc111074c4488c2b.ctex[39m[0m
[  80% ] [90m[1msavepack[22m | 正在保存文件：res://recourse/数据库/character-ucs-068.jpg.import[39m[0m
[  80% ] [90m[1msavepack[22m | 正在保存文件：res://.godot/imported/character-ucs-069.jpg-4dad4b9fdbef77a5fb86afa037081458.ctex[39m[0m
[  80% ] [90m[1msavepack[22m | 正在保存文件：res://recourse/数据库/character-ucs-069.jpg.import[39m[0m
[  80% ] [90m[1msavepack[22m | 正在保存文件：res://.godot/imported/character-ucs-071.jpg-7a86b57b93de958dd94dfe804012e206.ctex[39m[0m
[  80% ] [90m[1msavepack[22m | 正在保存文件：res://recourse/数据库/character-ucs-071.jpg.import[39m[0m
[  80% ] [90m[1msavepack[22m | 正在保存文件：res://.godot/imported/character-ucs-072.jpg-fae2e9490487176417a048be4219efa7.ctex[39m[0m
[  80% ] [90m[1msavepack[22m | 正在保存文件：res://recourse/数据库/character-ucs-072.jpg.import[39m[0m
[  80% ] [90m[1msavepack[22m | 正在保存文件：res://.godot/imported/character-ucs-073.jpg-2072ecf037beb51053e7daff879831d0.ctex[39m[0m
[  80% ] [90m[1msavepack[22m | 正在保存文件：res://recourse/数据库/character-ucs-073.jpg.import[39m[0m
[  80% ] [90m[1msavepack[22m | 正在保存文件：res://.godot/imported/field-fdf-089.jpg-1fe3ecda9d933228833f4e2f8a928b52.ctex[39m[0m
[  80% ] [90m[1msavepack[22m | 正在保存文件：res://recourse/数据库/field-fdf-089.jpg.import[39m[0m
[  80% ] [90m[1msavepack[22m | 正在保存文件：res://.godot/imported/field-fdf-107.jpg-49db1180226b9033ba995a209eecb2b5.ctex[39m[0m
[  80% ] [90m[1msavepack[22m | 正在保存文件：res://recourse/数据库/field-fdf-107.jpg.import[39m[0m
[  80% ] [90m[1msavepack[22m | 正在保存文件：res://.godot/imported/field-fdf-108.jpg-e54b69cbf9adddd9bd01347a9ea05683.ctex[39m[0m
[  80% ] [90m[1msavepack[22m | 正在保存文件：res://recourse/数据库/field-fdf-108.jpg.import[39m[0m
[  80% ] [90m[1msavepack[22m | 正在保存文件：res://.godot/imported/field-fdn-016.jpg-43f7ccd1bf30ad0922f7320a95a0cbaf.ctex[39m[0m
[  80% ] [90m[1msavepack[22m | 正在保存文件：res://recourse/数据库/field-fdn-016.jpg.import[39m[0m
[  80% ] [90m[1msavepack[22m | 正在保存文件：res://.godot/imported/field-mar-006.jpg-6acaf193770677e27182f0224ec5e9be.ctex[39m[0m
[  80% ] [90m[1msavepack[22m | 正在保存文件：res://recourse/数据库/field-mar-006.jpg.import[39m[0m
[  81% ] [90m[1msavepack[22m | 正在保存文件：res://.godot/imported/field-rei-003.jpg-6cb16e3c63e36021c3be8952836f16fd.ctex[39m[0m
[  81% ] [90m[1msavepack[22m | 正在保存文件：res://recourse/数据库/field-rei-003.jpg.import[39m[0m
[  81% ] [90m[1msavepack[22m | 正在保存文件：res://.godot/imported/field-rei-004.jpg-8a6861517114966c49e651b9b691ab83.ctex[39m[0m
[  81% ] [90m[1msavepack[22m | 正在保存文件：res://recourse/数据库/field-rei-004.jpg.import[39m[0m
[  81% ] [90m[1msavepack[22m | 正在保存文件：res://.godot/imported/field-rei-005.jpg-727ea8b4f810439e04c0cdeac56cd134.ctex[39m[0m
[  81% ] [90m[1msavepack[22m | 正在保存文件：res://recourse/数据库/field-rei-005.jpg.import[39m[0m
[  81% ] [90m[1msavepack[22m | 正在保存文件：res://.godot/imported/field-rei-013.jpg-5119207fdafee65960b83a6c611e76c9.ctex[39m[0m
[  81% ] [90m[1msavepack[22m | 正在保存文件：res://recourse/数据库/field-rei-013.jpg.import[39m[0m
[  81% ] [90m[1msavepack[22m | 正在保存文件：res://.godot/imported/field-smm-004.jpg-9f36d1be2ef7e7d85fb0b288dacca7d0.ctex[39m[0m
[  81% ] [90m[1msavepack[22m | 正在保存文件：res://recourse/数据库/field-smm-004.jpg.import[39m[0m
[  81% ] [90m[1msavepack[22m | 正在保存文件：res://.godot/imported/field-ucs-064.jpg-3aafead385f14808afd2d0b9d019cd25.ctex[39m[0m
[  81% ] [90m[1msavepack[22m | 正在保存文件：res://recourse/数据库/field-ucs-064.jpg.import[39m[0m
[  81% ] [90m[1msavepack[22m | 正在保存文件：res://.godot/imported/item-fdf-096.jpg-f078127e7cc59f3088d533f89e853183.ctex[39m[0m
[  81% ] [90m[1msavepack[22m | 正在保存文件：res://recourse/数据库/item-fdf-096.jpg.import[39m[0m
[  81% ] [90m[1msavepack[22m | 正在保存文件：res://.godot/imported/item-fdf-097.jpg-0849041418dc67a17b7138228018565c.ctex[39m[0m
[  81% ] [90m[1msavepack[22m | 正在保存文件：res://recourse/数据库/item-fdf-097.jpg.import[39m[0m
[  81% ] [90m[1msavepack[22m | 正在保存文件：res://.godot/imported/item-fdn-044.jpg-fa292ef8762b3e7d8ce5e1bf3048435b.ctex[39m[0m
[  81% ] [90m[1msavepack[22m | 正在保存文件：res://recourse/数据库/item-fdn-044.jpg.import[39m[0m
[  81% ] [90m[1msavepack[22m | 正在保存文件：res://.godot/imported/item-htk-008.jpg-e85630560ed1b2e70daf746ec171e87c.ctex[39m[0m
[  81% ] [90m[1msavepack[22m | 正在保存文件：res://recourse/数据库/item-htk-008.jpg.import[39m[0m
[  81% ] [90m[1msavepack[22m | 正在保存文件：res://.godot/imported/item-lof-009.jpg-c2382face44211b54afefef4341e0945.ctex[39m[0m
[  81% ] [90m[1msavepack[22m | 正在保存文件：res://recourse/数据库/item-lof-009.jpg.import[39m[0m
[  81% ] [90m[1msavepack[22m | 正在保存文件：res://.godot/imported/item-mar-017.jpg-60e181b80ab67bb60ce6a1892a90aff0.ctex[39m[0m
[  81% ] [90m[1msavepack[22m | 正在保存文件：res://recourse/数据库/item-mar-017.jpg.import[39m[0m
[  81% ] [90m[1msavepack[22m | 正在保存文件：res://.godot/imported/item-ucs-005.jpg-a0a301378b47b210e208bf48d97df8a0.ctex[39m[0m
[  81% ] [90m[1msavepack[22m | 正在保存文件：res://recourse/数据库/item-ucs-005.jpg.import[39m[0m
[  82% ] [90m[1msavepack[22m | 正在保存文件：res://.godot/imported/item-ucs-012.jpg-1977b26a8cf06911940d9ad9b0bed815.ctex[39m[0m
[  82% ] [90m[1msavepack[22m | 正在保存文件：res://recourse/数据库/item-ucs-012.jpg.import[39m[0m
[  82% ] [90m[1msavepack[22m | 正在保存文件：res://.godot/imported/item-ucs-013.jpg-3ee7d2b0c2cf02296c3d38eb73420c34.ctex[39m[0m
[  82% ] [90m[1msavepack[22m | 正在保存文件：res://recourse/数据库/item-ucs-013.jpg.import[39m[0m
[  82% ] [90m[1msavepack[22m | 正在保存文件：res://.godot/imported/item-ucs-017.jpg-16dc6ee191e809099bd21e05daf069fa.ctex[39m[0m
[  82% ] [90m[1msavepack[22m | 正在保存文件：res://recourse/数据库/item-ucs-017.jpg.import[39m[0m
[  82% ] [90m[1msavepack[22m | 正在保存文件：res://.godot/imported/rec_unit_097.jpg-8b05e7b4d45cb8e8f081a6c92a3ecf75.ctex[39m[0m
[  82% ] [90m[1msavepack[22m | 正在保存文件：res://recourse/数据库/rec_unit_097.jpg.import[39m[0m
[  82% ] [90m[1msavepack[22m | 正在保存文件：res://.godot/imported/soi_unit_004.jpg-4ffe76e99c428d3cc963dd4719b2d62f.ctex[39m[0m
[  82% ] [90m[1msavepack[22m | 正在保存文件：res://recourse/数据库/soi_unit_004.jpg.import[39m[0m
[  82% ] [90m[1msavepack[22m | 正在保存文件：res://.godot/imported/soi_unit_086.jpg-3b3ae88dfcd51c919dd0095e513acd93.ctex[39m[0m
[  82% ] [90m[1msavepack[22m | 正在保存文件：res://recourse/数据库/soi_unit_086.jpg.import[39m[0m
[  82% ] [90m[1msavepack[22m | 正在保存文件：res://.godot/imported/spell-fdf-001.jpg-c67ab48091462843d0a23ddcb74bade3.ctex[39m[0m
[  82% ] [90m[1msavepack[22m | 正在保存文件：res://recourse/数据库/spell-fdf-001.jpg.import[39m[0m
[  82% ] [90m[1msavepack[22m | 正在保存文件：res://.godot/imported/spell-fdf-002.jpg-1107fc3d770540760237a3b2c193d455.ctex[39m[0m
[  82% ] [90m[1msavepack[22m | 正在保存文件：res://recourse/数据库/spell-fdf-002.jpg.import[39m[0m
[  82% ] [90m[1msavepack[22m | 正在保存文件：res://.godot/imported/spell-fdf-003.jpg-54a86efe814b0798a5c71d5407522598.ctex[39m[0m
[  82% ] [90m[1msavepack[22m | 正在保存文件：res://recourse/数据库/spell-fdf-003.jpg.import[39m[0m
[  82% ] [90m[1msavepack[22m | 正在保存文件：res://.godot/imported/spell-fdf-005.jpg-bd16f935b4f9ec1c029d3f36e1efa282.ctex[39m[0m
[  82% ] [90m[1msavepack[22m | 正在保存文件：res://recourse/数据库/spell-fdf-005.jpg.import[39m[0m
[  82% ] [90m[1msavepack[22m | 正在保存文件：res://.godot/imported/spell-fdf-006.jpg-90cb558485ee2d85070899db68bbd9b1.ctex[39m[0m
[  82% ] [90m[1msavepack[22m | 正在保存文件：res://recourse/数据库/spell-fdf-006.jpg.import[39m[0m
[  82% ] [90m[1msavepack[22m | 正在保存文件：res://.godot/imported/spell-fdf-007.jpg-ce6911e3662b434bc76f1998433b0fba.ctex[39m[0m
[  82% ] [90m[1msavepack[22m | 正在保存文件：res://recourse/数据库/spell-fdf-007.jpg.import[39m[0m
[  82% ] [90m[1msavepack[22m | 正在保存文件：res://.godot/imported/spell-fdf-008.jpg-20fbf1c9d16021acb6b85370670fd3a6.ctex[39m[0m
[  82% ] [90m[1msavepack[22m | 正在保存文件：res://recourse/数据库/spell-fdf-008.jpg.import[39m[0m
[  83% ] [90m[1msavepack[22m | 正在保存文件：res://.godot/imported/spell-fdf-009.jpg-a8e59686d3a325c55e6da97eb755db2d.ctex[39m[0m
[  83% ] [90m[1msavepack[22m | 正在保存文件：res://recourse/数据库/spell-fdf-009.jpg.import[39m[0m
[  83% ] [90m[1msavepack[22m | 正在保存文件：res://.godot/imported/spell-fdf-010.jpg-7b052a505d70d451b2785b518a40165a.ctex[39m[0m
[  83% ] [90m[1msavepack[22m | 正在保存文件：res://recourse/数据库/spell-fdf-010.jpg.import[39m[0m
[  83% ] [90m[1msavepack[22m | 正在保存文件：res://.godot/imported/spell-fdf-011.jpg-3f1d9cfc27e7fdd30ecd69b5bb040856.ctex[39m[0m
[  83% ] [90m[1msavepack[22m | 正在保存文件：res://recourse/数据库/spell-fdf-011.jpg.import[39m[0m
[  83% ] [90m[1msavepack[22m | 正在保存文件：res://.godot/imported/spell-fdf-012.jpg-a6b121ce222d42aa771e569cd750fd64.ctex[39m[0m
[  83% ] [90m[1msavepack[22m | 正在保存文件：res://recourse/数据库/spell-fdf-012.jpg.import[39m[0m
[  83% ] [90m[1msavepack[22m | 正在保存文件：res://.godot/imported/spell-fdf-013.jpg-75f148743359bb83a434dacddf697b20.ctex[39m[0m
[  83% ] [90m[1msavepack[22m | 正在保存文件：res://recourse/数据库/spell-fdf-013.jpg.import[39m[0m
[  83% ] [90m[1msavepack[22m | 正在保存文件：res://.godot/imported/spell-fdf-014.jpg-6e1598f5c369b53a659de64ac61923a8.ctex[39m[0m
[  83% ] [90m[1msavepack[22m | 正在保存文件：res://recourse/数据库/spell-fdf-014.jpg.import[39m[0m
[  83% ] [90m[1msavepack[22m | 正在保存文件：res://.godot/imported/spell-fdf-015.jpg-d45ff22e3302b117780a238f45b9ec96.ctex[39m[0m
[  83% ] [90m[1msavepack[22m | 正在保存文件：res://recourse/数据库/spell-fdf-015.jpg.import[39m[0m
[  83% ] [90m[1msavepack[22m | 正在保存文件：res://.godot/imported/spell-fdf-016.jpg-02b3be4ecabba209b692cd1610d4e6f7.ctex[39m[0m
[  83% ] [90m[1msavepack[22m | 正在保存文件：res://recourse/数据库/spell-fdf-016.jpg.import[39m[0m
[  83% ] [90m[1msavepack[22m | 正在保存文件：res://.godot/imported/spell-fdf-017.jpg-48412929283729f85f1a7958c5632f2f.ctex[39m[0m
[  83% ] [90m[1msavepack[22m | 正在保存文件：res://recourse/数据库/spell-fdf-017.jpg.import[39m[0m
[  83% ] [90m[1msavepack[22m | 正在保存文件：res://.godot/imported/spell-fdf-018.jpg-553e8c4ffc57bd3683185a524b36fb8a.ctex[39m[0m
[  83% ] [90m[1msavepack[22m | 正在保存文件：res://recourse/数据库/spell-fdf-018.jpg.import[39m[0m
[  83% ] [90m[1msavepack[22m | 正在保存文件：res://.godot/imported/spell-fdf-019.jpg-26c737c5e595b3522c3c110a003929d8.ctex[39m[0m
[  83% ] [90m[1msavepack[22m | 正在保存文件：res://recourse/数据库/spell-fdf-019.jpg.import[39m[0m
[  83% ] [90m[1msavepack[22m | 正在保存文件：res://.godot/imported/spell-fdf-021.jpg-1a96c0533aa5dc21f1cf826331ea1795.ctex[39m[0m
[  83% ] [90m[1msavepack[22m | 正在保存文件：res://recourse/数据库/spell-fdf-021.jpg.import[39m[0m
[  83% ] [90m[1msavepack[22m | 正在保存文件：res://.godot/imported/spell-fdf-022.jpg-a291c021df4e00162f1fd7252f148b90.ctex[39m[0m
[  83% ] [90m[1msavepack[22m | 正在保存文件：res://recourse/数据库/spell-fdf-022.jpg.import[39m[0m
[  83% ] [90m[1msavepack[22m | 正在保存文件：res://.godot/imported/spell-fdf-023.jpg-4d7616a850f91e87396497f4f2c9696a.ctex[39m[0m
[  83% ] [90m[1msavepack[22m | 正在保存文件：res://recourse/数据库/spell-fdf-023.jpg.import[39m[0m
[  84% ] [90m[1msavepack[22m | 正在保存文件：res://.godot/imported/spell-fdf-024.jpg-f0357df0fdd5ffec1a95e3e023d43fc7.ctex[39m[0m
[  84% ] [90m[1msavepack[22m | 正在保存文件：res://recourse/数据库/spell-fdf-024.jpg.import[39m[0m
[  84% ] [90m[1msavepack[22m | 正在保存文件：res://.godot/imported/spell-fdf-025.jpg-956fc05d26884b9074694dad861a994a.ctex[39m[0m
[  84% ] [90m[1msavepack[22m | 正在保存文件：res://recourse/数据库/spell-fdf-025.jpg.import[39m[0m
[  84% ] [90m[1msavepack[22m | 正在保存文件：res://.godot/imported/spell-fdf-026.jpg-92821411f3b66f0f1beb752f1c7f3e02.ctex[39m[0m
[  84% ] [90m[1msavepack[22m | 正在保存文件：res://recourse/数据库/spell-fdf-026.jpg.import[39m[0m
[  84% ] [90m[1msavepack[22m | 正在保存文件：res://.godot/imported/spell-fdf-027.jpg-611fa71322730e4528635f94e23a007c.ctex[39m[0m
[  84% ] [90m[1msavepack[22m | 正在保存文件：res://recourse/数据库/spell-fdf-027.jpg.import[39m[0m
[  84% ] [90m[1msavepack[22m | 正在保存文件：res://.godot/imported/spell-fdf-028.jpg-a7f630266feaa0696fd29b3518fb0b5e.ctex[39m[0m
[  84% ] [90m[1msavepack[22m | 正在保存文件：res://recourse/数据库/spell-fdf-028.jpg.import[39m[0m
[  84% ] [90m[1msavepack[22m | 正在保存文件：res://.godot/imported/spell-fdf-030.jpg-d9f8eea131bfd3b1c1b92a9e2642a1ad.ctex[39m[0m
[  84% ] [90m[1msavepack[22m | 正在保存文件：res://recourse/数据库/spell-fdf-030.jpg.import[39m[0m
[  84% ] [90m[1msavepack[22m | 正在保存文件：res://.godot/imported/spell-fdf-031.jpg-1888559c11241d8e6cb0af6d34c4fdee.ctex[39m[0m
[  84% ] [90m[1msavepack[22m | 正在保存文件：res://recourse/数据库/spell-fdf-031.jpg.import[39m[0m
[  84% ] [90m[1msavepack[22m | 正在保存文件：res://.godot/imported/spell-fdf-032.jpg-a74c8af91c927127d007f9ada1a262ad.ctex[39m[0m
[  84% ] [90m[1msavepack[22m | 正在保存文件：res://recourse/数据库/spell-fdf-032.jpg.import[39m[0m
[  84% ] [90m[1msavepack[22m | 正在保存文件：res://.godot/imported/spell-fdf-033.jpg-0beaf3fef573cfc12dca5e2eda3f1f98.ctex[39m[0m
[  84% ] [90m[1msavepack[22m | 正在保存文件：res://recourse/数据库/spell-fdf-033.jpg.import[39m[0m
[  84% ] [90m[1msavepack[22m | 正在保存文件：res://.godot/imported/spell-fdf-035.jpg-e4554479de201689c35f51eff1725dbb.ctex[39m[0m
[  84% ] [90m[1msavepack[22m | 正在保存文件：res://recourse/数据库/spell-fdf-035.jpg.import[39m[0m
[  84% ] [90m[1msavepack[22m | 正在保存文件：res://.godot/imported/spell-fdf-036.jpg-6d6b44bc1bc1d98bb18924312bfcf282.ctex[39m[0m
[  84% ] [90m[1msavepack[22m | 正在保存文件：res://recourse/数据库/spell-fdf-036.jpg.import[39m[0m
[  84% ] [90m[1msavepack[22m | 正在保存文件：res://.godot/imported/spell-fdf-037.jpg-ddfa9d21bdec83f23adf34243ecbf7be.ctex[39m[0m
[  84% ] [90m[1msavepack[22m | 正在保存文件：res://recourse/数据库/spell-fdf-037.jpg.import[39m[0m
[  84% ] [90m[1msavepack[22m | 正在保存文件：res://.godot/imported/spell-fdf-038.jpg-a46baa85afb12a84db1d1109cbf9af34.ctex[39m[0m
[  84% ] [90m[1msavepack[22m | 正在保存文件：res://recourse/数据库/spell-fdf-038.jpg.import[39m[0m
[  85% ] [90m[1msavepack[22m | 正在保存文件：res://.godot/imported/spell-fdf-039.jpg-eababe538c8d7e82543e18f2525d7bd3.ctex[39m[0m
[  85% ] [90m[1msavepack[22m | 正在保存文件：res://recourse/数据库/spell-fdf-039.jpg.import[39m[0m
[  85% ] [90m[1msavepack[22m | 正在保存文件：res://.godot/imported/spell-fdf-040.jpg-ac892386774b706648da1743a4083472.ctex[39m[0m
[  85% ] [90m[1msavepack[22m | 正在保存文件：res://recourse/数据库/spell-fdf-040.jpg.import[39m[0m
[  85% ] [90m[1msavepack[22m | 正在保存文件：res://.godot/imported/spell-fdf-042.jpg-3aedd727b7db2adf6660d5c30367768e.ctex[39m[0m
[  85% ] [90m[1msavepack[22m | 正在保存文件：res://recourse/数据库/spell-fdf-042.jpg.import[39m[0m
[  85% ] [90m[1msavepack[22m | 正在保存文件：res://.godot/imported/spell-fdf-043.jpg-c06dd4dda58fccf0d3480c1ad9f54501.ctex[39m[0m
[  85% ] [90m[1msavepack[22m | 正在保存文件：res://recourse/数据库/spell-fdf-043.jpg.import[39m[0m
[  85% ] [90m[1msavepack[22m | 正在保存文件：res://.godot/imported/spell-fdf-044.jpg-16c916d66ed4744aaf95172785dc6967.ctex[39m[0m
[  85% ] [90m[1msavepack[22m | 正在保存文件：res://recourse/数据库/spell-fdf-044.jpg.import[39m[0m
[  85% ] [90m[1msavepack[22m | 正在保存文件：res://.godot/imported/spell-fdf-045.jpg-9fdffde86610b5089261ab004f199328.ctex[39m[0m
[  85% ] [90m[1msavepack[22m | 正在保存文件：res://recourse/数据库/spell-fdf-045.jpg.import[39m[0m
[  85% ] [90m[1msavepack[22m | 正在保存文件：res://.godot/imported/spell-fdf-047.jpg-2ce25e7b85b5e8c3653d0141fd30b1e6.ctex[39m[0m
[  85% ] [90m[1msavepack[22m | 正在保存文件：res://recourse/数据库/spell-fdf-047.jpg.import[39m[0m
[  85% ] [90m[1msavepack[22m | 正在保存文件：res://.godot/imported/spell-fdf-048.jpg-3e5bdec3a40ae1db9abc429df71bdfc4.ctex[39m[0m
[  85% ] [90m[1msavepack[22m | 正在保存文件：res://recourse/数据库/spell-fdf-048.jpg.import[39m[0m
[  85% ] [90m[1msavepack[22m | 正在保存文件：res://.godot/imported/spell-fdf-049.jpg-839c5254acb217263177d64ef8e93327.ctex[39m[0m
[  85% ] [90m[1msavepack[22m | 正在保存文件：res://recourse/数据库/spell-fdf-049.jpg.import[39m[0m
[  85% ] [90m[1msavepack[22m | 正在保存文件：res://.godot/imported/spell-fdf-050.jpg-9825339d47da6589bd95fb7d52dbd27b.ctex[39m[0m
[  85% ] [90m[1msavepack[22m | 正在保存文件：res://recourse/数据库/spell-fdf-050.jpg.import[39m[0m
[  85% ] [90m[1msavepack[22m | 正在保存文件：res://.godot/imported/spell-fdf-051.jpg-cd8f47c3a5e895a7c67f275d7015498c.ctex[39m[0m
[  85% ] [90m[1msavepack[22m | 正在保存文件：res://recourse/数据库/spell-fdf-051.jpg.import[39m[0m
[  85% ] [90m[1msavepack[22m | 正在保存文件：res://.godot/imported/spell-fdf-052.jpg-60582c4d22803cf133d7c9c985667aca.ctex[39m[0m
[  85% ] [90m[1msavepack[22m | 正在保存文件：res://recourse/数据库/spell-fdf-052.jpg.import[39m[0m
[  85% ] [90m[1msavepack[22m | 正在保存文件：res://.godot/imported/spell-fdf-053.jpg-6e6b87f27122bd711d2a3461f10ec754.ctex[39m[0m
[  85% ] [90m[1msavepack[22m | 正在保存文件：res://recourse/数据库/spell-fdf-053.jpg.import[39m[0m
[  85% ] [90m[1msavepack[22m | 正在保存文件：res://.godot/imported/spell-fdf-054.jpg-83398444836156e71adf7be888db396c.ctex[39m[0m
[  85% ] [90m[1msavepack[22m | 正在保存文件：res://recourse/数据库/spell-fdf-054.jpg.import[39m[0m
[  86% ] [90m[1msavepack[22m | 正在保存文件：res://.godot/imported/spell-fdf-055.jpg-69c470d98a274a6f52db44b87ca397b0.ctex[39m[0m
[  86% ] [90m[1msavepack[22m | 正在保存文件：res://recourse/数据库/spell-fdf-055.jpg.import[39m[0m
[  86% ] [90m[1msavepack[22m | 正在保存文件：res://.godot/imported/spell-fdf-056.jpg-f23a01e9c862b6602437ea0a18327194.ctex[39m[0m
[  86% ] [90m[1msavepack[22m | 正在保存文件：res://recourse/数据库/spell-fdf-056.jpg.import[39m[0m
[  86% ] [90m[1msavepack[22m | 正在保存文件：res://.godot/imported/spell-fdf-057.jpg-c23d4a31a6655cd3dc68e8ab7e2a8740.ctex[39m[0m
[  86% ] [90m[1msavepack[22m | 正在保存文件：res://recourse/数据库/spell-fdf-057.jpg.import[39m[0m
[  86% ] [90m[1msavepack[22m | 正在保存文件：res://.godot/imported/spell-fdf-058.jpg-a63d22481cfac94cc273b1a58761d242.ctex[39m[0m
[  86% ] [90m[1msavepack[22m | 正在保存文件：res://recourse/数据库/spell-fdf-058.jpg.import[39m[0m
[  86% ] [90m[1msavepack[22m | 正在保存文件：res://.godot/imported/spell-fdf-059.jpg-3df754498dcd3c98b9b3fe54c2b9ad88.ctex[39m[0m
[  86% ] [90m[1msavepack[22m | 正在保存文件：res://recourse/数据库/spell-fdf-059.jpg.import[39m[0m
[  86% ] [90m[1msavepack[22m | 正在保存文件：res://.godot/imported/spell-fdf-060.jpg-bfa88b1e92fc644576a55e67aafba0ed.ctex[39m[0m
[  86% ] [90m[1msavepack[22m | 正在保存文件：res://recourse/数据库/spell-fdf-060.jpg.import[39m[0m
[  86% ] [90m[1msavepack[22m | 正在保存文件：res://.godot/imported/spell-fdf-061.jpg-322e25ae3fb8595c1acd2f18119e6a9b.ctex[39m[0m
[  86% ] [90m[1msavepack[22m | 正在保存文件：res://recourse/数据库/spell-fdf-061.jpg.import[39m[0m
[  86% ] [90m[1msavepack[22m | 正在保存文件：res://.godot/imported/spell-fdf-062.jpg-ac4c4f1f72df9b150144d0aaf4c43781.ctex[39m[0m
[  86% ] [90m[1msavepack[22m | 正在保存文件：res://recourse/数据库/spell-fdf-062.jpg.import[39m[0m
[  86% ] [90m[1msavepack[22m | 正在保存文件：res://.godot/imported/spell-fdf-063.jpg-298ef5aa91c92c79a23881a149224c50.ctex[39m[0m
[  86% ] [90m[1msavepack[22m | 正在保存文件：res://recourse/数据库/spell-fdf-063.jpg.import[39m[0m
[  86% ] [90m[1msavepack[22m | 正在保存文件：res://.godot/imported/spell-fdf-064.jpg-ec04163c2a6fe629edaa4174e824bc27.ctex[39m[0m
[  86% ] [90m[1msavepack[22m | 正在保存文件：res://recourse/数据库/spell-fdf-064.jpg.import[39m[0m
[  86% ] [90m[1msavepack[22m | 正在保存文件：res://.godot/imported/spell-fdf-066.jpg-5412d3ea028263b17cb47de802f2b241.ctex[39m[0m
[  86% ] [90m[1msavepack[22m | 正在保存文件：res://recourse/数据库/spell-fdf-066.jpg.import[39m[0m
[  86% ] [90m[1msavepack[22m | 正在保存文件：res://.godot/imported/spell-fdf-067.jpg-13ddc1f5824a463c924df60dc76907ef.ctex[39m[0m
[  86% ] [90m[1msavepack[22m | 正在保存文件：res://recourse/数据库/spell-fdf-067.jpg.import[39m[0m
[  86% ] [90m[1msavepack[22m | 正在保存文件：res://.godot/imported/spell-fdf-068.jpg-3bba132073cc0419613035afa886172a.ctex[39m[0m
[  86% ] [90m[1msavepack[22m | 正在保存文件：res://recourse/数据库/spell-fdf-068.jpg.import[39m[0m
[  87% ] [90m[1msavepack[22m | 正在保存文件：res://.godot/imported/spell-fdf-071.jpg-126813632fb6313cfb2741ae02c47192.ctex[39m[0m
[  87% ] [90m[1msavepack[22m | 正在保存文件：res://recourse/数据库/spell-fdf-071.jpg.import[39m[0m
[  87% ] [90m[1msavepack[22m | 正在保存文件：res://.godot/imported/spell-fdf-072.jpg-b2347889739cf9498e45d21cee0c5ef8.ctex[39m[0m
[  87% ] [90m[1msavepack[22m | 正在保存文件：res://recourse/数据库/spell-fdf-072.jpg.import[39m[0m
[  87% ] [90m[1msavepack[22m | 正在保存文件：res://.godot/imported/spell-fdf-073.jpg-6d62e89e0c6f894dbae6f62ca970fbd3.ctex[39m[0m
[  87% ] [90m[1msavepack[22m | 正在保存文件：res://recourse/数据库/spell-fdf-073.jpg.import[39m[0m
[  87% ] [90m[1msavepack[22m | 正在保存文件：res://.godot/imported/spell-fdf-074.jpg-38ddb666993e3b9d99c6e50adc82c026.ctex[39m[0m
[  87% ] [90m[1msavepack[22m | 正在保存文件：res://recourse/数据库/spell-fdf-074.jpg.import[39m[0m
[  87% ] [90m[1msavepack[22m | 正在保存文件：res://.godot/imported/spell-fdf-075.jpg-88f08fe638ce1a796922e52cbb1947f1.ctex[39m[0m
[  87% ] [90m[1msavepack[22m | 正在保存文件：res://recourse/数据库/spell-fdf-075.jpg.import[39m[0m
[  87% ] [90m[1msavepack[22m | 正在保存文件：res://.godot/imported/spell-fdf-076.jpg-c7e1dd7150df30724ef00f0f2724baf0.ctex[39m[0m
[  87% ] [90m[1msavepack[22m | 正在保存文件：res://recourse/数据库/spell-fdf-076.jpg.import[39m[0m
[  87% ] [90m[1msavepack[22m | 正在保存文件：res://.godot/imported/spell-fdf-077.jpg-615333765a4c039cb5a96d659f1022c2.ctex[39m[0m
[  87% ] [90m[1msavepack[22m | 正在保存文件：res://recourse/数据库/spell-fdf-077.jpg.import[39m[0m
[  87% ] [90m[1msavepack[22m | 正在保存文件：res://.godot/imported/spell-fdf-078.jpg-96d13e5693613a97c7971ddd8b636c20.ctex[39m[0m
[  87% ] [90m[1msavepack[22m | 正在保存文件：res://recourse/数据库/spell-fdf-078.jpg.import[39m[0m
[  87% ] [90m[1msavepack[22m | 正在保存文件：res://.godot/imported/spell-fdf-079.jpg-73e9cd161af176a1118e4fde38262c4e.ctex[39m[0m
[  87% ] [90m[1msavepack[22m | 正在保存文件：res://recourse/数据库/spell-fdf-079.jpg.import[39m[0m
[  87% ] [90m[1msavepack[22m | 正在保存文件：res://.godot/imported/spell-fdf-080.jpg-8ee1f4f3ce7d82f9043c578670c6a09b.ctex[39m[0m
[  87% ] [90m[1msavepack[22m | 正在保存文件：res://recourse/数据库/spell-fdf-080.jpg.import[39m[0m
[  87% ] [90m[1msavepack[22m | 正在保存文件：res://.godot/imported/spell-fdf-081.jpg-efe943701e5547a2ac3f45d9da87e731.ctex[39m[0m
[  87% ] [90m[1msavepack[22m | 正在保存文件：res://recourse/数据库/spell-fdf-081.jpg.import[39m[0m
[  87% ] [90m[1msavepack[22m | 正在保存文件：res://.godot/imported/spell-fdf-082.jpg-2c54b5f12e02769643c696e62c7cc8f6.ctex[39m[0m
[  87% ] [90m[1msavepack[22m | 正在保存文件：res://recourse/数据库/spell-fdf-082.jpg.import[39m[0m
[  87% ] [90m[1msavepack[22m | 正在保存文件：res://.godot/imported/spell-fdf-083.jpg-80b162631079659eaf7f7a12834aa104.ctex[39m[0m
[  87% ] [90m[1msavepack[22m | 正在保存文件：res://recourse/数据库/spell-fdf-083.jpg.import[39m[0m
[  88% ] [90m[1msavepack[22m | 正在保存文件：res://.godot/imported/spell-fdf-084.jpg-3b588858da3ea068857aec969b0aa7f5.ctex[39m[0m
[  88% ] [90m[1msavepack[22m | 正在保存文件：res://recourse/数据库/spell-fdf-084.jpg.import[39m[0m
[  88% ] [90m[1msavepack[22m | 正在保存文件：res://.godot/imported/spell-fdf-085.jpg-431cbe0a7edb2db1133e485cc562e142.ctex[39m[0m
[  88% ] [90m[1msavepack[22m | 正在保存文件：res://recourse/数据库/spell-fdf-085.jpg.import[39m[0m
[  88% ] [90m[1msavepack[22m | 正在保存文件：res://.godot/imported/spell-fdf-086.jpg-39aec9444ae6e8a301ba9d325f82de6c.ctex[39m[0m
[  88% ] [90m[1msavepack[22m | 正在保存文件：res://recourse/数据库/spell-fdf-086.jpg.import[39m[0m
[  88% ] [90m[1msavepack[22m | 正在保存文件：res://.godot/imported/spell-fdf-087.jpg-5fc64c4ff7f857f9041be7f5e5d425d6.ctex[39m[0m
[  88% ] [90m[1msavepack[22m | 正在保存文件：res://recourse/数据库/spell-fdf-087.jpg.import[39m[0m
[  88% ] [90m[1msavepack[22m | 正在保存文件：res://.godot/imported/spell-fdf-088.jpg-746c5193d4757b454b4be316b36e9dc2.ctex[39m[0m
[  88% ] [90m[1msavepack[22m | 正在保存文件：res://recourse/数据库/spell-fdf-088.jpg.import[39m[0m
[  88% ] [90m[1msavepack[22m | 正在保存文件：res://.godot/imported/spell-fdf-120.jpg-2735137fda14a1af6403a8278b999b5a.ctex[39m[0m
[  88% ] [90m[1msavepack[22m | 正在保存文件：res://recourse/数据库/spell-fdf-120.jpg.import[39m[0m
[  88% ] [90m[1msavepack[22m | 正在保存文件：res://.godot/imported/spell-fdf-121.jpg-44421dc74c33636fb47bfbb1074e728c.ctex[39m[0m
[  88% ] [90m[1msavepack[22m | 正在保存文件：res://recourse/数据库/spell-fdf-121.jpg.import[39m[0m
[  88% ] [90m[1msavepack[22m | 正在保存文件：res://.godot/imported/spell-fdf-122.jpg-bd637ade6ce8c1db92fa0b718940be7c.ctex[39m[0m
[  88% ] [90m[1msavepack[22m | 正在保存文件：res://recourse/数据库/spell-fdf-122.jpg.import[39m[0m
[  88% ] [90m[1msavepack[22m | 正在保存文件：res://.godot/imported/spell-fdf-123.jpg-1bb88b0b633cd467f27a8f7959f6886f.ctex[39m[0m
[  88% ] [90m[1msavepack[22m | 正在保存文件：res://recourse/数据库/spell-fdf-123.jpg.import[39m[0m
[  88% ] [90m[1msavepack[22m | 正在保存文件：res://.godot/imported/spell-fdf-ex05.jpg-87a262bfcd9e3103bf82662020f16d47.ctex[39m[0m
[  88% ] [90m[1msavepack[22m | 正在保存文件：res://recourse/数据库/spell-fdf-ex05.jpg.import[39m[0m
[  88% ] [90m[1msavepack[22m | 正在保存文件：res://.godot/imported/spell-fdn-001.jpg-4d216ddbf1647effc5a5f63bad58393b.ctex[39m[0m
[  88% ] [90m[1msavepack[22m | 正在保存文件：res://recourse/数据库/spell-fdn-001.jpg.import[39m[0m
[  88% ] [90m[1msavepack[22m | 正在保存文件：res://.godot/imported/spell-fdn-002.jpg-6152352036e2c736499cf090747167d5.ctex[39m[0m
[  88% ] [90m[1msavepack[22m | 正在保存文件：res://recourse/数据库/spell-fdn-002.jpg.import[39m[0m
[  88% ] [90m[1msavepack[22m | 正在保存文件：res://.godot/imported/spell-fdn-003.jpg-0d1208e54bf4fc77209b20a05fb2dbcc.ctex[39m[0m
[  88% ] [90m[1msavepack[22m | 正在保存文件：res://recourse/数据库/spell-fdn-003.jpg.import[39m[0m
[  88% ] [90m[1msavepack[22m | 正在保存文件：res://.godot/imported/spell-fdn-005.jpg-db432299c7685a6678080553d0ea9ed0.ctex[39m[0m
[  88% ] [90m[1msavepack[22m | 正在保存文件：res://recourse/数据库/spell-fdn-005.jpg.import[39m[0m
[  89% ] [90m[1msavepack[22m | 正在保存文件：res://.godot/imported/spell-fdn-008.jpg-7d780386f9d98f770145ce610fbbc838.ctex[39m[0m
[  89% ] [90m[1msavepack[22m | 正在保存文件：res://recourse/数据库/spell-fdn-008.jpg.import[39m[0m
[  89% ] [90m[1msavepack[22m | 正在保存文件：res://.godot/imported/spell-fdn-009.jpg-9d2f13c84307df18ba346b962a95df41.ctex[39m[0m
[  89% ] [90m[1msavepack[22m | 正在保存文件：res://recourse/数据库/spell-fdn-009.jpg.import[39m[0m
[  89% ] [90m[1msavepack[22m | 正在保存文件：res://.godot/imported/spell-fdn-010.jpg-777af0ef6b79cd2f151aa8df587563f7.ctex[39m[0m
[  89% ] [90m[1msavepack[22m | 正在保存文件：res://recourse/数据库/spell-fdn-010.jpg.import[39m[0m
[  89% ] [90m[1msavepack[22m | 正在保存文件：res://.godot/imported/spell-fdn-011.jpg-887be568df8151ea64da61a25f63b02f.ctex[39m[0m
[  89% ] [90m[1msavepack[22m | 正在保存文件：res://recourse/数据库/spell-fdn-011.jpg.import[39m[0m
[  89% ] [90m[1msavepack[22m | 正在保存文件：res://.godot/imported/spell-fdn-012.jpg-d608b7d99ebd972124e7e18decb35168.ctex[39m[0m
[  89% ] [90m[1msavepack[22m | 正在保存文件：res://recourse/数据库/spell-fdn-012.jpg.import[39m[0m
[  89% ] [90m[1msavepack[22m | 正在保存文件：res://.godot/imported/spell-fdn-015.jpg-319db8bbc09ab174c5270f4054d9a1e8.ctex[39m[0m
[  89% ] [90m[1msavepack[22m | 正在保存文件：res://recourse/数据库/spell-fdn-015.jpg.import[39m[0m
[  89% ] [90m[1msavepack[22m | 正在保存文件：res://.godot/imported/spell-fdn-017.jpg-0e9711655c0f3d2a0767cea050481fda.ctex[39m[0m
[  89% ] [90m[1msavepack[22m | 正在保存文件：res://recourse/数据库/spell-fdn-017.jpg.import[39m[0m
[  89% ] [90m[1msavepack[22m | 正在保存文件：res://.godot/imported/spell-fdn-018.jpg-a18912f2dd7afade0c5253b5a442b9c5.ctex[39m[0m
[  89% ] [90m[1msavepack[22m | 正在保存文件：res://recourse/数据库/spell-fdn-018.jpg.import[39m[0m
[  89% ] [90m[1msavepack[22m | 正在保存文件：res://.godot/imported/spell-fdn-019.jpg-97ae5eebc7c8ad4516003e41bc2748e7.ctex[39m[0m
[  89% ] [90m[1msavepack[22m | 正在保存文件：res://recourse/数据库/spell-fdn-019.jpg.import[39m[0m
[  89% ] [90m[1msavepack[22m | 正在保存文件：res://.godot/imported/spell-fdn-020.jpg-fccc6165851d669642f528a1d448d1ef.ctex[39m[0m
[  89% ] [90m[1msavepack[22m | 正在保存文件：res://recourse/数据库/spell-fdn-020.jpg.import[39m[0m
[  89% ] [90m[1msavepack[22m | 正在保存文件：res://.godot/imported/spell-fdn-022.jpg-e450c72e69f75f5c1eba607865487477.ctex[39m[0m
[  89% ] [90m[1msavepack[22m | 正在保存文件：res://recourse/数据库/spell-fdn-022.jpg.import[39m[0m
[  89% ] [90m[1msavepack[22m | 正在保存文件：res://.godot/imported/spell-fdn-023.jpg-ed6a4f6c3427a511032acdd4c46b6bb2.ctex[39m[0m
[  89% ] [90m[1msavepack[22m | 正在保存文件：res://recourse/数据库/spell-fdn-023.jpg.import[39m[0m
[  89% ] [90m[1msavepack[22m | 正在保存文件：res://.godot/imported/spell-fdn-028.jpg-02c20c4777397f584ea4da7bc8cf056a.ctex[39m[0m
[  89% ] [90m[1msavepack[22m | 正在保存文件：res://recourse/数据库/spell-fdn-028.jpg.import[39m[0m
[  90% ] [90m[1msavepack[22m | 正在保存文件：res://.godot/imported/spell-fdn-029.jpg-fa876e2215141e239eb4431ae0b295d8.ctex[39m[0m
[  90% ] [90m[1msavepack[22m | 正在保存文件：res://recourse/数据库/spell-fdn-029.jpg.import[39m[0m
[  90% ] [90m[1msavepack[22m | 正在保存文件：res://.godot/imported/spell-fdn-030.jpg-23d9852694615c05425803fbcec8bfb7.ctex[39m[0m
[  90% ] [90m[1msavepack[22m | 正在保存文件：res://recourse/数据库/spell-fdn-030.jpg.import[39m[0m
[  90% ] [90m[1msavepack[22m | 正在保存文件：res://.godot/imported/spell-fdn-031.jpg-59ab130d8fe5eb0d7c6f2e4084edb980.ctex[39m[0m
[  90% ] [90m[1msavepack[22m | 正在保存文件：res://recourse/数据库/spell-fdn-031.jpg.import[39m[0m
[  90% ] [90m[1msavepack[22m | 正在保存文件：res://.godot/imported/spell-fdn-032.jpg-f835e60fa28562df93ab3045e1254bdd.ctex[39m[0m
[  90% ] [90m[1msavepack[22m | 正在保存文件：res://recourse/数据库/spell-fdn-032.jpg.import[39m[0m
[  90% ] [90m[1msavepack[22m | 正在保存文件：res://.godot/imported/spell-fdn-033.jpg-8afba2c094285b460fb584c6a94d833b.ctex[39m[0m
[  90% ] [90m[1msavepack[22m | 正在保存文件：res://recourse/数据库/spell-fdn-033.jpg.import[39m[0m
[  90% ] [90m[1msavepack[22m | 正在保存文件：res://.godot/imported/spell-fdn-039.jpg-fa31ce59d3c4ef486b10920f85119703.ctex[39m[0m
[  90% ] [90m[1msavepack[22m | 正在保存文件：res://recourse/数据库/spell-fdn-039.jpg.import[39m[0m
[  90% ] [90m[1msavepack[22m | 正在保存文件：res://.godot/imported/spell-fdn-040.jpg-ab39b2508a616fdd252c664081f36a88.ctex[39m[0m
[  90% ] [90m[1msavepack[22m | 正在保存文件：res://recourse/数据库/spell-fdn-040.jpg.import[39m[0m
[  90% ] [90m[1msavepack[22m | 正在保存文件：res://.godot/imported/spell-fdn-046.jpg-b4443c94c12c5842bcca5eeae211bb8c.ctex[39m[0m
[  90% ] [90m[1msavepack[22m | 正在保存文件：res://recourse/数据库/spell-fdn-046.jpg.import[39m[0m
[  90% ] [90m[1msavepack[22m | 正在保存文件：res://.godot/imported/spell-fdn-066.jpg-649b147da715ca77cde0562eaf018eb3.ctex[39m[0m
[  90% ] [90m[1msavepack[22m | 正在保存文件：res://recourse/数据库/spell-fdn-066.jpg.import[39m[0m
[  90% ] [90m[1msavepack[22m | 正在保存文件：res://.godot/imported/spell-fdn-069.jpg-5196ee23f39d9c07cd61765730eb0330.ctex[39m[0m
[  90% ] [90m[1msavepack[22m | 正在保存文件：res://recourse/数据库/spell-fdn-069.jpg.import[39m[0m
[  90% ] [90m[1msavepack[22m | 正在保存文件：res://.godot/imported/spell-htk-003.jpg-0a07257f6b98498cd4ba8302e1d69983.ctex[39m[0m
[  90% ] [90m[1msavepack[22m | 正在保存文件：res://recourse/数据库/spell-htk-003.jpg.import[39m[0m
[  90% ] [90m[1msavepack[22m | 正在保存文件：res://.godot/imported/spell-htk-004.jpg-ba934088f842df13f14c5fac1fb5ba17.ctex[39m[0m
[  90% ] [90m[1msavepack[22m | 正在保存文件：res://recourse/数据库/spell-htk-004.jpg.import[39m[0m
[  90% ] [90m[1msavepack[22m | 正在保存文件：res://.godot/imported/spell-htk-018.jpg-31b12eb2db9e8583fe99fe398f9aa606.ctex[39m[0m
[  90% ] [90m[1msavepack[22m | 正在保存文件：res://recourse/数据库/spell-htk-018.jpg.import[39m[0m
[  91% ] [90m[1msavepack[22m | 正在保存文件：res://.godot/imported/spell-kmo-002.jpg-0b39993ccb0b455383a6930e104ea1bc.ctex[39m[0m
[  91% ] [90m[1msavepack[22m | 正在保存文件：res://recourse/数据库/spell-kmo-002.jpg.import[39m[0m
[  91% ] [90m[1msavepack[22m | 正在保存文件：res://.godot/imported/spell-kmo-003.jpg-fb87f444da0dddc92630df0bbdf62d37.ctex[39m[0m
[  91% ] [90m[1msavepack[22m | 正在保存文件：res://recourse/数据库/spell-kmo-003.jpg.import[39m[0m
[  91% ] [90m[1msavepack[22m | 正在保存文件：res://.godot/imported/spell-kmo-004.jpg-32c8e50dbf7e1d0efa6a48edccb21e3b.ctex[39m[0m
[  91% ] [90m[1msavepack[22m | 正在保存文件：res://recourse/数据库/spell-kmo-004.jpg.import[39m[0m
[  91% ] [90m[1msavepack[22m | 正在保存文件：res://.godot/imported/spell-kmo-005.jpg-dfd54eeac1dfc3ed3410fbae8b0f2225.ctex[39m[0m
[  91% ] [90m[1msavepack[22m | 正在保存文件：res://recourse/数据库/spell-kmo-005.jpg.import[39m[0m
[  91% ] [90m[1msavepack[22m | 正在保存文件：res://.godot/imported/spell-lof-006.jpg-78e6fa9ec09d0a5c9c5e780860869786.ctex[39m[0m
[  91% ] [90m[1msavepack[22m | 正在保存文件：res://recourse/数据库/spell-lof-006.jpg.import[39m[0m
[  91% ] [90m[1msavepack[22m | 正在保存文件：res://.godot/imported/spell-lof-007.jpg-2213bcae562c3eb4e114f9e355811fae.ctex[39m[0m
[  91% ] [90m[1msavepack[22m | 正在保存文件：res://recourse/数据库/spell-lof-007.jpg.import[39m[0m
[  91% ] [90m[1msavepack[22m | 正在保存文件：res://.godot/imported/spell-lof-025.jpg-9fadb609df108e9c195cae635a996335.ctex[39m[0m
[  91% ] [90m[1msavepack[22m | 正在保存文件：res://recourse/数据库/spell-lof-025.jpg.import[39m[0m
[  91% ] [90m[1msavepack[22m | 正在保存文件：res://.godot/imported/spell-mar-002.jpg-4fceff5bc86114b382446fc0ae7bc1c4.ctex[39m[0m
[  91% ] [90m[1msavepack[22m | 正在保存文件：res://recourse/数据库/spell-mar-002.jpg.import[39m[0m
[  91% ] [90m[1msavepack[22m | 正在保存文件：res://.godot/imported/spell-mar-003.jpg-57980e680b8e4db4fbf66e73c404a441.ctex[39m[0m
[  91% ] [90m[1msavepack[22m | 正在保存文件：res://recourse/数据库/spell-mar-003.jpg.import[39m[0m
[  91% ] [90m[1msavepack[22m | 正在保存文件：res://.godot/imported/spell-mar-004.jpg-a2d1717e376d8652b78eeefbb397e18f.ctex[39m[0m
[  91% ] [90m[1msavepack[22m | 正在保存文件：res://recourse/数据库/spell-mar-004.jpg.import[39m[0m
[  91% ] [90m[1msavepack[22m | 正在保存文件：res://.godot/imported/spell-mar-005.jpg-385cb92a42231de1a8c04ef43f520864.ctex[39m[0m
[  91% ] [90m[1msavepack[22m | 正在保存文件：res://recourse/数据库/spell-mar-005.jpg.import[39m[0m
[  91% ] [90m[1msavepack[22m | 正在保存文件：res://.godot/imported/spell-mar-007.jpg-d9b69efc86f227d9c1ab5e70348dd5de.ctex[39m[0m
[  91% ] [90m[1msavepack[22m | 正在保存文件：res://recourse/数据库/spell-mar-007.jpg.import[39m[0m
[  91% ] [90m[1msavepack[22m | 正在保存文件：res://.godot/imported/spell-mar-012.jpg-3ceb3823d9ec809aa290270fe0815f17.ctex[39m[0m
[  91% ] [90m[1msavepack[22m | 正在保存文件：res://recourse/数据库/spell-mar-012.jpg.import[39m[0m
[  91% ] [90m[1msavepack[22m | 正在保存文件：res://.godot/imported/spell-mar-013.jpg-2f138b0cb475b2c39f13b5b8821d48dc.ctex[39m[0m
[  91% ] [90m[1msavepack[22m | 正在保存文件：res://recourse/数据库/spell-mar-013.jpg.import[39m[0m
[  92% ] [90m[1msavepack[22m | 正在保存文件：res://.godot/imported/spell-mar-014.jpg-25146eecca3c4d2e48ad2b2ca3698301.ctex[39m[0m
[  92% ] [90m[1msavepack[22m | 正在保存文件：res://recourse/数据库/spell-mar-014.jpg.import[39m[0m
[  92% ] [90m[1msavepack[22m | 正在保存文件：res://.godot/imported/spell-rec-054.jpg-5a4a811df2e4b6496c1f154889ff3e26.ctex[39m[0m
[  92% ] [90m[1msavepack[22m | 正在保存文件：res://recourse/数据库/spell-rec-054.jpg.import[39m[0m
[  92% ] [90m[1msavepack[22m | 正在保存文件：res://.godot/imported/spell-rec-055.jpg-ee67f0464e75cd5cc5d5781f1a18f10e.ctex[39m[0m
[  92% ] [90m[1msavepack[22m | 正在保存文件：res://recourse/数据库/spell-rec-055.jpg.import[39m[0m
[  92% ] [90m[1msavepack[22m | 正在保存文件：res://.godot/imported/spell-rec-056.jpg-a67898ca0f4a9020427eba5dfffafd6b.ctex[39m[0m
[  92% ] [90m[1msavepack[22m | 正在保存文件：res://recourse/数据库/spell-rec-056.jpg.import[39m[0m
[  92% ] [90m[1msavepack[22m | 正在保存文件：res://.godot/imported/spell-rei-002.jpg-8411f8052ae2cf491f897aa29cd16b6c.ctex[39m[0m
[  92% ] [90m[1msavepack[22m | 正在保存文件：res://recourse/数据库/spell-rei-002.jpg.import[39m[0m
[  92% ] [90m[1msavepack[22m | 正在保存文件：res://.godot/imported/spell-rei-006.jpg-18f094f05b69cff70fbb7747630b00c6.ctex[39m[0m
[  92% ] [90m[1msavepack[22m | 正在保存文件：res://recourse/数据库/spell-rei-006.jpg.import[39m[0m
[  92% ] [90m[1msavepack[22m | 正在保存文件：res://.godot/imported/spell-rei-010.jpg-9ab6fc68247a0e1ce74fb777627088d2.ctex[39m[0m
[  92% ] [90m[1msavepack[22m | 正在保存文件：res://recourse/数据库/spell-rei-010.jpg.import[39m[0m
[  92% ] [90m[1msavepack[22m | 正在保存文件：res://.godot/imported/spell-rei-011.jpg-effa0787cdc4330073fd99001451e4d6.ctex[39m[0m
[  92% ] [90m[1msavepack[22m | 正在保存文件：res://recourse/数据库/spell-rei-011.jpg.import[39m[0m
[  92% ] [90m[1msavepack[22m | 正在保存文件：res://.godot/imported/spell-rei-012.jpg-39c493d282589b61e4c1ce66b751513b.ctex[39m[0m
[  92% ] [90m[1msavepack[22m | 正在保存文件：res://recourse/数据库/spell-rei-012.jpg.import[39m[0m
[  92% ] [90m[1msavepack[22m | 正在保存文件：res://.godot/imported/spell-rei-015.jpg-f84991118040e7eae88bb6e14075bbab.ctex[39m[0m
[  92% ] [90m[1msavepack[22m | 正在保存文件：res://recourse/数据库/spell-rei-015.jpg.import[39m[0m
[  92% ] [90m[1msavepack[22m | 正在保存文件：res://.godot/imported/spell-smm-002.jpg-4471d26c8e35ff00e9dd3bc21edfcaca.ctex[39m[0m
[  92% ] [90m[1msavepack[22m | 正在保存文件：res://recourse/数据库/spell-smm-002.jpg.import[39m[0m
[  92% ] [90m[1msavepack[22m | 正在保存文件：res://.godot/imported/spell-smm-003.jpg-177fd6dff8fdfc721f8c741ac5be1feb.ctex[39m[0m
[  92% ] [90m[1msavepack[22m | 正在保存文件：res://recourse/数据库/spell-smm-003.jpg.import[39m[0m
[  92% ] [90m[1msavepack[22m | 正在保存文件：res://.godot/imported/spell-smm-006.jpg-33f296cb13b6313e8e8b2bcb958a499a.ctex[39m[0m
[  92% ] [90m[1msavepack[22m | 正在保存文件：res://recourse/数据库/spell-smm-006.jpg.import[39m[0m
[  93% ] [90m[1msavepack[22m | 正在保存文件：res://.godot/imported/spell-soi-098.png-393b3fc3674e0ce43c9b8f9ea261c5b5.ctex[39m[0m
[  93% ] [90m[1msavepack[22m | 正在保存文件：res://recourse/数据库/spell-soi-098.png.import[39m[0m
[  93% ] [90m[1msavepack[22m | 正在保存文件：res://.godot/imported/spell-soi-119.jpg-ab93704f71a46961bd400bacb1a603e7.ctex[39m[0m
[  93% ] [90m[1msavepack[22m | 正在保存文件：res://recourse/数据库/spell-soi-119.jpg.import[39m[0m
[  93% ] [90m[1msavepack[22m | 正在保存文件：res://.godot/imported/spell-ucs-004.jpg-fbb81d728fe3c8bf0e2da5d2f11d34f1.ctex[39m[0m
[  93% ] [90m[1msavepack[22m | 正在保存文件：res://recourse/数据库/spell-ucs-004.jpg.import[39m[0m
[  93% ] [90m[1msavepack[22m | 正在保存文件：res://.godot/imported/spell-ucs-008.jpg-718ba727629f8622976c5fc2365f8565.ctex[39m[0m
[  93% ] [90m[1msavepack[22m | 正在保存文件：res://recourse/数据库/spell-ucs-008.jpg.import[39m[0m
[  93% ] [90m[1msavepack[22m | 正在保存文件：res://.godot/imported/spell-ucs-009.jpg-044ce05ab78228b8b48cc3e5c5874567.ctex[39m[0m
[  93% ] [90m[1msavepack[22m | 正在保存文件：res://recourse/数据库/spell-ucs-009.jpg.import[39m[0m
[  93% ] [90m[1msavepack[22m | 正在保存文件：res://.godot/imported/spell-ucs-011.jpg-3bf2f6405c36a2086e0fdf152cf4752a.ctex[39m[0m
[  93% ] [90m[1msavepack[22m | 正在保存文件：res://recourse/数据库/spell-ucs-011.jpg.import[39m[0m
[  93% ] [90m[1msavepack[22m | 正在保存文件：res://.godot/imported/spell-ucs-014.jpg-4b1f0c28c8f06480ec17f12caca132eb.ctex[39m[0m
[  93% ] [90m[1msavepack[22m | 正在保存文件：res://recourse/数据库/spell-ucs-014.jpg.import[39m[0m
[  93% ] [90m[1msavepack[22m | 正在保存文件：res://.godot/imported/spell-ucs-015.jpg-32a79c1eb4b99d0b31b8695e64a6cee6.ctex[39m[0m
[  93% ] [90m[1msavepack[22m | 正在保存文件：res://recourse/数据库/spell-ucs-015.jpg.import[39m[0m
[  93% ] [90m[1msavepack[22m | 正在保存文件：res://.godot/imported/spell-ucs-018.jpg-4542c5ebcd458505fb8aced9f00da892.ctex[39m[0m
[  93% ] [90m[1msavepack[22m | 正在保存文件：res://recourse/数据库/spell-ucs-018.jpg.import[39m[0m
[  93% ] [90m[1msavepack[22m | 正在保存文件：res://.godot/imported/spell-ucs-019.jpg-b1eec2184576dbecab06d6da8fa0cf0d.ctex[39m[0m
[  93% ] [90m[1msavepack[22m | 正在保存文件：res://recourse/数据库/spell-ucs-019.jpg.import[39m[0m
[  93% ] [90m[1msavepack[22m | 正在保存文件：res://.godot/imported/spell-ucs-022.jpg-2fe3e8842efc38048d3cdf1de182e2dc.ctex[39m[0m
[  93% ] [90m[1msavepack[22m | 正在保存文件：res://recourse/数据库/spell-ucs-022.jpg.import[39m[0m
[  93% ] [90m[1msavepack[22m | 正在保存文件：res://.godot/imported/spell-ucs-026.jpg-a052b10b8f74377c9319bcf39ab662a5.ctex[39m[0m
[  93% ] [90m[1msavepack[22m | 正在保存文件：res://recourse/数据库/spell-ucs-026.jpg.import[39m[0m
[  93% ] [90m[1msavepack[22m | 正在保存文件：res://.godot/imported/spell-ucs-027.jpg-e8ecc93f3666b174df06314f69f31a62.ctex[39m[0m
[  93% ] [90m[1msavepack[22m | 正在保存文件：res://recourse/数据库/spell-ucs-027.jpg.import[39m[0m
[  93% ] [90m[1msavepack[22m | 正在保存文件：res://.godot/imported/spell-ucs-029.jpg-22d35a5ad56cde74faac5d704090becd.ctex[39m[0m
[  93% ] [90m[1msavepack[22m | 正在保存文件：res://recourse/数据库/spell-ucs-029.jpg.import[39m[0m
[  94% ] [90m[1msavepack[22m | 正在保存文件：res://.godot/imported/spell-ucs-031.jpg-b0a005a697c4e4f58bc53c66c404d1e8.ctex[39m[0m
[  94% ] [90m[1msavepack[22m | 正在保存文件：res://recourse/数据库/spell-ucs-031.jpg.import[39m[0m
[  94% ] [90m[1msavepack[22m | 正在保存文件：res://.godot/imported/spell-ucs-033.jpg-2b818310278ac1aa92d07efd882e8d01.ctex[39m[0m
[  94% ] [90m[1msavepack[22m | 正在保存文件：res://recourse/数据库/spell-ucs-033.jpg.import[39m[0m
[  94% ] [90m[1msavepack[22m | 正在保存文件：res://.godot/imported/spell-ucs-035.jpg-d7a1310eb72cbe6d3dede63f784ea7e1.ctex[39m[0m
[  94% ] [90m[1msavepack[22m | 正在保存文件：res://recourse/数据库/spell-ucs-035.jpg.import[39m[0m
[  94% ] [90m[1msavepack[22m | 正在保存文件：res://.godot/imported/spell-ucs-037.jpg-50a9f5f1f1fc2b64c29104025f641944.ctex[39m[0m
[  94% ] [90m[1msavepack[22m | 正在保存文件：res://recourse/数据库/spell-ucs-037.jpg.import[39m[0m
[  94% ] [90m[1msavepack[22m | 正在保存文件：res://.godot/imported/spell-ucs-039.jpg-77727858116f056a3cc9818b01acb1bc.ctex[39m[0m
[  94% ] [90m[1msavepack[22m | 正在保存文件：res://recourse/数据库/spell-ucs-039.jpg.import[39m[0m
[  94% ] [90m[1msavepack[22m | 正在保存文件：res://.godot/imported/spell-ucs-041.jpg-b9019e82d3bf2f83e0c7cde24e1dc849.ctex[39m[0m
[  94% ] [90m[1msavepack[22m | 正在保存文件：res://recourse/数据库/spell-ucs-041.jpg.import[39m[0m
[  94% ] [90m[1msavepack[22m | 正在保存文件：res://.godot/imported/spell-ucs-043.jpg-f69e1067bc5bd8cd0b9a2f51444a1bbc.ctex[39m[0m
[  94% ] [90m[1msavepack[22m | 正在保存文件：res://recourse/数据库/spell-ucs-043.jpg.import[39m[0m
[  94% ] [90m[1msavepack[22m | 正在保存文件：res://.godot/imported/spell-ucs-050.jpg-2fe0ce3d2bc2f0b28ba443d8a279b330.ctex[39m[0m
[  94% ] [90m[1msavepack[22m | 正在保存文件：res://recourse/数据库/spell-ucs-050.jpg.import[39m[0m
[  94% ] [90m[1msavepack[22m | 正在保存文件：res://.godot/imported/spell-ucs-052.jpg-fa0e9555be601933a2691aaee96326a5.ctex[39m[0m
[  94% ] [90m[1msavepack[22m | 正在保存文件：res://recourse/数据库/spell-ucs-052.jpg.import[39m[0m
[  94% ] [90m[1msavepack[22m | 正在保存文件：res://.godot/imported/spell-ucs-054.jpg-d8933d0de8276ff3313119a7a7865d27.ctex[39m[0m
[  94% ] [90m[1msavepack[22m | 正在保存文件：res://recourse/数据库/spell-ucs-054.jpg.import[39m[0m
[  94% ] [90m[1msavepack[22m | 正在保存文件：res://.godot/imported/spell-ucs-057.jpg-2e86c4c024f5c0efa6d9b8416a1b5ffb.ctex[39m[0m
[  94% ] [90m[1msavepack[22m | 正在保存文件：res://recourse/数据库/spell-ucs-057.jpg.import[39m[0m
[  94% ] [90m[1msavepack[22m | 正在保存文件：res://.godot/imported/spell-ucs-059.jpg-80dab78ff568d14050ab30c5ff56a15e.ctex[39m[0m
[  94% ] [90m[1msavepack[22m | 正在保存文件：res://recourse/数据库/spell-ucs-059.jpg.import[39m[0m
[  94% ] [90m[1msavepack[22m | 正在保存文件：res://.godot/imported/token-fdf-127.jpg-db8e181cc437690dde8397e66d219ab2.ctex[39m[0m
[  94% ] [90m[1msavepack[22m | 正在保存文件：res://recourse/数据库/token-fdf-127.jpg.import[39m[0m
[  95% ] [90m[1msavepack[22m | 正在保存文件：res://.godot/imported/token-fdf-128.jpg-12edc93418461092681dc1682c2efa95.ctex[39m[0m
[  95% ] [90m[1msavepack[22m | 正在保存文件：res://recourse/数据库/token-fdf-128.jpg.import[39m[0m
[  95% ] [90m[1msavepack[22m | 正在保存文件：res://.godot/imported/token-fdf-129.jpg-33bee81915aeba972e9bd3e55ed2cfba.ctex[39m[0m
[  95% ] [90m[1msavepack[22m | 正在保存文件：res://recourse/数据库/token-fdf-129.jpg.import[39m[0m
[  95% ] [90m[1msavepack[22m | 正在保存文件：res://.godot/imported/token-fdf-130.jpg-b5bcbb3b046b4a31f4263fa12afa20ef.ctex[39m[0m
[  95% ] [90m[1msavepack[22m | 正在保存文件：res://recourse/数据库/token-fdf-130.jpg.import[39m[0m
[  95% ] [90m[1msavepack[22m | 正在保存文件：res://.godot/imported/token-fdf-131.jpg-f6cc1e3cc21f50273b2eb02afbf58f8a.ctex[39m[0m
[  95% ] [90m[1msavepack[22m | 正在保存文件：res://recourse/数据库/token-fdf-131.jpg.import[39m[0m
[  95% ] [90m[1msavepack[22m | 正在保存文件：res://.godot/imported/token-fdf-132.jpg-468b88615a9a295162b47741c224c7f7.ctex[39m[0m
[  95% ] [90m[1msavepack[22m | 正在保存文件：res://recourse/数据库/token-fdf-132.jpg.import[39m[0m
[  95% ] [90m[1msavepack[22m | 正在保存文件：res://.godot/imported/token-fdf-133.jpg-3428a2bb682bbe1dd8042db07a6bc745.ctex[39m[0m
[  95% ] [90m[1msavepack[22m | 正在保存文件：res://recourse/数据库/token-fdf-133.jpg.import[39m[0m
[  95% ] [90m[1msavepack[22m | 正在保存文件：res://.godot/imported/token-fdn-082.jpg-cdaa1381b0a411078e5cd987ecc1bcd0.ctex[39m[0m
[  95% ] [90m[1msavepack[22m | 正在保存文件：res://recourse/数据库/token-fdn-082.jpg.import[39m[0m
[  95% ] [90m[1msavepack[22m | 正在保存文件：res://.godot/imported/token-fdn-085.jpg-bf59fd66f34ae2045d03433f27a90e34.ctex[39m[0m
[  95% ] [90m[1msavepack[22m | 正在保存文件：res://recourse/数据库/token-fdn-085.jpg.import[39m[0m
[  95% ] [90m[1msavepack[22m | 正在保存文件：res://.godot/imported/token-htk-031.jpg-d5fd22e48a93751ff2768fee74a21b73.ctex[39m[0m
[  95% ] [90m[1msavepack[22m | 正在保存文件：res://recourse/数据库/token-htk-031.jpg.import[39m[0m
[  95% ] [90m[1msavepack[22m | 正在保存文件：res://.godot/imported/token-htk-032.jpg-75ef56d03dac17cf5af0bfced7b3c1d0.ctex[39m[0m
[  95% ] [90m[1msavepack[22m | 正在保存文件：res://recourse/数据库/token-htk-032.jpg.import[39m[0m
[  95% ] [90m[1msavepack[22m | 正在保存文件：res://.godot/imported/token-htk-033.jpg-773c4e858d759e1fa320f941426833ac.ctex[39m[0m
[  95% ] [90m[1msavepack[22m | 正在保存文件：res://recourse/数据库/token-htk-033.jpg.import[39m[0m
[  95% ] [90m[1msavepack[22m | 正在保存文件：res://.godot/imported/token-kmo-027.jpg-96b2b34775ea8f4eacc9b6e5924be727.ctex[39m[0m
[  95% ] [90m[1msavepack[22m | 正在保存文件：res://recourse/数据库/token-kmo-027.jpg.import[39m[0m
[  95% ] [90m[1msavepack[22m | 正在保存文件：res://.godot/imported/token-smm-025.jpg-0a9b4227e4963e40b1773781203c89f3.ctex[39m[0m
[  95% ] [90m[1msavepack[22m | 正在保存文件：res://recourse/数据库/token-smm-025.jpg.import[39m[0m
[  96% ] [90m[1msavepack[22m | 正在保存文件：res://.godot/imported/token-ucs-093.svg-b500be95ff07753b9cd94a8eed3dcfcd.ctex[39m[0m
[  96% ] [90m[1msavepack[22m | 正在保存文件：res://recourse/数据库/token-ucs-093.svg.import[39m[0m
[  96% ] [90m[1msavepack[22m | 正在保存文件：res://.godot/imported/token-ucs-099.jpg-fb8ec8a5a33b7a525313878e0890ea10.ctex[39m[0m
[  96% ] [90m[1msavepack[22m | 正在保存文件：res://recourse/数据库/token-ucs-099.jpg.import[39m[0m
[  96% ] [90m[1msavepack[22m | 正在保存文件：res://recourse/数据库/卡图索引.json[39m[0m
[  96% ] [90m[1msavepack[22m | 正在保存文件：res://.godot/imported/卡背.jpg-f4928af5277f1e54218e120e1a8e9e34.ctex[39m[0m
[  96% ] [90m[1msavepack[22m | 正在保存文件：res://recourse/卡背.jpg.import[39m[0m
[  96% ] [90m[1msavepack[22m | 正在保存文件：res://.godot/imported/卡背.png-7a0bbe9196c1dec236c110d3ef64cbaa.ctex[39m[0m
[  96% ] [90m[1msavepack[22m | 正在保存文件：res://recourse/卡背.png.import[39m[0m
[  96% ] [90m[1msavepack[22m | 正在保存文件：res://.godot/imported/垫子3 - 副本.png-357ef7844662e145947edcb4dbceed6c.ctex[39m[0m
[  96% ] [90m[1msavepack[22m | 正在保存文件：res://recourse/垫子3 - 副本.png.import[39m[0m
[  96% ] [90m[1msavepack[22m | 正在保存文件：res://.godot/imported/垫子3.png-5a3fded68e5a5904669cc89d0bb6ff64.ctex[39m[0m
[  96% ] [90m[1msavepack[22m | 正在保存文件：res://recourse/垫子3.png.import[39m[0m
[  96% ] [90m[1msavepack[22m | 正在保存文件：res://.godot/imported/战场参考.png-924c285922fac8046de2317398ebf22a.ctex[39m[0m
[  96% ] [90m[1msavepack[22m | 正在保存文件：res://recourse/战场参考.png.import[39m[0m
[  96% ] [90m[1msavepack[22m | 正在保存文件：res://.godot/imported/组卡器参考.png-e5230859a25832d583e03b4a4aec0cd0.ctex[39m[0m
[  96% ] [90m[1msavepack[22m | 正在保存文件：res://recourse/组卡器参考.png.import[39m[0m
[  96% ] [90m[1msavepack[22m | 正在保存文件：res://scripts/export_verification/main.gdc[39m[0m
[  96% ] [90m[1msavepack[22m | 正在保存文件：res://.godot/exported/133200997/export-85f94c0a4826a890dd57e6f28b5e37ca-main.scn[39m[0m
[  96% ] [90m[1msavepack[22m | 正在保存文件：res://scripts/rules/ability_caption.gdc[39m[0m
[  96% ] [90m[1msavepack[22m | 正在保存文件：res://scripts/rules/catalogue_abilities.gdc[39m[0m
[  96% ] [90m[1msavepack[22m | 正在保存文件：res://scripts/rules/catalogue_spells.gdc[39m[0m
[  97% ] [90m[1msavepack[22m | 正在保存文件：res://scripts/rules/catalogue_state.gdc[39m[0m
[  97% ] [90m[1msavepack[22m | 正在保存文件：res://scripts/rules/catalogue_units.gdc[39m[0m
[  97% ] [90m[1msavepack[22m | 正在保存文件：res://scripts/rules/color_cost.gdc[39m[0m
[  97% ] [90m[1msavepack[22m | 正在保存文件：res://scripts/rules/demo_abilities.gdc[39m[0m
[  97% ] [90m[1msavepack[22m | 正在保存文件：res://scripts/rules/duel_engine.gdc[39m[0m
[  97% ] [90m[1msavepack[22m | 正在保存文件：res://scripts/rules/excel_abilities.gdc[39m[0m
[  97% ] [90m[1msavepack[22m | 正在保存文件：res://scripts/rules/expanded_abilities.gdc[39m[0m
[  97% ] [90m[1msavepack[22m | 正在保存文件：res://scripts/rules/mask_abilities.gdc[39m[0m
[  97% ] [90m[1msavepack[22m | 正在保存文件：res://scripts/rules/precon_abilities.gdc[39m[0m
[  97% ] [90m[1msavepack[22m | 正在保存文件：res://scripts/battle_table.gdc[39m[0m
[  97% ] [90m[1msavepack[22m | 正在保存文件：res://scripts/card_database.gdc[39m[0m
[  97% ] [90m[1msavepack[22m | 正在保存文件：res://scripts/deck_card.gdc[39m[0m
[  97% ] [90m[1msavepack[22m | 正在保存文件：res://scripts/deck_store.gdc[39m[0m
[  98% ] [90m[1msavepack[22m | 正在保存文件：res://scripts/duel_hand_card.gdc[39m[0m
[  98% ] [90m[1msavepack[22m | 正在保存文件：res://scripts/duel_reveal.gdc[39m[0m
[  98% ] [90m[1msavepack[22m | 正在保存文件：res://scripts/duel_stack.gdc[39m[0m
[  98% ] [90m[1msavepack[22m | 正在保存文件：res://scripts/duel_table.gdc[39m[0m
[  98% ] [90m[1msavepack[22m | 正在保存文件：res://scripts/duel_view.gdc[39m[0m
[  98% ] [90m[1msavepack[22m | 正在保存文件：res://scripts/main.gdc[39m[0m
[  98% ] [90m[1msavepack[22m | 正在保存文件：res://scripts/payment_draft.gdc[39m[0m
[  98% ] [90m[1msavepack[22m | 正在保存文件：res://scripts/portable_paths.gdc[39m[0m
[  98% ] [90m[1msavepack[22m | 正在保存文件：res://scripts/replay_archive.gdc[39m[0m
[  98% ] [90m[1msavepack[22m | 正在保存文件：res://scripts/replay_player.gdc[39m[0m
[  98% ] [90m[1msavepack[22m | 正在保存文件：res://scripts/stack_arrows.gdc[39m[0m
[  98% ] [90m[1msavepack[22m | 正在保存文件：res://scripts/target_picker.gdc[39m[0m
[  98% ] [90m[1msavepack[22m | 正在保存文件：res://.godot/imported/icon.svg-218a8f2b3041327d8a5756f3a245f83b.ctex[39m[0m
[  98% ] [90m[1msavepack[22m | 正在保存文件：res://icon.svg.import[39m[0m
[  98% ] [90m[1msavepack[22m | 正在保存文件：res://new_script.gd.remap[39m[0m
[  98% ] [90m[1msavepack[22m | 正在保存文件：res://main.tscn.remap[39m[0m
[  98% ] [90m[1msavepack[22m | 正在保存文件：res://net/command_gateway.gd.remap[39m[0m
[  98% ] [90m[1msavepack[22m | 正在保存文件：res://net/connection_metrics.gd.remap[39m[0m
[  98% ] [90m[1msavepack[22m | 正在保存文件：res://net/journal_store.gd.remap[39m[0m
[  98% ] [90m[1msavepack[22m | 正在保存文件：res://net/lan_discovery.gd.remap[39m[0m
[  98% ] [90m[1msavepack[22m | 正在保存文件：res://net/lan_lobby.gd.remap[39m[0m
[  98% ] [90m[1msavepack[22m | 正在保存文件：res://net/lan_session.gd.remap[39m[0m
[  98% ] [90m[1msavepack[22m | 正在保存文件：res://net/lan_transport.gd.remap[39m[0m
[  98% ] [90m[1msavepack[22m | 正在保存文件：res://net/local_identity.gd.remap[39m[0m
[  98% ] [90m[1msavepack[22m | 正在保存文件：res://net/observer_projection.gd.remap[39m[0m
[  98% ] [90m[1msavepack[22m | 正在保存文件：res://net/remote_duel.gd.remap[39m[0m
[  98% ] [90m[1msavepack[22m | 正在保存文件：res://net/seat_projection.gd.remap[39m[0m
[  98% ] [90m[1msavepack[22m | 正在保存文件：res://net/series_controller.gd.remap[39m[0m
[  98% ] [90m[1msavepack[22m | 正在保存文件：res://net/spectator_hub.gd.remap[39m[0m
[  98% ] [90m[1msavepack[22m | 正在保存文件：res://net/state_codec.gd.remap[39m[0m
[  98% ] [90m[1msavepack[22m | 正在保存文件：res://scripts/export_verification/main.gd.remap[39m[0m
[  98% ] [90m[1msavepack[22m | 正在保存文件：res://scripts/export_verification/main.tscn.remap[39m[0m
[  98% ] [90m[1msavepack[22m | 正在保存文件：res://scripts/rules/ability_caption.gd.remap[39m[0m
[  98% ] [90m[1msavepack[22m | 正在保存文件：res://scripts/rules/catalogue_abilities.gd.remap[39m[0m
[  98% ] [90m[1msavepack[22m | 正在保存文件：res://scripts/rules/catalogue_spells.gd.remap[39m[0m
[  98% ] [90m[1msavepack[22m | 正在保存文件：res://scripts/rules/catalogue_state.gd.remap[39m[0m
[  98% ] [90m[1msavepack[22m | 正在保存文件：res://scripts/rules/catalogue_units.gd.remap[39m[0m
[  98% ] [90m[1msavepack[22m | 正在保存文件：res://scripts/rules/color_cost.gd.remap[39m[0m
[  98% ] [90m[1msavepack[22m | 正在保存文件：res://scripts/rules/demo_abilities.gd.remap[39m[0m
[  98% ] [90m[1msavepack[22m | 正在保存文件：res://scripts/rules/duel_engine.gd.remap[39m[0m
[  98% ] [90m[1msavepack[22m | 正在保存文件：res://scripts/rules/excel_abilities.gd.remap[39m[0m
[  98% ] [90m[1msavepack[22m | 正在保存文件：res://scripts/rules/expanded_abilities.gd.remap[39m[0m
[  98% ] [90m[1msavepack[22m | 正在保存文件：res://scripts/rules/mask_abilities.gd.remap[39m[0m
[  98% ] [90m[1msavepack[22m | 正在保存文件：res://scripts/rules/precon_abilities.gd.remap[39m[0m
[  98% ] [90m[1msavepack[22m | 正在保存文件：res://scripts/battle_table.gd.remap[39m[0m
[  98% ] [90m[1msavepack[22m | 正在保存文件：res://scripts/card_database.gd.remap[39m[0m
[  98% ] [90m[1msavepack[22m | 正在保存文件：res://scripts/deck_card.gd.remap[39m[0m
[  98% ] [90m[1msavepack[22m | 正在保存文件：res://scripts/deck_store.gd.remap[39m[0m
[  98% ] [90m[1msavepack[22m | 正在保存文件：res://scripts/duel_hand_card.gd.remap[39m[0m
[  98% ] [90m[1msavepack[22m | 正在保存文件：res://scripts/duel_reveal.gd.remap[39m[0m
[  98% ] [90m[1msavepack[22m | 正在保存文件：res://scripts/duel_stack.gd.remap[39m[0m
[  98% ] [90m[1msavepack[22m | 正在保存文件：res://scripts/duel_table.gd.remap[39m[0m
[  98% ] [90m[1msavepack[22m | 正在保存文件：res://scripts/duel_view.gd.remap[39m[0m
[  98% ] [90m[1msavepack[22m | 正在保存文件：res://scripts/main.gd.remap[39m[0m
[  98% ] [90m[1msavepack[22m | 正在保存文件：res://scripts/payment_draft.gd.remap[39m[0m
[  98% ] [90m[1msavepack[22m | 正在保存文件：res://scripts/portable_paths.gd.remap[39m[0m
[  98% ] [90m[1msavepack[22m | 正在保存文件：res://scripts/replay_archive.gd.remap[39m[0m
[  98% ] [90m[1msavepack[22m | 正在保存文件：res://scripts/replay_player.gd.remap[39m[0m
[  98% ] [90m[1msavepack[22m | 正在保存文件：res://scripts/stack_arrows.gd.remap[39m[0m
[  98% ] [90m[1msavepack[22m | 正在保存文件：res://scripts/target_picker.gd.remap[39m[0m
[  98% ] [90m[1msavepack[22m | 正在保存文件：res://.godot/global_script_class_cache.cfg[39m[0m
[  98% ] [90m[1msavepack[22m | 正在保存文件：res://icon.svg[39m[0m
[  98% ] [90m[1msavepack[22m | 正在保存文件：res://.godot/uid_cache.bin[39m[0m
[  98% ] [90m[1msavepack[22m | 正在保存文件：res://project.binary[39m[0m
[92m[ DONE ][39m [1msavepack[22m
[0m
