Godot Engine v4.7.2.stable.official.ed1daf0bf - https://godotengine.org

ERROR: Failed to read the root certificate store.
   at: get_system_ca_certificates (platform/windows/os_windows.cpp:2582)
[   0% ] [90m[1mfirst_scan_filesystem[22m | Started 项目初始化 (5 steps)[39m[0m
[   0% ] [90m[1mfirst_scan_filesystem[22m | 正在扫描文件结构……[39m[0m
[  16% ] [90m[1mfirst_scan_filesystem[22m | 正在加载全局类名……[39m[0m
[  33% ] [90m[1mfirst_scan_filesystem[22m | 正在校验 GDExtension……[39m[0m
[  50% ] [90m[1mfirst_scan_filesystem[22m | 正在创建自动加载脚本……[39m[0m
[  66% ] [90m[1mfirst_scan_filesystem[22m | 正在初始化插件……[39m[0m
[  83% ] [90m[1mfirst_scan_filesystem[22m | 正在启动文件扫描……[39m[0m
[92m[ DONE ][39m [1mfirst_scan_filesystem[22m
[0m
BUNDLED_DECKS: 4; REGISTERED_CARDS: 486
[   0% ] [90m[1msavepack[22m | Started 打包中 (102 steps)[39m[0m
[   1% ] [90m[1msavepack[22m | 正在保存文件：res://data/bundled_decks.json[39m[0m
[   1% ] [90m[1msavepack[22m | 正在保存文件：res://new_script.gdc[39m[0m
[   1% ] [90m[1msavepack[22m | 正在保存文件：res://.godot/exported/133200997/export-3070c538c03ee49b7677ff960a3f5195-main.scn[39m[0m
[   1% ] [90m[1msavepack[22m | 正在保存文件：res://.godot/imported/card_back.svg-136a66e76c8948b16e8a6793a86f05b3.ctex[39m[0m
[   1% ] [90m[1msavepack[22m | 正在保存文件：res://assets/card_back.svg.import[39m[0m
[   1% ] [90m[1msavepack[22m | 正在保存文件：res://.godot/imported/combat_shield.svg-37ecd7fb56e2a74134e2e7303d54f210.ctex[39m[0m
[   1% ] [90m[1msavepack[22m | 正在保存文件：res://assets/combat_shield.svg.import[39m[0m
[   1% ] [90m[1msavepack[22m | 正在保存文件：res://.godot/imported/combat_sword.svg-f837ae6cc27f80644998669c377f2d57.ctex[39m[0m
[   1% ] [90m[1msavepack[22m | 正在保存文件：res://assets/combat_sword.svg.import[39m[0m
[   1% ] [90m[1msavepack[22m | 正在保存文件：res://.godot/imported/potato.svg-61db7f2814757992a9e2070632bf099f.ctex[39m[0m
[   1% ] [90m[1msavepack[22m | 正在保存文件：res://assets/potato.svg.import[39m[0m
[   1% ] [90m[1msavepack[22m | 正在保存文件：res://.godot/imported/roster_token.svg-30dfcc5544ba63c6cd5ef4069fa862b8.ctex[39m[0m
[   1% ] [90m[1msavepack[22m | 正在保存文件：res://assets/roster_token.svg.import[39m[0m
[   1% ] [90m[1msavepack[22m | 正在保存文件：res://assets/summoning_mist.gdshader[39m[0m
[   1% ] [90m[1msavepack[22m | 正在保存文件：res://.godot/imported/token_halfghost.svg-53602f0a80a9d45f1e07c3796ce42854.ctex[39m[0m
[   1% ] [90m[1msavepack[22m | 正在保存文件：res://assets/token_halfghost.svg.import[39m[0m
[   1% ] [90m[1msavepack[22m | 正在保存文件：res://.godot/imported/token_ufo.svg-65d7f28e9f92daa75139ef8b96688d1d.ctex[39m[0m
[   1% ] [90m[1msavepack[22m | 正在保存文件：res://assets/token_ufo.svg.import[39m[0m
[   1% ] [90m[1msavepack[22m | 正在保存文件：res://cards/1.json[39m[0m
[   2% ] [90m[1msavepack[22m | 正在保存文件：res://cards/2.json[39m[0m
[   2% ] [90m[1msavepack[22m | 正在保存文件：res://cards/3.json[39m[0m
[   2% ] [90m[1msavepack[22m | 正在保存文件：res://cards/5.json[39m[0m
[   2% ] [90m[1msavepack[22m | 正在保存文件：res://cards/6.json[39m[0m
[   2% ] [90m[1msavepack[22m | 正在保存文件：res://cards/7.json[39m[0m
[   2% ] [90m[1msavepack[22m | 正在保存文件：res://cards/8.json[39m[0m
[   2% ] [90m[1msavepack[22m | 正在保存文件：res://cards/9.json[39m[0m
[   2% ] [90m[1msavepack[22m | 正在保存文件：res://cards/11.json[39m[0m
[   2% ] [90m[1msavepack[22m | 正在保存文件：res://cards/12.json[39m[0m
[   2% ] [90m[1msavepack[22m | 正在保存文件：res://cards/13.json[39m[0m
[   3% ] [90m[1msavepack[22m | 正在保存文件：res://cards/14.json[39m[0m
[   3% ] [90m[1msavepack[22m | 正在保存文件：res://cards/15.json[39m[0m
[   3% ] [90m[1msavepack[22m | 正在保存文件：res://cards/17.json[39m[0m
[   3% ] [90m[1msavepack[22m | 正在保存文件：res://cards/18.json[39m[0m
[   3% ] [90m[1msavepack[22m | 正在保存文件：res://cards/19.json[39m[0m
[   3% ] [90m[1msavepack[22m | 正在保存文件：res://cards/21.json[39m[0m
[   3% ] [90m[1msavepack[22m | 正在保存文件：res://cards/22.json[39m[0m
[   3% ] [90m[1msavepack[22m | 正在保存文件：res://cards/23.json[39m[0m
[   3% ] [90m[1msavepack[22m | 正在保存文件：res://cards/24.json[39m[0m
[   3% ] [90m[1msavepack[22m | 正在保存文件：res://cards/25.json[39m[0m
[   4% ] [90m[1msavepack[22m | 正在保存文件：res://cards/26.json[39m[0m
[   4% ] [90m[1msavepack[22m | 正在保存文件：res://cards/27.json[39m[0m
[   4% ] [90m[1msavepack[22m | 正在保存文件：res://cards/28.json[39m[0m
[   4% ] [90m[1msavepack[22m | 正在保存文件：res://cards/29.json[39m[0m
[   4% ] [90m[1msavepack[22m | 正在保存文件：res://cards/30.json[39m[0m
[   4% ] [90m[1msavepack[22m | 正在保存文件：res://cards/31.json[39m[0m
[   4% ] [90m[1msavepack[22m | 正在保存文件：res://cards/32.json[39m[0m
[   4% ] [90m[1msavepack[22m | 正在保存文件：res://cards/33.json[39m[0m
[   4% ] [90m[1msavepack[22m | 正在保存文件：res://cards/34.json[39m[0m
[   4% ] [90m[1msavepack[22m | 正在保存文件：res://cards/35.json[39m[0m
[   5% ] [90m[1msavepack[22m | 正在保存文件：res://cards/38.json[39m[0m
[   5% ] [90m[1msavepack[22m | 正在保存文件：res://cards/39.json[39m[0m
[   5% ] [90m[1msavepack[22m | 正在保存文件：res://cards/41.json[39m[0m
[   5% ] [90m[1msavepack[22m | 正在保存文件：res://cards/42.json[39m[0m
[   5% ] [90m[1msavepack[22m | 正在保存文件：res://cards/43.json[39m[0m
[   5% ] [90m[1msavepack[22m | 正在保存文件：res://cards/44.json[39m[0m
[   5% ] [90m[1msavepack[22m | 正在保存文件：res://cards/45.json[39m[0m
[   5% ] [90m[1msavepack[22m | 正在保存文件：res://cards/46.json[39m[0m
[   5% ] [90m[1msavepack[22m | 正在保存文件：res://cards/47.json[39m[0m
[   5% ] [90m[1msavepack[22m | 正在保存文件：res://cards/48.json[39m[0m
[   6% ] [90m[1msavepack[22m | 正在保存文件：res://cards/49.json[39m[0m
[   6% ] [90m[1msavepack[22m | 正在保存文件：res://cards/50.json[39m[0m
[   6% ] [90m[1msavepack[22m | 正在保存文件：res://cards/51.json[39m[0m
[   6% ] [90m[1msavepack[22m | 正在保存文件：res://cards/52.json[39m[0m
[   6% ] [90m[1msavepack[22m | 正在保存文件：res://cards/53.json[39m[0m
[   6% ] [90m[1msavepack[22m | 正在保存文件：res://cards/54.json[39m[0m
[   6% ] [90m[1msavepack[22m | 正在保存文件：res://cards/55.json[39m[0m
[   6% ] [90m[1msavepack[22m | 正在保存文件：res://cards/56.json[39m[0m
[   6% ] [90m[1msavepack[22m | 正在保存文件：res://cards/57.json[39m[0m
[   6% ] [90m[1msavepack[22m | 正在保存文件：res://cards/58.json[39m[0m
[   7% ] [90m[1msavepack[22m | 正在保存文件：res://cards/59.json[39m[0m
[   7% ] [90m[1msavepack[22m | 正在保存文件：res://cards/60.json[39m[0m
[   7% ] [90m[1msavepack[22m | 正在保存文件：res://cards/61.json[39m[0m
[   7% ] [90m[1msavepack[22m | 正在保存文件：res://cards/62.json[39m[0m
[   7% ] [90m[1msavepack[22m | 正在保存文件：res://cards/63.json[39m[0m
[   7% ] [90m[1msavepack[22m | 正在保存文件：res://cards/64.json[39m[0m
[   7% ] [90m[1msavepack[22m | 正在保存文件：res://cards/66.json[39m[0m
[   7% ] [90m[1msavepack[22m | 正在保存文件：res://cards/67.json[39m[0m
[   7% ] [90m[1msavepack[22m | 正在保存文件：res://cards/68.json[39m[0m
[   7% ] [90m[1msavepack[22m | 正在保存文件：res://cards/70.json[39m[0m
[   7% ] [90m[1msavepack[22m | 正在保存文件：res://cards/71.json[39m[0m
[   8% ] [90m[1msavepack[22m | 正在保存文件：res://cards/73.json[39m[0m
[   8% ] [90m[1msavepack[22m | 正在保存文件：res://cards/74.json[39m[0m
[   8% ] [90m[1msavepack[22m | 正在保存文件：res://cards/75.json[39m[0m
[   8% ] [90m[1msavepack[22m | 正在保存文件：res://cards/76.json[39m[0m
[   8% ] [90m[1msavepack[22m | 正在保存文件：res://cards/77.json[39m[0m
[   8% ] [90m[1msavepack[22m | 正在保存文件：res://cards/78.json[39m[0m
[   8% ] [90m[1msavepack[22m | 正在保存文件：res://cards/79.json[39m[0m
[   8% ] [90m[1msavepack[22m | 正在保存文件：res://cards/80.json[39m[0m
[   8% ] [90m[1msavepack[22m | 正在保存文件：res://cards/82.json[39m[0m
[   8% ] [90m[1msavepack[22m | 正在保存文件：res://cards/85.json[39m[0m
[   9% ] [90m[1msavepack[22m | 正在保存文件：res://cards/86.json[39m[0m
[   9% ] [90m[1msavepack[22m | 正在保存文件：res://cards/87.json[39m[0m
[   9% ] [90m[1msavepack[22m | 正在保存文件：res://cards/90.json[39m[0m
[   9% ] [90m[1msavepack[22m | 正在保存文件：res://cards/91.json[39m[0m
[   9% ] [90m[1msavepack[22m | 正在保存文件：res://cards/93.json[39m[0m
[   9% ] [90m[1msavepack[22m | 正在保存文件：res://cards/94.json[39m[0m
[   9% ] [90m[1msavepack[22m | 正在保存文件：res://cards/96.json[39m[0m
[   9% ] [90m[1msavepack[22m | 正在保存文件：res://cards/97.json[39m[0m
[   9% ] [90m[1msavepack[22m | 正在保存文件：res://cards/98.json[39m[0m
[   9% ] [90m[1msavepack[22m | 正在保存文件：res://cards/99.json[39m[0m
[  10% ] [90m[1msavepack[22m | 正在保存文件：res://cards/100.json[39m[0m
[  10% ] [90m[1msavepack[22m | 正在保存文件：res://cards/101.json[39m[0m
[  10% ] [90m[1msavepack[22m | 正在保存文件：res://cards/102.json[39m[0m
[  10% ] [90m[1msavepack[22m | 正在保存文件：res://cards/103.json[39m[0m
[  10% ] [90m[1msavepack[22m | 正在保存文件：res://cards/104.json[39m[0m
[  10% ] [90m[1msavepack[22m | 正在保存文件：res://cards/105.json[39m[0m
[  10% ] [90m[1msavepack[22m | 正在保存文件：res://cards/106.json[39m[0m
[  10% ] [90m[1msavepack[22m | 正在保存文件：res://cards/107.json[39m[0m
[  10% ] [90m[1msavepack[22m | 正在保存文件：res://cards/109.json[39m[0m
[  10% ] [90m[1msavepack[22m | 正在保存文件：res://cards/110.json[39m[0m
[  11% ] [90m[1msavepack[22m | 正在保存文件：res://cards/111.json[39m[0m
[  11% ] [90m[1msavepack[22m | 正在保存文件：res://cards/112.json[39m[0m
[  11% ] [90m[1msavepack[22m | 正在保存文件：res://cards/113.json[39m[0m
[  11% ] [90m[1msavepack[22m | 正在保存文件：res://cards/114.json[39m[0m
[  11% ] [90m[1msavepack[22m | 正在保存文件：res://cards/116.json[39m[0m
[  11% ] [90m[1msavepack[22m | 正在保存文件：res://cards/118.json[39m[0m
[  11% ] [90m[1msavepack[22m | 正在保存文件：res://cards/119.json[39m[0m
[  11% ] [90m[1msavepack[22m | 正在保存文件：res://cards/120.json[39m[0m
[  11% ] [90m[1msavepack[22m | 正在保存文件：res://cards/121.json[39m[0m
[  11% ] [90m[1msavepack[22m | 正在保存文件：res://cards/122.json[39m[0m
[  12% ] [90m[1msavepack[22m | 正在保存文件：res://cards/123.json[39m[0m
[  12% ] [90m[1msavepack[22m | 正在保存文件：res://cards/124.json[39m[0m
[  12% ] [90m[1msavepack[22m | 正在保存文件：res://cards/125.json[39m[0m
[  12% ] [90m[1msavepack[22m | 正在保存文件：res://cards/126.json[39m[0m
[  12% ] [90m[1msavepack[22m | 正在保存文件：res://cards/127.json[39m[0m
[  12% ] [90m[1msavepack[22m | 正在保存文件：res://cards/128.json[39m[0m
[  12% ] [90m[1msavepack[22m | 正在保存文件：res://cards/129.json[39m[0m
[  12% ] [90m[1msavepack[22m | 正在保存文件：res://cards/130.json[39m[0m
[  12% ] [90m[1msavepack[22m | 正在保存文件：res://cards/131.json[39m[0m
[  12% ] [90m[1msavepack[22m | 正在保存文件：res://cards/132.json[39m[0m
[  13% ] [90m[1msavepack[22m | 正在保存文件：res://cards/133.json[39m[0m
[  13% ] [90m[1msavepack[22m | 正在保存文件：res://cards/134.json[39m[0m
[  13% ] [90m[1msavepack[22m | 正在保存文件：res://cards/135.json[39m[0m
[  13% ] [90m[1msavepack[22m | 正在保存文件：res://cards/136.json[39m[0m
[  13% ] [90m[1msavepack[22m | 正在保存文件：res://cards/137.json[39m[0m
[  13% ] [90m[1msavepack[22m | 正在保存文件：res://cards/138.json[39m[0m
[  13% ] [90m[1msavepack[22m | 正在保存文件：res://cards/139.json[39m[0m
[  13% ] [90m[1msavepack[22m | 正在保存文件：res://cards/140.json[39m[0m
[  13% ] [90m[1msavepack[22m | 正在保存文件：res://cards/141.json[39m[0m
[  13% ] [90m[1msavepack[22m | 正在保存文件：res://cards/142.json[39m[0m
[  13% ] [90m[1msavepack[22m | 正在保存文件：res://cards/143.json[39m[0m
[  14% ] [90m[1msavepack[22m | 正在保存文件：res://cards/144.json[39m[0m
[  14% ] [90m[1msavepack[22m | 正在保存文件：res://cards/145.json[39m[0m
[  14% ] [90m[1msavepack[22m | 正在保存文件：res://cards/146.json[39m[0m
[  14% ] [90m[1msavepack[22m | 正在保存文件：res://cards/147.json[39m[0m
[  14% ] [90m[1msavepack[22m | 正在保存文件：res://cards/148.json[39m[0m
[  14% ] [90m[1msavepack[22m | 正在保存文件：res://cards/149.json[39m[0m
[  14% ] [90m[1msavepack[22m | 正在保存文件：res://cards/150.json[39m[0m
[  14% ] [90m[1msavepack[22m | 正在保存文件：res://cards/151.json[39m[0m
[  14% ] [90m[1msavepack[22m | 正在保存文件：res://cards/152.json[39m[0m
[  14% ] [90m[1msavepack[22m | 正在保存文件：res://cards/153.json[39m[0m
[  15% ] [90m[1msavepack[22m | 正在保存文件：res://cards/154.json[39m[0m
[  15% ] [90m[1msavepack[22m | 正在保存文件：res://cards/155.json[39m[0m
[  15% ] [90m[1msavepack[22m | 正在保存文件：res://cards/156.json[39m[0m
[  15% ] [90m[1msavepack[22m | 正在保存文件：res://cards/157.json[39m[0m
[  15% ] [90m[1msavepack[22m | 正在保存文件：res://cards/158.json[39m[0m
[  15% ] [90m[1msavepack[22m | 正在保存文件：res://cards/159.json[39m[0m
[  15% ] [90m[1msavepack[22m | 正在保存文件：res://cards/160.json[39m[0m
[  15% ] [90m[1msavepack[22m | 正在保存文件：res://cards/161.json[39m[0m
[  15% ] [90m[1msavepack[22m | 正在保存文件：res://cards/162.json[39m[0m
[  15% ] [90m[1msavepack[22m | 正在保存文件：res://cards/163.json[39m[0m
[  16% ] [90m[1msavepack[22m | 正在保存文件：res://cards/164.json[39m[0m
[  16% ] [90m[1msavepack[22m | 正在保存文件：res://cards/165.json[39m[0m
[  16% ] [90m[1msavepack[22m | 正在保存文件：res://cards/166.json[39m[0m
[  16% ] [90m[1msavepack[22m | 正在保存文件：res://cards/167.json[39m[0m
[  16% ] [90m[1msavepack[22m | 正在保存文件：res://cards/168.json[39m[0m
[  16% ] [90m[1msavepack[22m | 正在保存文件：res://cards/169.json[39m[0m
[  16% ] [90m[1msavepack[22m | 正在保存文件：res://cards/170.json[39m[0m
[  16% ] [90m[1msavepack[22m | 正在保存文件：res://cards/171.json[39m[0m
[  16% ] [90m[1msavepack[22m | 正在保存文件：res://cards/172.json[39m[0m
[  16% ] [90m[1msavepack[22m | 正在保存文件：res://cards/173.json[39m[0m
[  17% ] [90m[1msavepack[22m | 正在保存文件：res://cards/174.json[39m[0m
[  17% ] [90m[1msavepack[22m | 正在保存文件：res://cards/175.json[39m[0m
[  17% ] [90m[1msavepack[22m | 正在保存文件：res://cards/176.json[39m[0m
[  17% ] [90m[1msavepack[22m | 正在保存文件：res://cards/177.json[39m[0m
[  17% ] [90m[1msavepack[22m | 正在保存文件：res://cards/178.json[39m[0m
[  17% ] [90m[1msavepack[22m | 正在保存文件：res://cards/character-fdf-029.json[39m[0m
[  17% ] [90m[1msavepack[22m | 正在保存文件：res://cards/character-fdf-041.json[39m[0m
[  17% ] [90m[1msavepack[22m | 正在保存文件：res://cards/character-fdf-046.json[39m[0m
[  17% ] [90m[1msavepack[22m | 正在保存文件：res://cards/character-fdf-065.json[39m[0m
[  17% ] [90m[1msavepack[22m | 正在保存文件：res://cards/character-fdf-069.json[39m[0m
[  18% ] [90m[1msavepack[22m | 正在保存文件：res://cards/character-fdf-070.json[39m[0m
[  18% ] [90m[1msavepack[22m | 正在保存文件：res://cards/character-fdf-090.json[39m[0m
[  18% ] [90m[1msavepack[22m | 正在保存文件：res://cards/character-fdf-091.json[39m[0m
[  18% ] [90m[1msavepack[22m | 正在保存文件：res://cards/character-fdf-092.json[39m[0m
[  18% ] [90m[1msavepack[22m | 正在保存文件：res://cards/character-fdf-093.json[39m[0m
[  18% ] [90m[1msavepack[22m | 正在保存文件：res://cards/character-fdf-094.json[39m[0m
[  18% ] [90m[1msavepack[22m | 正在保存文件：res://cards/character-fdf-095.json[39m[0m
[  18% ] [90m[1msavepack[22m | 正在保存文件：res://cards/character-fdf-098.json[39m[0m
[  18% ] [90m[1msavepack[22m | 正在保存文件：res://cards/character-fdf-099.json[39m[0m
[  18% ] [90m[1msavepack[22m | 正在保存文件：res://cards/character-fdf-100.json[39m[0m
[  19% ] [90m[1msavepack[22m | 正在保存文件：res://cards/character-fdf-101.json[39m[0m
[  19% ] [90m[1msavepack[22m | 正在保存文件：res://cards/character-fdf-102.json[39m[0m
[  19% ] [90m[1msavepack[22m | 正在保存文件：res://cards/character-fdf-103.json[39m[0m
[  19% ] [90m[1msavepack[22m | 正在保存文件：res://cards/character-fdf-104.json[39m[0m
[  19% ] [90m[1msavepack[22m | 正在保存文件：res://cards/character-fdf-105.json[39m[0m
[  19% ] [90m[1msavepack[22m | 正在保存文件：res://cards/character-fdf-106.json[39m[0m
[  19% ] [90m[1msavepack[22m | 正在保存文件：res://cards/character-fdf-109.json[39m[0m
[  19% ] [90m[1msavepack[22m | 正在保存文件：res://cards/character-fdf-110.json[39m[0m
[  19% ] [90m[1msavepack[22m | 正在保存文件：res://cards/character-fdf-111.json[39m[0m
[  19% ] [90m[1msavepack[22m | 正在保存文件：res://cards/character-fdf-112.json[39m[0m
[  19% ] [90m[1msavepack[22m | 正在保存文件：res://cards/character-fdf-113.json[39m[0m
[  20% ] [90m[1msavepack[22m | 正在保存文件：res://cards/character-fdf-114.json[39m[0m
[  20% ] [90m[1msavepack[22m | 正在保存文件：res://cards/character-fdf-115.json[39m[0m
[  20% ] [90m[1msavepack[22m | 正在保存文件：res://cards/character-fdf-116.json[39m[0m
[  20% ] [90m[1msavepack[22m | 正在保存文件：res://cards/character-fdf-117.json[39m[0m
[  20% ] [90m[1msavepack[22m | 正在保存文件：res://cards/character-fdf-119.json[39m[0m
[  20% ] [90m[1msavepack[22m | 正在保存文件：res://cards/character-fdf-ex01.json[39m[0m
[  20% ] [90m[1msavepack[22m | 正在保存文件：res://cards/character-fdf-ex02.json[39m[0m
[  20% ] [90m[1msavepack[22m | 正在保存文件：res://cards/character-fdf-ex03.json[39m[0m
[  20% ] [90m[1msavepack[22m | 正在保存文件：res://cards/character-fdf-ex04.json[39m[0m
[  20% ] [90m[1msavepack[22m | 正在保存文件：res://cards/character-fdf-ex05.json[39m[0m
[  21% ] [90m[1msavepack[22m | 正在保存文件：res://cards/character-fdn-004.json[39m[0m
[  21% ] [90m[1msavepack[22m | 正在保存文件：res://cards/character-fdn-006.json[39m[0m
[  21% ] [90m[1msavepack[22m | 正在保存文件：res://cards/character-fdn-007.json[39m[0m
[  21% ] [90m[1msavepack[22m | 正在保存文件：res://cards/character-fdn-013.json[39m[0m
[  21% ] [90m[1msavepack[22m | 正在保存文件：res://cards/character-fdn-014.json[39m[0m
[  21% ] [90m[1msavepack[22m | 正在保存文件：res://cards/character-fdn-021.json[39m[0m
[  21% ] [90m[1msavepack[22m | 正在保存文件：res://cards/character-fdn-024.json[39m[0m
[  21% ] [90m[1msavepack[22m | 正在保存文件：res://cards/character-fdn-025.json[39m[0m
[  21% ] [90m[1msavepack[22m | 正在保存文件：res://cards/character-fdn-026.json[39m[0m
[  21% ] [90m[1msavepack[22m | 正在保存文件：res://cards/character-fdn-027.json[39m[0m
[  22% ] [90m[1msavepack[22m | 正在保存文件：res://cards/character-fdn-034.json[39m[0m
[  22% ] [90m[1msavepack[22m | 正在保存文件：res://cards/character-fdn-035.json[39m[0m
[  22% ] [90m[1msavepack[22m | 正在保存文件：res://cards/character-fdn-036.json[39m[0m
[  22% ] [90m[1msavepack[22m | 正在保存文件：res://cards/character-fdn-037.json[39m[0m
[  22% ] [90m[1msavepack[22m | 正在保存文件：res://cards/character-fdn-038.json[39m[0m
[  22% ] [90m[1msavepack[22m | 正在保存文件：res://cards/character-fdn-041.json[39m[0m
[  22% ] [90m[1msavepack[22m | 正在保存文件：res://cards/character-fdn-042.json[39m[0m
[  22% ] [90m[1msavepack[22m | 正在保存文件：res://cards/character-fdn-043.json[39m[0m
[  22% ] [90m[1msavepack[22m | 正在保存文件：res://cards/character-fdn-045.json[39m[0m
[  22% ] [90m[1msavepack[22m | 正在保存文件：res://cards/character-fdn-048.json[39m[0m
[  23% ] [90m[1msavepack[22m | 正在保存文件：res://cards/character-fdn-067.json[39m[0m
[  23% ] [90m[1msavepack[22m | 正在保存文件：res://cards/character-fdn-068.json[39m[0m
[  23% ] [90m[1msavepack[22m | 正在保存文件：res://cards/character-fdn-071.json[39m[0m
[  23% ] [90m[1msavepack[22m | 正在保存文件：res://cards/character-htk-001.json[39m[0m
[  23% ] [90m[1msavepack[22m | 正在保存文件：res://cards/character-htk-002.json[39m[0m
[  23% ] [90m[1msavepack[22m | 正在保存文件：res://cards/character-htk-005.json[39m[0m
[  23% ] [90m[1msavepack[22m | 正在保存文件：res://cards/character-kmo-001.json[39m[0m
[  23% ] [90m[1msavepack[22m | 正在保存文件：res://cards/character-kmo-005.json[39m[0m
[  23% ] [90m[1msavepack[22m | 正在保存文件：res://cards/character-lof-001.json[39m[0m
[  23% ] [90m[1msavepack[22m | 正在保存文件：res://cards/character-lof-002.json[39m[0m
[  24% ] [90m[1msavepack[22m | 正在保存文件：res://cards/character-lof-003.json[39m[0m
[  24% ] [90m[1msavepack[22m | 正在保存文件：res://cards/character-lof-004.json[39m[0m
[  24% ] [90m[1msavepack[22m | 正在保存文件：res://cards/character-lof-017.json[39m[0m
[  24% ] [90m[1msavepack[22m | 正在保存文件：res://cards/character-mar-020.json[39m[0m
[  24% ] [90m[1msavepack[22m | 正在保存文件：res://cards/character-mar-021.json[39m[0m
[  24% ] [90m[1msavepack[22m | 正在保存文件：res://cards/character-mar-022.json[39m[0m
[  24% ] [90m[1msavepack[22m | 正在保存文件：res://cards/character-mar-023.json[39m[0m
[  24% ] [90m[1msavepack[22m | 正在保存文件：res://cards/character-mar-024.json[39m[0m
[  24% ] [90m[1msavepack[22m | 正在保存文件：res://cards/character-mar-025.json[39m[0m
[  24% ] [90m[1msavepack[22m | 正在保存文件：res://cards/character-mar-ex01.json[39m[0m
[  25% ] [90m[1msavepack[22m | 正在保存文件：res://cards/character-mar-ex.json[39m[0m
[  25% ] [90m[1msavepack[22m | 正在保存文件：res://cards/character-rec-096.json[39m[0m
[  25% ] [90m[1msavepack[22m | 正在保存文件：res://cards/character-rec-104.json[39m[0m
[  25% ] [90m[1msavepack[22m | 正在保存文件：res://cards/character-rei-001.json[39m[0m
[  25% ] [90m[1msavepack[22m | 正在保存文件：res://cards/character-rei-007.json[39m[0m
[  25% ] [90m[1msavepack[22m | 正在保存文件：res://cards/character-rei-017.json[39m[0m
[  25% ] [90m[1msavepack[22m | 正在保存文件：res://cards/character-rei-022.json[39m[0m
[  25% ] [90m[1msavepack[22m | 正在保存文件：res://cards/character-rei-023.json[39m[0m
[  25% ] [90m[1msavepack[22m | 正在保存文件：res://cards/character-rei-026.json[39m[0m
[  25% ] [90m[1msavepack[22m | 正在保存文件：res://cards/character-rei-ex01.json[39m[0m
[  26% ] [90m[1msavepack[22m | 正在保存文件：res://cards/character-smm01.json[39m[0m
[  26% ] [90m[1msavepack[22m | 正在保存文件：res://cards/character-smm05.json[39m[0m
[  26% ] [90m[1msavepack[22m | 正在保存文件：res://cards/character-smm07.json[39m[0m
[  26% ] [90m[1msavepack[22m | 正在保存文件：res://cards/character-soi-006.json[39m[0m
[  26% ] [90m[1msavepack[22m | 正在保存文件：res://cards/character-soi-018.json[39m[0m
[  26% ] [90m[1msavepack[22m | 正在保存文件：res://cards/character-ucs-003.json[39m[0m
[  26% ] [90m[1msavepack[22m | 正在保存文件：res://cards/character-ucs-007.json[39m[0m
[  26% ] [90m[1msavepack[22m | 正在保存文件：res://cards/character-ucs-010.json[39m[0m
[  26% ] [90m[1msavepack[22m | 正在保存文件：res://cards/character-ucs-016.json[39m[0m
[  26% ] [90m[1msavepack[22m | 正在保存文件：res://cards/character-ucs-020.json[39m[0m
[  26% ] [90m[1msavepack[22m | 正在保存文件：res://cards/character-ucs-021.json[39m[0m
[  27% ] [90m[1msavepack[22m | 正在保存文件：res://cards/character-ucs-023.json[39m[0m
[  27% ] [90m[1msavepack[22m | 正在保存文件：res://cards/character-ucs-025.json[39m[0m
[  27% ] [90m[1msavepack[22m | 正在保存文件：res://cards/character-ucs-032.json[39m[0m
[  27% ] [90m[1msavepack[22m | 正在保存文件：res://cards/character-ucs-034.json[39m[0m
[  27% ] [90m[1msavepack[22m | 正在保存文件：res://cards/character-ucs-036.json[39m[0m
[  27% ] [90m[1msavepack[22m | 正在保存文件：res://cards/character-ucs-038.json[39m[0m
[  27% ] [90m[1msavepack[22m | 正在保存文件：res://cards/character-ucs-042.json[39m[0m
[  27% ] [90m[1msavepack[22m | 正在保存文件：res://cards/character-ucs-044.json[39m[0m
[  27% ] [90m[1msavepack[22m | 正在保存文件：res://cards/character-ucs-046.json[39m[0m
[  27% ] [90m[1msavepack[22m | 正在保存文件：res://cards/character-ucs-048.json[39m[0m
[  28% ] [90m[1msavepack[22m | 正在保存文件：res://cards/character-ucs-053.json[39m[0m
[  28% ] [90m[1msavepack[22m | 正在保存文件：res://cards/character-ucs-056.json[39m[0m
[  28% ] [90m[1msavepack[22m | 正在保存文件：res://cards/character-ucs-058.json[39m[0m
[  28% ] [90m[1msavepack[22m | 正在保存文件：res://cards/character-ucs-060.json[39m[0m
[  28% ] [90m[1msavepack[22m | 正在保存文件：res://cards/character-ucs-061.json[39m[0m
[  28% ] [90m[1msavepack[22m | 正在保存文件：res://cards/character-ucs-063.json[39m[0m
[  28% ] [90m[1msavepack[22m | 正在保存文件：res://cards/character-ucs-065.json[39m[0m
[  28% ] [90m[1msavepack[22m | 正在保存文件：res://cards/character-ucs-066.json[39m[0m
[  28% ] [90m[1msavepack[22m | 正在保存文件：res://cards/character-ucs-067.json[39m[0m
[  28% ] [90m[1msavepack[22m | 正在保存文件：res://cards/character-ucs-068.json[39m[0m
[  29% ] [90m[1msavepack[22m | 正在保存文件：res://cards/character-ucs-069.json[39m[0m
[  29% ] [90m[1msavepack[22m | 正在保存文件：res://cards/character-ucs-071.json[39m[0m
[  29% ] [90m[1msavepack[22m | 正在保存文件：res://cards/character-ucs-072.json[39m[0m
[  29% ] [90m[1msavepack[22m | 正在保存文件：res://cards/character-ucs-073.json[39m[0m
[  29% ] [90m[1msavepack[22m | 正在保存文件：res://cards/field-fdf-089.json[39m[0m
[  29% ] [90m[1msavepack[22m | 正在保存文件：res://cards/field-fdf-107.json[39m[0m
[  29% ] [90m[1msavepack[22m | 正在保存文件：res://cards/field-fdf-108.json[39m[0m
[  29% ] [90m[1msavepack[22m | 正在保存文件：res://cards/field-fdn-016.json[39m[0m
[  29% ] [90m[1msavepack[22m | 正在保存文件：res://cards/field-mar-006.json[39m[0m
[  29% ] [90m[1msavepack[22m | 正在保存文件：res://cards/field-rei-003.json[39m[0m
[  30% ] [90m[1msavepack[22m | 正在保存文件：res://cards/field-rei-004.json[39m[0m
[  30% ] [90m[1msavepack[22m | 正在保存文件：res://cards/field-rei-005.json[39m[0m
[  30% ] [90m[1msavepack[22m | 正在保存文件：res://cards/field-rei-013.json[39m[0m
[  30% ] [90m[1msavepack[22m | 正在保存文件：res://cards/field-smm-004.json[39m[0m
[  30% ] [90m[1msavepack[22m | 正在保存文件：res://cards/field-ucs-064.json[39m[0m
[  30% ] [90m[1msavepack[22m | 正在保存文件：res://cards/item-fdf-096.json[39m[0m
[  30% ] [90m[1msavepack[22m | 正在保存文件：res://cards/item-fdf-097.json[39m[0m
[  30% ] [90m[1msavepack[22m | 正在保存文件：res://cards/item-fdn-044.json[39m[0m
[  30% ] [90m[1msavepack[22m | 正在保存文件：res://cards/item-htk-008.json[39m[0m
[  30% ] [90m[1msavepack[22m | 正在保存文件：res://cards/item-lof-009.json[39m[0m
[  31% ] [90m[1msavepack[22m | 正在保存文件：res://cards/item-mar-017.json[39m[0m
[  31% ] [90m[1msavepack[22m | 正在保存文件：res://cards/item-ucs-005.json[39m[0m
[  31% ] [90m[1msavepack[22m | 正在保存文件：res://cards/item-ucs-012.json[39m[0m
[  31% ] [90m[1msavepack[22m | 正在保存文件：res://cards/item-ucs-013.json[39m[0m
[  31% ] [90m[1msavepack[22m | 正在保存文件：res://cards/item-ucs-017.json[39m[0m
[  31% ] [90m[1msavepack[22m | 正在保存文件：res://cards/rec_unit_097.json[39m[0m
[  31% ] [90m[1msavepack[22m | 正在保存文件：res://cards/soi_unit_004.json[39m[0m
[  31% ] [90m[1msavepack[22m | 正在保存文件：res://cards/soi_unit_086.json[39m[0m
[  31% ] [90m[1msavepack[22m | 正在保存文件：res://cards/spell-fdf-001.json[39m[0m
[  31% ] [90m[1msavepack[22m | 正在保存文件：res://cards/spell-fdf-002.json[39m[0m
[  32% ] [90m[1msavepack[22m | 正在保存文件：res://cards/spell-fdf-003.json[39m[0m
[  32% ] [90m[1msavepack[22m | 正在保存文件：res://cards/spell-fdf-005.json[39m[0m
[  32% ] [90m[1msavepack[22m | 正在保存文件：res://cards/spell-fdf-006.json[39m[0m
[  32% ] [90m[1msavepack[22m | 正在保存文件：res://cards/spell-fdf-007.json[39m[0m
[  32% ] [90m[1msavepack[22m | 正在保存文件：res://cards/spell-fdf-008.json[39m[0m
[  32% ] [90m[1msavepack[22m | 正在保存文件：res://cards/spell-fdf-009.json[39m[0m
[  32% ] [90m[1msavepack[22m | 正在保存文件：res://cards/spell-fdf-010.json[39m[0m
[  32% ] [90m[1msavepack[22m | 正在保存文件：res://cards/spell-fdf-011.json[39m[0m
[  32% ] [90m[1msavepack[22m | 正在保存文件：res://cards/spell-fdf-012.json[39m[0m
[  32% ] [90m[1msavepack[22m | 正在保存文件：res://cards/spell-fdf-013.json[39m[0m
[  32% ] [90m[1msavepack[22m | 正在保存文件：res://cards/spell-fdf-014.json[39m[0m
[  33% ] [90m[1msavepack[22m | 正在保存文件：res://cards/spell-fdf-015.json[39m[0m
[  33% ] [90m[1msavepack[22m | 正在保存文件：res://cards/spell-fdf-016.json[39m[0m
[  33% ] [90m[1msavepack[22m | 正在保存文件：res://cards/spell-fdf-017.json[39m[0m
[  33% ] [90m[1msavepack[22m | 正在保存文件：res://cards/spell-fdf-018.json[39m[0m
[  33% ] [90m[1msavepack[22m | 正在保存文件：res://cards/spell-fdf-019.json[39m[0m
[  33% ] [90m[1msavepack[22m | 正在保存文件：res://cards/spell-fdf-021.json[39m[0m
[  33% ] [90m[1msavepack[22m | 正在保存文件：res://cards/spell-fdf-022.json[39m[0m
[  33% ] [90m[1msavepack[22m | 正在保存文件：res://cards/spell-fdf-023.json[39m[0m
[  33% ] [90m[1msavepack[22m | 正在保存文件：res://cards/spell-fdf-024.json[39m[0m
[  33% ] [90m[1msavepack[22m | 正在保存文件：res://cards/spell-fdf-025.json[39m[0m
[  33% ] [90m[1msavepack[22m | 正在保存文件：res://cards/spell-fdf-026.json[39m[0m
[  33% ] [90m[1msavepack[22m | 正在保存文件：res://cards/spell-fdf-027.json[39m[0m
[  33% ] [90m[1msavepack[22m | 正在保存文件：res://cards/spell-fdf-028.json[39m[0m
[  33% ] [90m[1msavepack[22m | 正在保存文件：res://cards/spell-fdf-030.json[39m[0m
[  33% ] [90m[1msavepack[22m | 正在保存文件：res://cards/spell-fdf-031.json[39m[0m
[  33% ] [90m[1msavepack[22m | 正在保存文件：res://cards/spell-fdf-032.json[39m[0m
[  33% ] [90m[1msavepack[22m | 正在保存文件：res://cards/spell-fdf-033.json[39m[0m
[  33% ] [90m[1msavepack[22m | 正在保存文件：res://cards/spell-fdf-035.json[39m[0m
[  33% ] [90m[1msavepack[22m | 正在保存文件：res://cards/spell-fdf-036.json[39m[0m
[  33% ] [90m[1msavepack[22m | 正在保存文件：res://cards/spell-fdf-037.json[39m[0m
[  34% ] [90m[1msavepack[22m | 正在保存文件：res://cards/spell-fdf-038.json[39m[0m
[  34% ] [90m[1msavepack[22m | 正在保存文件：res://cards/spell-fdf-039.json[39m[0m
[  34% ] [90m[1msavepack[22m | 正在保存文件：res://cards/spell-fdf-040.json[39m[0m
[  34% ] [90m[1msavepack[22m | 正在保存文件：res://cards/spell-fdf-042.json[39m[0m
[  34% ] [90m[1msavepack[22m | 正在保存文件：res://cards/spell-fdf-043.json[39m[0m
[  34% ] [90m[1msavepack[22m | 正在保存文件：res://cards/spell-fdf-044.json[39m[0m
[  34% ] [90m[1msavepack[22m | 正在保存文件：res://cards/spell-fdf-045.json[39m[0m
[  34% ] [90m[1msavepack[22m | 正在保存文件：res://cards/spell-fdf-047.json[39m[0m
[  34% ] [90m[1msavepack[22m | 正在保存文件：res://cards/spell-fdf-048.json[39m[0m
[  34% ] [90m[1msavepack[22m | 正在保存文件：res://cards/spell-fdf-049.json[39m[0m
[  35% ] [90m[1msavepack[22m | 正在保存文件：res://cards/spell-fdf-050.json[39m[0m
[  35% ] [90m[1msavepack[22m | 正在保存文件：res://cards/spell-fdf-051.json[39m[0m
[  35% ] [90m[1msavepack[22m | 正在保存文件：res://cards/spell-fdf-052.json[39m[0m
[  35% ] [90m[1msavepack[22m | 正在保存文件：res://cards/spell-fdf-053.json[39m[0m
[  35% ] [90m[1msavepack[22m | 正在保存文件：res://cards/spell-fdf-054.json[39m[0m
[  35% ] [90m[1msavepack[22m | 正在保存文件：res://cards/spell-fdf-055.json[39m[0m
[  35% ] [90m[1msavepack[22m | 正在保存文件：res://cards/spell-fdf-056.json[39m[0m
[  35% ] [90m[1msavepack[22m | 正在保存文件：res://cards/spell-fdf-057.json[39m[0m
[  35% ] [90m[1msavepack[22m | 正在保存文件：res://cards/spell-fdf-058.json[39m[0m
[  35% ] [90m[1msavepack[22m | 正在保存文件：res://cards/spell-fdf-059.json[39m[0m
[  36% ] [90m[1msavepack[22m | 正在保存文件：res://cards/spell-fdf-060.json[39m[0m
[  36% ] [90m[1msavepack[22m | 正在保存文件：res://cards/spell-fdf-061.json[39m[0m
[  36% ] [90m[1msavepack[22m | 正在保存文件：res://cards/spell-fdf-062.json[39m[0m
[  36% ] [90m[1msavepack[22m | 正在保存文件：res://cards/spell-fdf-063.json[39m[0m
[  36% ] [90m[1msavepack[22m | 正在保存文件：res://cards/spell-fdf-064.json[39m[0m
[  36% ] [90m[1msavepack[22m | 正在保存文件：res://cards/spell-fdf-066.json[39m[0m
[  36% ] [90m[1msavepack[22m | 正在保存文件：res://cards/spell-fdf-067.json[39m[0m
[  36% ] [90m[1msavepack[22m | 正在保存文件：res://cards/spell-fdf-068.json[39m[0m
[  36% ] [90m[1msavepack[22m | 正在保存文件：res://cards/spell-fdf-071.json[39m[0m
[  36% ] [90m[1msavepack[22m | 正在保存文件：res://cards/spell-fdf-072.json[39m[0m
[  37% ] [90m[1msavepack[22m | 正在保存文件：res://cards/spell-fdf-073.json[39m[0m
[  37% ] [90m[1msavepack[22m | 正在保存文件：res://cards/spell-fdf-074.json[39m[0m
[  37% ] [90m[1msavepack[22m | 正在保存文件：res://cards/spell-fdf-075.json[39m[0m
[  37% ] [90m[1msavepack[22m | 正在保存文件：res://cards/spell-fdf-076.json[39m[0m
[  37% ] [90m[1msavepack[22m | 正在保存文件：res://cards/spell-fdf-077.json[39m[0m
[  37% ] [90m[1msavepack[22m | 正在保存文件：res://cards/spell-fdf-078.json[39m[0m
[  37% ] [90m[1msavepack[22m | 正在保存文件：res://cards/spell-fdf-079.json[39m[0m
[  37% ] [90m[1msavepack[22m | 正在保存文件：res://cards/spell-fdf-080.json[39m[0m
[  37% ] [90m[1msavepack[22m | 正在保存文件：res://cards/spell-fdf-081.json[39m[0m
[  37% ] [90m[1msavepack[22m | 正在保存文件：res://cards/spell-fdf-082.json[39m[0m
[  37% ] [90m[1msavepack[22m | 正在保存文件：res://cards/spell-fdf-083.json[39m[0m
[  38% ] [90m[1msavepack[22m | 正在保存文件：res://cards/spell-fdf-084.json[39m[0m
[  38% ] [90m[1msavepack[22m | 正在保存文件：res://cards/spell-fdf-085.json[39m[0m
[  38% ] [90m[1msavepack[22m | 正在保存文件：res://cards/spell-fdf-086.json[39m[0m
[  38% ] [90m[1msavepack[22m | 正在保存文件：res://cards/spell-fdf-087.json[39m[0m
[  38% ] [90m[1msavepack[22m | 正在保存文件：res://cards/spell-fdf-088.json[39m[0m
[  38% ] [90m[1msavepack[22m | 正在保存文件：res://cards/spell-fdf-120.json[39m[0m
[  38% ] [90m[1msavepack[22m | 正在保存文件：res://cards/spell-fdf-121.json[39m[0m
[  38% ] [90m[1msavepack[22m | 正在保存文件：res://cards/spell-fdf-122.json[39m[0m
[  38% ] [90m[1msavepack[22m | 正在保存文件：res://cards/spell-fdf-123.json[39m[0m
[  38% ] [90m[1msavepack[22m | 正在保存文件：res://cards/spell-fdf-ex05.json[39m[0m
[  39% ] [90m[1msavepack[22m | 正在保存文件：res://cards/spell-fdn-001.json[39m[0m
[  39% ] [90m[1msavepack[22m | 正在保存文件：res://cards/spell-fdn-002.json[39m[0m
[  39% ] [90m[1msavepack[22m | 正在保存文件：res://cards/spell-fdn-003.json[39m[0m
[  39% ] [90m[1msavepack[22m | 正在保存文件：res://cards/spell-fdn-005.json[39m[0m
[  39% ] [90m[1msavepack[22m | 正在保存文件：res://cards/spell-fdn-008.json[39m[0m
[  39% ] [90m[1msavepack[22m | 正在保存文件：res://cards/spell-fdn-009.json[39m[0m
[  39% ] [90m[1msavepack[22m | 正在保存文件：res://cards/spell-fdn-010.json[39m[0m
[  39% ] [90m[1msavepack[22m | 正在保存文件：res://cards/spell-fdn-011.json[39m[0m
[  39% ] [90m[1msavepack[22m | 正在保存文件：res://cards/spell-fdn-012.json[39m[0m
[  39% ] [90m[1msavepack[22m | 正在保存文件：res://cards/spell-fdn-015.json[39m[0m
[  40% ] [90m[1msavepack[22m | 正在保存文件：res://cards/spell-fdn-017.json[39m[0m
[  40% ] [90m[1msavepack[22m | 正在保存文件：res://cards/spell-fdn-018.json[39m[0m
[  40% ] [90m[1msavepack[22m | 正在保存文件：res://cards/spell-fdn-019.json[39m[0m
[  40% ] [90m[1msavepack[22m | 正在保存文件：res://cards/spell-fdn-020.json[39m[0m
[  40% ] [90m[1msavepack[22m | 正在保存文件：res://cards/spell-fdn-022.json[39m[0m
[  40% ] [90m[1msavepack[22m | 正在保存文件：res://cards/spell-fdn-023.json[39m[0m
[  40% ] [90m[1msavepack[22m | 正在保存文件：res://cards/spell-fdn-028.json[39m[0m
[  40% ] [90m[1msavepack[22m | 正在保存文件：res://cards/spell-fdn-029.json[39m[0m
[  40% ] [90m[1msavepack[22m | 正在保存文件：res://cards/spell-fdn-030.json[39m[0m
[  40% ] [90m[1msavepack[22m | 正在保存文件：res://cards/spell-fdn-031.json[39m[0m
[  41% ] [90m[1msavepack[22m | 正在保存文件：res://cards/spell-fdn-032.json[39m[0m
[  41% ] [90m[1msavepack[22m | 正在保存文件：res://cards/spell-fdn-033.json[39m[0m
[  41% ] [90m[1msavepack[22m | 正在保存文件：res://cards/spell-fdn-039.json[39m[0m
[  41% ] [90m[1msavepack[22m | 正在保存文件：res://cards/spell-fdn-040.json[39m[0m
[  41% ] [90m[1msavepack[22m | 正在保存文件：res://cards/spell-fdn-046.json[39m[0m
[  41% ] [90m[1msavepack[22m | 正在保存文件：res://cards/spell-fdn-066.json[39m[0m
[  41% ] [90m[1msavepack[22m | 正在保存文件：res://cards/spell-fdn-069.json[39m[0m
[  41% ] [90m[1msavepack[22m | 正在保存文件：res://cards/spell-htk-003.json[39m[0m
[  41% ] [90m[1msavepack[22m | 正在保存文件：res://cards/spell-htk-004.json[39m[0m
[  41% ] [90m[1msavepack[22m | 正在保存文件：res://cards/spell-htk-018.json[39m[0m
[  42% ] [90m[1msavepack[22m | 正在保存文件：res://cards/spell-kmo-002.json[39m[0m
[  42% ] [90m[1msavepack[22m | 正在保存文件：res://cards/spell-kmo-003.json[39m[0m
[  42% ] [90m[1msavepack[22m | 正在保存文件：res://cards/spell-kmo-004.json[39m[0m
[  42% ] [90m[1msavepack[22m | 正在保存文件：res://cards/spell-kmo-005.json[39m[0m
[  42% ] [90m[1msavepack[22m | 正在保存文件：res://cards/spell-lof-006.json[39m[0m
[  42% ] [90m[1msavepack[22m | 正在保存文件：res://cards/spell-lof-007.json[39m[0m
[  42% ] [90m[1msavepack[22m | 正在保存文件：res://cards/spell-lof-025.json[39m[0m
[  42% ] [90m[1msavepack[22m | 正在保存文件：res://cards/spell-mar-002.json[39m[0m
[  42% ] [90m[1msavepack[22m | 正在保存文件：res://cards/spell-mar-003.json[39m[0m
[  42% ] [90m[1msavepack[22m | 正在保存文件：res://cards/spell-mar-004.json[39m[0m
[  43% ] [90m[1msavepack[22m | 正在保存文件：res://cards/spell-mar-005.json[39m[0m
[  43% ] [90m[1msavepack[22m | 正在保存文件：res://cards/spell-mar-007.json[39m[0m
[  43% ] [90m[1msavepack[22m | 正在保存文件：res://cards/spell-mar-012.json[39m[0m
[  43% ] [90m[1msavepack[22m | 正在保存文件：res://cards/spell-mar-013.json[39m[0m
[  43% ] [90m[1msavepack[22m | 正在保存文件：res://cards/spell-mar-014.json[39m[0m
[  43% ] [90m[1msavepack[22m | 正在保存文件：res://cards/spell-rec-054.json[39m[0m
[  43% ] [90m[1msavepack[22m | 正在保存文件：res://cards/spell-rec-055.json[39m[0m
[  43% ] [90m[1msavepack[22m | 正在保存文件：res://cards/spell-rec-056.json[39m[0m
[  43% ] [90m[1msavepack[22m | 正在保存文件：res://cards/spell-rei-002.json[39m[0m
[  43% ] [90m[1msavepack[22m | 正在保存文件：res://cards/spell-rei-006.json[39m[0m
[  43% ] [90m[1msavepack[22m | 正在保存文件：res://cards/spell-rei-010.json[39m[0m
[  44% ] [90m[1msavepack[22m | 正在保存文件：res://cards/spell-rei-011.json[39m[0m
[  44% ] [90m[1msavepack[22m | 正在保存文件：res://cards/spell-rei-012.json[39m[0m
[  44% ] [90m[1msavepack[22m | 正在保存文件：res://cards/spell-rei-015.json[39m[0m
[  44% ] [90m[1msavepack[22m | 正在保存文件：res://cards/spell-smm-002.json[39m[0m
[  44% ] [90m[1msavepack[22m | 正在保存文件：res://cards/spell-smm-003.json[39m[0m
[  44% ] [90m[1msavepack[22m | 正在保存文件：res://cards/spell-smm-006.json[39m[0m
[  44% ] [90m[1msavepack[22m | 正在保存文件：res://cards/spell-soi-098.json[39m[0m
[  44% ] [90m[1msavepack[22m | 正在保存文件：res://cards/spell-soi-119.json[39m[0m
[  44% ] [90m[1msavepack[22m | 正在保存文件：res://cards/spell-ucs-004.json[39m[0m
[  44% ] [90m[1msavepack[22m | 正在保存文件：res://cards/spell-ucs-008.json[39m[0m
[  45% ] [90m[1msavepack[22m | 正在保存文件：res://cards/spell-ucs-009.json[39m[0m
[  45% ] [90m[1msavepack[22m | 正在保存文件：res://cards/spell-ucs-011.json[39m[0m
[  45% ] [90m[1msavepack[22m | 正在保存文件：res://cards/spell-ucs-014.json[39m[0m
[  45% ] [90m[1msavepack[22m | 正在保存文件：res://cards/spell-ucs-015.json[39m[0m
[  45% ] [90m[1msavepack[22m | 正在保存文件：res://cards/spell-ucs-018.json[39m[0m
[  45% ] [90m[1msavepack[22m | 正在保存文件：res://cards/spell-ucs-019.json[39m[0m
[  45% ] [90m[1msavepack[22m | 正在保存文件：res://cards/spell-ucs-022.json[39m[0m
[  45% ] [90m[1msavepack[22m | 正在保存文件：res://cards/spell-ucs-026.json[39m[0m
[  45% ] [90m[1msavepack[22m | 正在保存文件：res://cards/spell-ucs-027.json[39m[0m
[  45% ] [90m[1msavepack[22m | 正在保存文件：res://cards/spell-ucs-029.json[39m[0m
[  46% ] [90m[1msavepack[22m | 正在保存文件：res://cards/spell-ucs-031.json[39m[0m
[  46% ] [90m[1msavepack[22m | 正在保存文件：res://cards/spell-ucs-033.json[39m[0m
[  46% ] [90m[1msavepack[22m | 正在保存文件：res://cards/spell-ucs-035.json[39m[0m
[  46% ] [90m[1msavepack[22m | 正在保存文件：res://cards/spell-ucs-037.json[39m[0m
[  46% ] [90m[1msavepack[22m | 正在保存文件：res://cards/spell-ucs-039.json[39m[0m
[  46% ] [90m[1msavepack[22m | 正在保存文件：res://cards/spell-ucs-041.json[39m[0m
[  46% ] [90m[1msavepack[22m | 正在保存文件：res://cards/spell-ucs-043.json[39m[0m
[  46% ] [90m[1msavepack[22m | 正在保存文件：res://cards/spell-ucs-050.json[39m[0m
[  46% ] [90m[1msavepack[22m | 正在保存文件：res://cards/spell-ucs-052.json[39m[0m
[  46% ] [90m[1msavepack[22m | 正在保存文件：res://cards/spell-ucs-054.json[39m[0m
[  47% ] [90m[1msavepack[22m | 正在保存文件：res://cards/spell-ucs-057.json[39m[0m
[  47% ] [90m[1msavepack[22m | 正在保存文件：res://cards/spell-ucs-059.json[39m[0m
[  47% ] [90m[1msavepack[22m | 正在保存文件：res://cards/token-fdf-127.json[39m[0m
[  47% ] [90m[1msavepack[22m | 正在保存文件：res://cards/token-fdf-128.json[39m[0m
[  47% ] [90m[1msavepack[22m | 正在保存文件：res://cards/token-fdf-129.json[39m[0m
[  47% ] [90m[1msavepack[22m | 正在保存文件：res://cards/token-fdf-130.json[39m[0m
[  47% ] [90m[1msavepack[22m | 正在保存文件：res://cards/token-fdf-131.json[39m[0m
[  47% ] [90m[1msavepack[22m | 正在保存文件：res://cards/token-fdf-132.json[39m[0m
[  47% ] [90m[1msavepack[22m | 正在保存文件：res://cards/token-fdf-133.json[39m[0m
[  47% ] [90m[1msavepack[22m | 正在保存文件：res://cards/token-fdn-082.json[39m[0m
[  48% ] [90m[1msavepack[22m | 正在保存文件：res://cards/token-fdn-085.json[39m[0m
[  48% ] [90m[1msavepack[22m | 正在保存文件：res://cards/token-htk-031.json[39m[0m
[  48% ] [90m[1msavepack[22m | 正在保存文件：res://cards/token-htk-032.json[39m[0m
[  48% ] [90m[1msavepack[22m | 正在保存文件：res://cards/token-htk-033.json[39m[0m
[  48% ] [90m[1msavepack[22m | 正在保存文件：res://cards/token-kmo-027.json[39m[0m
[  48% ] [90m[1msavepack[22m | 正在保存文件：res://cards/token-smm-025.json[39m[0m
[  48% ] [90m[1msavepack[22m | 正在保存文件：res://cards/token-ucs-093.json[39m[0m
[  48% ] [90m[1msavepack[22m | 正在保存文件：res://cards/token-ucs-099.json[39m[0m
[  48% ] [90m[1msavepack[22m | 正在保存文件：res://data/test_precons.json[39m[0m
[  48% ] [90m[1msavepack[22m | 正在保存文件：res://.godot/imported/icon.svg-218a8f2b3041327d8a5756f3a245f83b.ctex[39m[0m
[  48% ] [90m[1msavepack[22m | 正在保存文件：res://icon.svg.import[39m[0m
[  49% ] [90m[1msavepack[22m | 正在保存文件：res://.godot/imported/character-htk-001.jpg-8bf7ee48a1e2cbee070583d5bbd4010a.ctex[39m[0m
[  49% ] [90m[1msavepack[22m | 正在保存文件：res://recourse/数据库/character-htk-001.jpg.import[39m[0m
[  49% ] [90m[1msavepack[22m | 正在保存文件：res://.godot/imported/character-kmo-005.jpg-81856474ab7ebc3c4905f05ab7565263.ctex[39m[0m
[  49% ] [90m[1msavepack[22m | 正在保存文件：res://recourse/数据库/character-kmo-005.jpg.import[39m[0m
[  49% ] [90m[1msavepack[22m | 正在保存文件：res://.godot/imported/character-lof-001.jpg-9b93923e4c7b25a1380ed73242dbb747.ctex[39m[0m
[  49% ] [90m[1msavepack[22m | 正在保存文件：res://recourse/数据库/character-lof-001.jpg.import[39m[0m
[  49% ] [90m[1msavepack[22m | 正在保存文件：res://.godot/imported/character-lof-002.jpg-b84890aae72ba120139c48a6c5b18ca3.ctex[39m[0m
[  49% ] [90m[1msavepack[22m | 正在保存文件：res://recourse/数据库/character-lof-002.jpg.import[39m[0m
[  49% ] [90m[1msavepack[22m | 正在保存文件：res://.godot/imported/character-lof-003.jpg-8dfb62481bd6f0db582d908e07c8d321.ctex[39m[0m
[  49% ] [90m[1msavepack[22m | 正在保存文件：res://recourse/数据库/character-lof-003.jpg.import[39m[0m
[  49% ] [90m[1msavepack[22m | 正在保存文件：res://.godot/imported/character-lof-017.jpg-4d4db46052c06f7c6dac96d5ada8cf9c.ctex[39m[0m
[  49% ] [90m[1msavepack[22m | 正在保存文件：res://recourse/数据库/character-lof-017.jpg.import[39m[0m
[  49% ] [90m[1msavepack[22m | 正在保存文件：res://.godot/imported/character-mar-020.jpg-dc81d8c5273e4f00b7bc280bac807138.ctex[39m[0m
[  49% ] [90m[1msavepack[22m | 正在保存文件：res://recourse/数据库/character-mar-020.jpg.import[39m[0m
[  49% ] [90m[1msavepack[22m | 正在保存文件：res://.godot/imported/character-mar-021.jpg-2765918b79fe59f6aef9fabdfd919362.ctex[39m[0m
[  49% ] [90m[1msavepack[22m | 正在保存文件：res://recourse/数据库/character-mar-021.jpg.import[39m[0m
[  49% ] [90m[1msavepack[22m | 正在保存文件：res://.godot/imported/character-mar-022.jpg-8161a9b96dcfa489f90266fbcd94f090.ctex[39m[0m
[  49% ] [90m[1msavepack[22m | 正在保存文件：res://recourse/数据库/character-mar-022.jpg.import[39m[0m
[  49% ] [90m[1msavepack[22m | 正在保存文件：res://.godot/imported/character-mar-023.jpg-0ace2c6fcc60b0ec969a5b0ce85dd945.ctex[39m[0m
[  49% ] [90m[1msavepack[22m | 正在保存文件：res://recourse/数据库/character-mar-023.jpg.import[39m[0m
[  50% ] [90m[1msavepack[22m | 正在保存文件：res://.godot/imported/character-mar-024.jpg-d33b0a1d2d9c00362647a396f8eb646c.ctex[39m[0m
[  50% ] [90m[1msavepack[22m | 正在保存文件：res://recourse/数据库/character-mar-024.jpg.import[39m[0m
[  50% ] [90m[1msavepack[22m | 正在保存文件：res://.godot/imported/character-mar-025.jpg-2f4d031c52a5767c50b8f1e4acd238f2.ctex[39m[0m
[  50% ] [90m[1msavepack[22m | 正在保存文件：res://recourse/数据库/character-mar-025.jpg.import[39m[0m
[  50% ] [90m[1msavepack[22m | 正在保存文件：res://.godot/imported/character-mar-ex01.jpg-3bf66d60ed868dc462209a11293123d3.ctex[39m[0m
[  50% ] [90m[1msavepack[22m | 正在保存文件：res://recourse/数据库/character-mar-ex01.jpg.import[39m[0m
[  50% ] [90m[1msavepack[22m | 正在保存文件：res://.godot/imported/character-mar-ex.jpg-b4d977babd4df269193dc0511eb91bf4.ctex[39m[0m
[  50% ] [90m[1msavepack[22m | 正在保存文件：res://recourse/数据库/character-mar-ex.jpg.import[39m[0m
[  50% ] [90m[1msavepack[22m | 正在保存文件：res://.godot/imported/character-rei-026.jpg-eca8e945a1bbd818a5fc15374445fdee.ctex[39m[0m
[  50% ] [90m[1msavepack[22m | 正在保存文件：res://recourse/数据库/character-rei-026.jpg.import[39m[0m
[  50% ] [90m[1msavepack[22m | 正在保存文件：res://.godot/imported/character-rei-ex01.jpg-10a36f35005b699fedd157543e0ca211.ctex[39m[0m
[  50% ] [90m[1msavepack[22m | 正在保存文件：res://recourse/数据库/character-rei-ex01.jpg.import[39m[0m
[  50% ] [90m[1msavepack[22m | 正在保存文件：res://.godot/imported/character-lof-004.jpg-bc1cff4018d79295d41880cc331e16ba.ctex[39m[0m
[  50% ] [90m[1msavepack[22m | 正在保存文件：res://recourse/数据库/character-lof-004.jpg.import[39m[0m
[  50% ] [90m[1msavepack[22m | 正在保存文件：res://.godot/imported/character-smm01.jpg-7d26a3509131ea74abadae49ae21dff9.ctex[39m[0m
[  50% ] [90m[1msavepack[22m | 正在保存文件：res://recourse/数据库/character-smm01.jpg.import[39m[0m
[  50% ] [90m[1msavepack[22m | 正在保存文件：res://.godot/imported/character-smm05.jpg-0b57c9fd8c0cebed870dc6e6f71df155.ctex[39m[0m
[  50% ] [90m[1msavepack[22m | 正在保存文件：res://recourse/数据库/character-smm05.jpg.import[39m[0m
[  50% ] [90m[1msavepack[22m | 正在保存文件：res://.godot/imported/character-smm07.jpg-0950bd437b2aa5c059aea841ab7c04d5.ctex[39m[0m
[  50% ] [90m[1msavepack[22m | 正在保存文件：res://recourse/数据库/character-smm07.jpg.import[39m[0m
[  50% ] [90m[1msavepack[22m | 正在保存文件：res://.godot/imported/character-soi-006.png-0033001a539e7929de460567de81e9df.ctex[39m[0m
[  50% ] [90m[1msavepack[22m | 正在保存文件：res://recourse/数据库/character-soi-006.png.import[39m[0m
[  51% ] [90m[1msavepack[22m | 正在保存文件：res://.godot/imported/character-soi-018.png-5f3ce126cd121daaa238f782d201a634.ctex[39m[0m
[  51% ] [90m[1msavepack[22m | 正在保存文件：res://recourse/数据库/character-soi-018.png.import[39m[0m
[  51% ] [90m[1msavepack[22m | 正在保存文件：res://.godot/imported/character-ucs-003.jpg-6262de17fe1affd187fa90544a5daf4a.ctex[39m[0m
[  51% ] [90m[1msavepack[22m | 正在保存文件：res://recourse/数据库/character-ucs-003.jpg.import[39m[0m
[  51% ] [90m[1msavepack[22m | 正在保存文件：res://.godot/imported/character-ucs-007.jpg-d7baef18a6a9ca87bab0a0c752fb3d75.ctex[39m[0m
[  51% ] [90m[1msavepack[22m | 正在保存文件：res://recourse/数据库/character-ucs-007.jpg.import[39m[0m
[  51% ] [90m[1msavepack[22m | 正在保存文件：res://.godot/imported/character-ucs-010.jpg-7ff2ac55ae4c67367dbfd1f3542fdd55.ctex[39m[0m
[  51% ] [90m[1msavepack[22m | 正在保存文件：res://recourse/数据库/character-ucs-010.jpg.import[39m[0m
[  51% ] [90m[1msavepack[22m | 正在保存文件：res://.godot/imported/character-ucs-016.jpg-5815aa8d7aa48e03001223b3adcfc499.ctex[39m[0m
[  51% ] [90m[1msavepack[22m | 正在保存文件：res://recourse/数据库/character-ucs-016.jpg.import[39m[0m
[  51% ] [90m[1msavepack[22m | 正在保存文件：res://.godot/imported/character-ucs-020.jpg-67f7ee2c54973d1f6495e3d82a133ee9.ctex[39m[0m
[  51% ] [90m[1msavepack[22m | 正在保存文件：res://recourse/数据库/character-ucs-020.jpg.import[39m[0m
[  51% ] [90m[1msavepack[22m | 正在保存文件：res://.godot/imported/character-ucs-021.jpg-0dfb91a8a0479befb67cf08f6e857435.ctex[39m[0m
[  51% ] [90m[1msavepack[22m | 正在保存文件：res://recourse/数据库/character-ucs-021.jpg.import[39m[0m
[  51% ] [90m[1msavepack[22m | 正在保存文件：res://.godot/imported/character-ucs-023.jpg-2b77b8b2f33c671f07dd6f8be7a1fa23.ctex[39m[0m
[  51% ] [90m[1msavepack[22m | 正在保存文件：res://recourse/数据库/character-ucs-023.jpg.import[39m[0m
[  51% ] [90m[1msavepack[22m | 正在保存文件：res://.godot/imported/character-ucs-025.jpg-bcd76e55aa07414b701816b0f2d1f41d.ctex[39m[0m
[  51% ] [90m[1msavepack[22m | 正在保存文件：res://recourse/数据库/character-ucs-025.jpg.import[39m[0m
[  51% ] [90m[1msavepack[22m | 正在保存文件：res://.godot/imported/character-ucs-032.jpg-3ec8e3d041cc19d89a9112103ccf11bb.ctex[39m[0m
[  51% ] [90m[1msavepack[22m | 正在保存文件：res://recourse/数据库/character-ucs-032.jpg.import[39m[0m
[  52% ] [90m[1msavepack[22m | 正在保存文件：res://.godot/imported/character-ucs-034.jpg-39c44e640a49671bcd5773e6516f9884.ctex[39m[0m
[  52% ] [90m[1msavepack[22m | 正在保存文件：res://recourse/数据库/character-ucs-034.jpg.import[39m[0m
[  52% ] [90m[1msavepack[22m | 正在保存文件：res://.godot/imported/character-ucs-036.jpg-dc4915f5fe12ac37666d796cd576a8f9.ctex[39m[0m
[  52% ] [90m[1msavepack[22m | 正在保存文件：res://recourse/数据库/character-ucs-036.jpg.import[39m[0m
[  52% ] [90m[1msavepack[22m | 正在保存文件：res://.godot/imported/character-ucs-038.jpg-4ff5ef267634ff09d5edf0f15cd34873.ctex[39m[0m
[  52% ] [90m[1msavepack[22m | 正在保存文件：res://recourse/数据库/character-ucs-038.jpg.import[39m[0m
[  52% ] [90m[1msavepack[22m | 正在保存文件：res://.godot/imported/character-ucs-042.jpg-1caf96208604968288038d5d8dcae863.ctex[39m[0m
[  52% ] [90m[1msavepack[22m | 正在保存文件：res://recourse/数据库/character-ucs-042.jpg.import[39m[0m
[  52% ] [90m[1msavepack[22m | 正在保存文件：res://.godot/imported/character-ucs-044.jpg-ca825b4ab02dcffbb3cec339117f013b.ctex[39m[0m
[  52% ] [90m[1msavepack[22m | 正在保存文件：res://recourse/数据库/character-ucs-044.jpg.import[39m[0m
[  52% ] [90m[1msavepack[22m | 正在保存文件：res://.godot/imported/character-ucs-046.jpg-0e40db919841356354b98c2182efd4bf.ctex[39m[0m
[  52% ] [90m[1msavepack[22m | 正在保存文件：res://recourse/数据库/character-ucs-046.jpg.import[39m[0m
[  52% ] [90m[1msavepack[22m | 正在保存文件：res://.godot/imported/character-htk-002.jpg-0130b4a8c9b4837ef72cbd53e56add17.ctex[39m[0m
[  52% ] [90m[1msavepack[22m | 正在保存文件：res://recourse/数据库/character-htk-002.jpg.import[39m[0m
[  52% ] [90m[1msavepack[22m | 正在保存文件：res://.godot/imported/character-htk-005.jpg-0ec9cbf111e6cdb8fcaaace29d91917f.ctex[39m[0m
[  52% ] [90m[1msavepack[22m | 正在保存文件：res://recourse/数据库/character-htk-005.jpg.import[39m[0m
[  52% ] [90m[1msavepack[22m | 正在保存文件：res://.godot/imported/character-kmo-001.jpg-a0fbd90dc45801345423d93cc4799977.ctex[39m[0m
[  52% ] [90m[1msavepack[22m | 正在保存文件：res://recourse/数据库/character-kmo-001.jpg.import[39m[0m
[  52% ] [90m[1msavepack[22m | 正在保存文件：res://.godot/imported/character-rec-096.jpg-397de56ef28a8fd1c4acbe95fbec3bff.ctex[39m[0m
[  52% ] [90m[1msavepack[22m | 正在保存文件：res://recourse/数据库/character-rec-096.jpg.import[39m[0m
[  53% ] [90m[1msavepack[22m | 正在保存文件：res://.godot/imported/character-rec-104.jpg-2da647feec1869d5684cf6adc3965ca4.ctex[39m[0m
[  53% ] [90m[1msavepack[22m | 正在保存文件：res://recourse/数据库/character-rec-104.jpg.import[39m[0m
[  53% ] [90m[1msavepack[22m | 正在保存文件：res://.godot/imported/character-rei-001.jpg-620161338cf26548ed9bc377740cbb1b.ctex[39m[0m
[  53% ] [90m[1msavepack[22m | 正在保存文件：res://recourse/数据库/character-rei-001.jpg.import[39m[0m
[  53% ] [90m[1msavepack[22m | 正在保存文件：res://.godot/imported/character-rei-007.jpg-7ac74737e2433466d8ff8f32b7899156.ctex[39m[0m
[  53% ] [90m[1msavepack[22m | 正在保存文件：res://recourse/数据库/character-rei-007.jpg.import[39m[0m
[  53% ] [90m[1msavepack[22m | 正在保存文件：res://.godot/imported/character-rei-017.jpg-43d3c438b4b9146be163b18b31860bd8.ctex[39m[0m
[  53% ] [90m[1msavepack[22m | 正在保存文件：res://recourse/数据库/character-rei-017.jpg.import[39m[0m
[  53% ] [90m[1msavepack[22m | 正在保存文件：res://.godot/imported/character-rei-022.jpg-11bab127189c6644e0046e212f915071.ctex[39m[0m
[  53% ] [90m[1msavepack[22m | 正在保存文件：res://recourse/数据库/character-rei-022.jpg.import[39m[0m
[  53% ] [90m[1msavepack[22m | 正在保存文件：res://.godot/imported/character-rei-023.jpg-f3f46b32a05e38f3d7c1a02eeaef299a.ctex[39m[0m
[  53% ] [90m[1msavepack[22m | 正在保存文件：res://recourse/数据库/character-rei-023.jpg.import[39m[0m
[  53% ] [90m[1msavepack[22m | 正在保存文件：res://.godot/imported/character-ucs-048.jpg-75724036f558e06332f1e00254d795a5.ctex[39m[0m
[  53% ] [90m[1msavepack[22m | 正在保存文件：res://recourse/数据库/character-ucs-048.jpg.import[39m[0m
[  53% ] [90m[1msavepack[22m | 正在保存文件：res://.godot/imported/character-ucs-053.jpg-eb813cf76372520057ae5c5192c358ec.ctex[39m[0m
[  53% ] [90m[1msavepack[22m | 正在保存文件：res://recourse/数据库/character-ucs-053.jpg.import[39m[0m
[  53% ] [90m[1msavepack[22m | 正在保存文件：res://.godot/imported/character-ucs-056.jpg-67da055e2ecb1c9e7c9d35d405036152.ctex[39m[0m
[  53% ] [90m[1msavepack[22m | 正在保存文件：res://recourse/数据库/character-ucs-056.jpg.import[39m[0m
[  53% ] [90m[1msavepack[22m | 正在保存文件：res://.godot/imported/character-ucs-058.jpg-489d6cdbda2efdba992fa4b2644b8dfd.ctex[39m[0m
[  53% ] [90m[1msavepack[22m | 正在保存文件：res://recourse/数据库/character-ucs-058.jpg.import[39m[0m
[  54% ] [90m[1msavepack[22m | 正在保存文件：res://.godot/imported/character-ucs-060.jpg-72bf143fdc67a8c8b7e01f49dcbde206.ctex[39m[0m
[  54% ] [90m[1msavepack[22m | 正在保存文件：res://recourse/数据库/character-ucs-060.jpg.import[39m[0m
[  54% ] [90m[1msavepack[22m | 正在保存文件：res://scripts/target_picker.gdc[39m[0m
[  54% ] [90m[1msavepack[22m | 正在保存文件：res://scripts/stack_arrows.gdc[39m[0m
[  54% ] [90m[1msavepack[22m | 正在保存文件：res://scripts/main.gdc[39m[0m
[  54% ] [90m[1msavepack[22m | 正在保存文件：res://scripts/duel_view.gdc[39m[0m
[  54% ] [90m[1msavepack[22m | 正在保存文件：res://scripts/duel_table.gdc[39m[0m
[  54% ] [90m[1msavepack[22m | 正在保存文件：res://scripts/duel_reveal.gdc[39m[0m
[  54% ] [90m[1msavepack[22m | 正在保存文件：res://scripts/duel_hand_card.gdc[39m[0m
[  54% ] [90m[1msavepack[22m | 正在保存文件：res://scripts/deck_store.gdc[39m[0m
[  54% ] [90m[1msavepack[22m | 正在保存文件：res://scripts/deck_card.gdc[39m[0m
[  55% ] [90m[1msavepack[22m | 正在保存文件：res://scripts/card_database.gdc[39m[0m
[  55% ] [90m[1msavepack[22m | 正在保存文件：res://scripts/battle_table.gdc[39m[0m
[  55% ] [90m[1msavepack[22m | 正在保存文件：res://scripts/rules/precon_abilities.gdc[39m[0m
[  55% ] [90m[1msavepack[22m | 正在保存文件：res://scripts/rules/mask_abilities.gdc[39m[0m
[  55% ] [90m[1msavepack[22m | 正在保存文件：res://scripts/rules/expanded_abilities.gdc[39m[0m
[  55% ] [90m[1msavepack[22m | 正在保存文件：res://scripts/rules/excel_abilities.gdc[39m[0m
[  55% ] [90m[1msavepack[22m | 正在保存文件：res://scripts/rules/duel_engine.gdc[39m[0m
[  55% ] [90m[1msavepack[22m | 正在保存文件：res://scripts/rules/demo_abilities.gdc[39m[0m
[  55% ] [90m[1msavepack[22m | 正在保存文件：res://scripts/rules/color_cost.gdc[39m[0m
[  55% ] [90m[1msavepack[22m | 正在保存文件：res://scripts/rules/catalogue_units.gdc[39m[0m
[  56% ] [90m[1msavepack[22m | 正在保存文件：res://scripts/rules/catalogue_state.gdc[39m[0m
[  56% ] [90m[1msavepack[22m | 正在保存文件：res://scripts/rules/catalogue_spells.gdc[39m[0m
[  56% ] [90m[1msavepack[22m | 正在保存文件：res://scripts/rules/catalogue_abilities.gdc[39m[0m
[  56% ] [90m[1msavepack[22m | 正在保存文件：res://scripts/rules/ability_caption.gdc[39m[0m
[  56% ] [90m[1msavepack[22m | 正在保存文件：res://.godot/exported/133200997/export-85f94c0a4826a890dd57e6f28b5e37ca-main.scn[39m[0m
[  56% ] [90m[1msavepack[22m | 正在保存文件：res://scripts/export_verification/main.gdc[39m[0m
[  56% ] [90m[1msavepack[22m | 正在保存文件：res://.godot/imported/组卡器参考.png-e5230859a25832d583e03b4a4aec0cd0.ctex[39m[0m
[  56% ] [90m[1msavepack[22m | 正在保存文件：res://recourse/组卡器参考.png.import[39m[0m
[  56% ] [90m[1msavepack[22m | 正在保存文件：res://.godot/imported/战场参考.png-924c285922fac8046de2317398ebf22a.ctex[39m[0m
[  56% ] [90m[1msavepack[22m | 正在保存文件：res://recourse/战场参考.png.import[39m[0m
[  56% ] [90m[1msavepack[22m | 正在保存文件：res://.godot/imported/垫子3.png-5a3fded68e5a5904669cc89d0bb6ff64.ctex[39m[0m
[  56% ] [90m[1msavepack[22m | 正在保存文件：res://recourse/垫子3.png.import[39m[0m
[  56% ] [90m[1msavepack[22m | 正在保存文件：res://.godot/imported/垫子3 - 副本.png-357ef7844662e145947edcb4dbceed6c.ctex[39m[0m
[  56% ] [90m[1msavepack[22m | 正在保存文件：res://recourse/垫子3 - 副本.png.import[39m[0m
[  56% ] [90m[1msavepack[22m | 正在保存文件：res://.godot/imported/卡背.png-7a0bbe9196c1dec236c110d3ef64cbaa.ctex[39m[0m
[  56% ] [90m[1msavepack[22m | 正在保存文件：res://recourse/卡背.png.import[39m[0m
[  57% ] [90m[1msavepack[22m | 正在保存文件：res://.godot/imported/卡背.jpg-f4928af5277f1e54218e120e1a8e9e34.ctex[39m[0m
[  57% ] [90m[1msavepack[22m | 正在保存文件：res://recourse/卡背.jpg.import[39m[0m
[  57% ] [90m[1msavepack[22m | 正在保存文件：res://recourse/数据库/卡图索引.json[39m[0m
[  57% ] [90m[1msavepack[22m | 正在保存文件：res://.godot/imported/token-ucs-099.jpg-fb8ec8a5a33b7a525313878e0890ea10.ctex[39m[0m
[  57% ] [90m[1msavepack[22m | 正在保存文件：res://recourse/数据库/token-ucs-099.jpg.import[39m[0m
[  57% ] [90m[1msavepack[22m | 正在保存文件：res://.godot/imported/token-ucs-093.svg-b500be95ff07753b9cd94a8eed3dcfcd.ctex[39m[0m
[  57% ] [90m[1msavepack[22m | 正在保存文件：res://recourse/数据库/token-ucs-093.svg.import[39m[0m
[  57% ] [90m[1msavepack[22m | 正在保存文件：res://.godot/imported/token-smm-025.jpg-0a9b4227e4963e40b1773781203c89f3.ctex[39m[0m
[  57% ] [90m[1msavepack[22m | 正在保存文件：res://recourse/数据库/token-smm-025.jpg.import[39m[0m
[  57% ] [90m[1msavepack[22m | 正在保存文件：res://.godot/imported/token-kmo-027.jpg-96b2b34775ea8f4eacc9b6e5924be727.ctex[39m[0m
[  57% ] [90m[1msavepack[22m | 正在保存文件：res://recourse/数据库/token-kmo-027.jpg.import[39m[0m
[  57% ] [90m[1msavepack[22m | 正在保存文件：res://.godot/imported/token-htk-033.jpg-773c4e858d759e1fa320f941426833ac.ctex[39m[0m
[  57% ] [90m[1msavepack[22m | 正在保存文件：res://recourse/数据库/token-htk-033.jpg.import[39m[0m
[  57% ] [90m[1msavepack[22m | 正在保存文件：res://.godot/imported/token-htk-032.jpg-75ef56d03dac17cf5af0bfced7b3c1d0.ctex[39m[0m
[  57% ] [90m[1msavepack[22m | 正在保存文件：res://recourse/数据库/token-htk-032.jpg.import[39m[0m
[  57% ] [90m[1msavepack[22m | 正在保存文件：res://.godot/imported/token-htk-031.jpg-d5fd22e48a93751ff2768fee74a21b73.ctex[39m[0m
[  57% ] [90m[1msavepack[22m | 正在保存文件：res://recourse/数据库/token-htk-031.jpg.import[39m[0m
[  57% ] [90m[1msavepack[22m | 正在保存文件：res://.godot/imported/token-fdn-085.jpg-bf59fd66f34ae2045d03433f27a90e34.ctex[39m[0m
[  57% ] [90m[1msavepack[22m | 正在保存文件：res://recourse/数据库/token-fdn-085.jpg.import[39m[0m
[  58% ] [90m[1msavepack[22m | 正在保存文件：res://.godot/imported/token-fdn-082.jpg-cdaa1381b0a411078e5cd987ecc1bcd0.ctex[39m[0m
[  58% ] [90m[1msavepack[22m | 正在保存文件：res://recourse/数据库/token-fdn-082.jpg.import[39m[0m
[  58% ] [90m[1msavepack[22m | 正在保存文件：res://.godot/imported/token-fdf-133.jpg-3428a2bb682bbe1dd8042db07a6bc745.ctex[39m[0m
[  58% ] [90m[1msavepack[22m | 正在保存文件：res://recourse/数据库/token-fdf-133.jpg.import[39m[0m
[  58% ] [90m[1msavepack[22m | 正在保存文件：res://.godot/imported/token-fdf-132.jpg-468b88615a9a295162b47741c224c7f7.ctex[39m[0m
[  58% ] [90m[1msavepack[22m | 正在保存文件：res://recourse/数据库/token-fdf-132.jpg.import[39m[0m
[  58% ] [90m[1msavepack[22m | 正在保存文件：res://.godot/imported/token-fdf-131.jpg-f6cc1e3cc21f50273b2eb02afbf58f8a.ctex[39m[0m
[  58% ] [90m[1msavepack[22m | 正在保存文件：res://recourse/数据库/token-fdf-131.jpg.import[39m[0m
[  58% ] [90m[1msavepack[22m | 正在保存文件：res://.godot/imported/token-fdf-130.jpg-b5bcbb3b046b4a31f4263fa12afa20ef.ctex[39m[0m
[  58% ] [90m[1msavepack[22m | 正在保存文件：res://recourse/数据库/token-fdf-130.jpg.import[39m[0m
[  58% ] [90m[1msavepack[22m | 正在保存文件：res://.godot/imported/token-fdf-129.jpg-33bee81915aeba972e9bd3e55ed2cfba.ctex[39m[0m
[  58% ] [90m[1msavepack[22m | 正在保存文件：res://recourse/数据库/token-fdf-129.jpg.import[39m[0m
[  58% ] [90m[1msavepack[22m | 正在保存文件：res://.godot/imported/token-fdf-128.jpg-12edc93418461092681dc1682c2efa95.ctex[39m[0m
[  58% ] [90m[1msavepack[22m | 正在保存文件：res://recourse/数据库/token-fdf-128.jpg.import[39m[0m
[  58% ] [90m[1msavepack[22m | 正在保存文件：res://.godot/imported/token-fdf-127.jpg-db8e181cc437690dde8397e66d219ab2.ctex[39m[0m
[  58% ] [90m[1msavepack[22m | 正在保存文件：res://recourse/数据库/token-fdf-127.jpg.import[39m[0m
[  58% ] [90m[1msavepack[22m | 正在保存文件：res://.godot/imported/spell-ucs-059.jpg-80dab78ff568d14050ab30c5ff56a15e.ctex[39m[0m
[  58% ] [90m[1msavepack[22m | 正在保存文件：res://recourse/数据库/spell-ucs-059.jpg.import[39m[0m
[  58% ] [90m[1msavepack[22m | 正在保存文件：res://.godot/imported/spell-ucs-057.jpg-2e86c4c024f5c0efa6d9b8416a1b5ffb.ctex[39m[0m
[  58% ] [90m[1msavepack[22m | 正在保存文件：res://recourse/数据库/spell-ucs-057.jpg.import[39m[0m
[  59% ] [90m[1msavepack[22m | 正在保存文件：res://.godot/imported/spell-ucs-054.jpg-d8933d0de8276ff3313119a7a7865d27.ctex[39m[0m
[  59% ] [90m[1msavepack[22m | 正在保存文件：res://recourse/数据库/spell-ucs-054.jpg.import[39m[0m
[  59% ] [90m[1msavepack[22m | 正在保存文件：res://.godot/imported/spell-ucs-052.jpg-fa0e9555be601933a2691aaee96326a5.ctex[39m[0m
[  59% ] [90m[1msavepack[22m | 正在保存文件：res://recourse/数据库/spell-ucs-052.jpg.import[39m[0m
[  59% ] [90m[1msavepack[22m | 正在保存文件：res://.godot/imported/spell-ucs-050.jpg-2fe0ce3d2bc2f0b28ba443d8a279b330.ctex[39m[0m
[  59% ] [90m[1msavepack[22m | 正在保存文件：res://recourse/数据库/spell-ucs-050.jpg.import[39m[0m
[  59% ] [90m[1msavepack[22m | 正在保存文件：res://.godot/imported/spell-ucs-043.jpg-f69e1067bc5bd8cd0b9a2f51444a1bbc.ctex[39m[0m
[  59% ] [90m[1msavepack[22m | 正在保存文件：res://recourse/数据库/spell-ucs-043.jpg.import[39m[0m
[  59% ] [90m[1msavepack[22m | 正在保存文件：res://.godot/imported/spell-ucs-041.jpg-b9019e82d3bf2f83e0c7cde24e1dc849.ctex[39m[0m
[  59% ] [90m[1msavepack[22m | 正在保存文件：res://recourse/数据库/spell-ucs-041.jpg.import[39m[0m
[  59% ] [90m[1msavepack[22m | 正在保存文件：res://.godot/imported/spell-ucs-039.jpg-77727858116f056a3cc9818b01acb1bc.ctex[39m[0m
[  59% ] [90m[1msavepack[22m | 正在保存文件：res://recourse/数据库/spell-ucs-039.jpg.import[39m[0m
[  59% ] [90m[1msavepack[22m | 正在保存文件：res://.godot/imported/spell-ucs-037.jpg-50a9f5f1f1fc2b64c29104025f641944.ctex[39m[0m
[  59% ] [90m[1msavepack[22m | 正在保存文件：res://recourse/数据库/spell-ucs-037.jpg.import[39m[0m
[  59% ] [90m[1msavepack[22m | 正在保存文件：res://.godot/imported/spell-ucs-035.jpg-d7a1310eb72cbe6d3dede63f784ea7e1.ctex[39m[0m
[  59% ] [90m[1msavepack[22m | 正在保存文件：res://recourse/数据库/spell-ucs-035.jpg.import[39m[0m
[  59% ] [90m[1msavepack[22m | 正在保存文件：res://.godot/imported/spell-ucs-033.jpg-2b818310278ac1aa92d07efd882e8d01.ctex[39m[0m
[  59% ] [90m[1msavepack[22m | 正在保存文件：res://recourse/数据库/spell-ucs-033.jpg.import[39m[0m
[  59% ] [90m[1msavepack[22m | 正在保存文件：res://.godot/imported/spell-ucs-031.jpg-b0a005a697c4e4f58bc53c66c404d1e8.ctex[39m[0m
[  59% ] [90m[1msavepack[22m | 正在保存文件：res://recourse/数据库/spell-ucs-031.jpg.import[39m[0m
[  60% ] [90m[1msavepack[22m | 正在保存文件：res://.godot/imported/spell-ucs-029.jpg-22d35a5ad56cde74faac5d704090becd.ctex[39m[0m
[  60% ] [90m[1msavepack[22m | 正在保存文件：res://recourse/数据库/spell-ucs-029.jpg.import[39m[0m
[  60% ] [90m[1msavepack[22m | 正在保存文件：res://.godot/imported/spell-ucs-027.jpg-e8ecc93f3666b174df06314f69f31a62.ctex[39m[0m
[  60% ] [90m[1msavepack[22m | 正在保存文件：res://recourse/数据库/spell-ucs-027.jpg.import[39m[0m
[  60% ] [90m[1msavepack[22m | 正在保存文件：res://.godot/imported/spell-ucs-026.jpg-a052b10b8f74377c9319bcf39ab662a5.ctex[39m[0m
[  60% ] [90m[1msavepack[22m | 正在保存文件：res://recourse/数据库/spell-ucs-026.jpg.import[39m[0m
[  60% ] [90m[1msavepack[22m | 正在保存文件：res://.godot/imported/spell-ucs-022.jpg-2fe3e8842efc38048d3cdf1de182e2dc.ctex[39m[0m
[  60% ] [90m[1msavepack[22m | 正在保存文件：res://recourse/数据库/spell-ucs-022.jpg.import[39m[0m
[  60% ] [90m[1msavepack[22m | 正在保存文件：res://.godot/imported/spell-ucs-019.jpg-b1eec2184576dbecab06d6da8fa0cf0d.ctex[39m[0m
[  60% ] [90m[1msavepack[22m | 正在保存文件：res://recourse/数据库/spell-ucs-019.jpg.import[39m[0m
[  60% ] [90m[1msavepack[22m | 正在保存文件：res://.godot/imported/spell-ucs-018.jpg-4542c5ebcd458505fb8aced9f00da892.ctex[39m[0m
[  60% ] [90m[1msavepack[22m | 正在保存文件：res://recourse/数据库/spell-ucs-018.jpg.import[39m[0m
[  60% ] [90m[1msavepack[22m | 正在保存文件：res://.godot/imported/spell-ucs-015.jpg-32a79c1eb4b99d0b31b8695e64a6cee6.ctex[39m[0m
[  60% ] [90m[1msavepack[22m | 正在保存文件：res://recourse/数据库/spell-ucs-015.jpg.import[39m[0m
[  60% ] [90m[1msavepack[22m | 正在保存文件：res://.godot/imported/spell-ucs-014.jpg-4b1f0c28c8f06480ec17f12caca132eb.ctex[39m[0m
[  60% ] [90m[1msavepack[22m | 正在保存文件：res://recourse/数据库/spell-ucs-014.jpg.import[39m[0m
[  60% ] [90m[1msavepack[22m | 正在保存文件：res://.godot/imported/spell-ucs-011.jpg-3bf2f6405c36a2086e0fdf152cf4752a.ctex[39m[0m
[  60% ] [90m[1msavepack[22m | 正在保存文件：res://recourse/数据库/spell-ucs-011.jpg.import[39m[0m
[  60% ] [90m[1msavepack[22m | 正在保存文件：res://.godot/imported/spell-ucs-009.jpg-044ce05ab78228b8b48cc3e5c5874567.ctex[39m[0m
[  60% ] [90m[1msavepack[22m | 正在保存文件：res://recourse/数据库/spell-ucs-009.jpg.import[39m[0m
[  61% ] [90m[1msavepack[22m | 正在保存文件：res://.godot/imported/spell-ucs-008.jpg-718ba727629f8622976c5fc2365f8565.ctex[39m[0m
[  61% ] [90m[1msavepack[22m | 正在保存文件：res://recourse/数据库/spell-ucs-008.jpg.import[39m[0m
[  61% ] [90m[1msavepack[22m | 正在保存文件：res://.godot/imported/spell-ucs-004.jpg-fbb81d728fe3c8bf0e2da5d2f11d34f1.ctex[39m[0m
[  61% ] [90m[1msavepack[22m | 正在保存文件：res://recourse/数据库/spell-ucs-004.jpg.import[39m[0m
[  61% ] [90m[1msavepack[22m | 正在保存文件：res://.godot/imported/spell-soi-119.jpg-ab93704f71a46961bd400bacb1a603e7.ctex[39m[0m
[  61% ] [90m[1msavepack[22m | 正在保存文件：res://recourse/数据库/spell-soi-119.jpg.import[39m[0m
[  61% ] [90m[1msavepack[22m | 正在保存文件：res://.godot/imported/spell-soi-098.png-393b3fc3674e0ce43c9b8f9ea261c5b5.ctex[39m[0m
[  61% ] [90m[1msavepack[22m | 正在保存文件：res://recourse/数据库/spell-soi-098.png.import[39m[0m
[  61% ] [90m[1msavepack[22m | 正在保存文件：res://.godot/imported/spell-smm-006.jpg-33f296cb13b6313e8e8b2bcb958a499a.ctex[39m[0m
[  61% ] [90m[1msavepack[22m | 正在保存文件：res://recourse/数据库/spell-smm-006.jpg.import[39m[0m
[  61% ] [90m[1msavepack[22m | 正在保存文件：res://.godot/imported/spell-smm-003.jpg-177fd6dff8fdfc721f8c741ac5be1feb.ctex[39m[0m
[  61% ] [90m[1msavepack[22m | 正在保存文件：res://recourse/数据库/spell-smm-003.jpg.import[39m[0m
[  61% ] [90m[1msavepack[22m | 正在保存文件：res://.godot/imported/spell-smm-002.jpg-4471d26c8e35ff00e9dd3bc21edfcaca.ctex[39m[0m
[  61% ] [90m[1msavepack[22m | 正在保存文件：res://recourse/数据库/spell-smm-002.jpg.import[39m[0m
[  61% ] [90m[1msavepack[22m | 正在保存文件：res://.godot/imported/spell-rei-015.jpg-f84991118040e7eae88bb6e14075bbab.ctex[39m[0m
[  61% ] [90m[1msavepack[22m | 正在保存文件：res://recourse/数据库/spell-rei-015.jpg.import[39m[0m
[  61% ] [90m[1msavepack[22m | 正在保存文件：res://.godot/imported/spell-rei-012.jpg-39c493d282589b61e4c1ce66b751513b.ctex[39m[0m
[  61% ] [90m[1msavepack[22m | 正在保存文件：res://recourse/数据库/spell-rei-012.jpg.import[39m[0m
[  61% ] [90m[1msavepack[22m | 正在保存文件：res://.godot/imported/spell-rei-011.jpg-effa0787cdc4330073fd99001451e4d6.ctex[39m[0m
[  61% ] [90m[1msavepack[22m | 正在保存文件：res://recourse/数据库/spell-rei-011.jpg.import[39m[0m
[  62% ] [90m[1msavepack[22m | 正在保存文件：res://.godot/imported/spell-rei-010.jpg-9ab6fc68247a0e1ce74fb777627088d2.ctex[39m[0m
[  62% ] [90m[1msavepack[22m | 正在保存文件：res://recourse/数据库/spell-rei-010.jpg.import[39m[0m
[  62% ] [90m[1msavepack[22m | 正在保存文件：res://.godot/imported/spell-rei-006.jpg-18f094f05b69cff70fbb7747630b00c6.ctex[39m[0m
[  62% ] [90m[1msavepack[22m | 正在保存文件：res://recourse/数据库/spell-rei-006.jpg.import[39m[0m
[  62% ] [90m[1msavepack[22m | 正在保存文件：res://.godot/imported/spell-rei-002.jpg-8411f8052ae2cf491f897aa29cd16b6c.ctex[39m[0m
[  62% ] [90m[1msavepack[22m | 正在保存文件：res://recourse/数据库/spell-rei-002.jpg.import[39m[0m
[  62% ] [90m[1msavepack[22m | 正在保存文件：res://.godot/imported/spell-rec-056.jpg-a67898ca0f4a9020427eba5dfffafd6b.ctex[39m[0m
[  62% ] [90m[1msavepack[22m | 正在保存文件：res://recourse/数据库/spell-rec-056.jpg.import[39m[0m
[  62% ] [90m[1msavepack[22m | 正在保存文件：res://.godot/imported/spell-rec-055.jpg-ee67f0464e75cd5cc5d5781f1a18f10e.ctex[39m[0m
[  62% ] [90m[1msavepack[22m | 正在保存文件：res://recourse/数据库/spell-rec-055.jpg.import[39m[0m
[  62% ] [90m[1msavepack[22m | 正在保存文件：res://.godot/imported/spell-rec-054.jpg-5a4a811df2e4b6496c1f154889ff3e26.ctex[39m[0m
[  62% ] [90m[1msavepack[22m | 正在保存文件：res://recourse/数据库/spell-rec-054.jpg.import[39m[0m
[  62% ] [90m[1msavepack[22m | 正在保存文件：res://.godot/imported/spell-mar-014.jpg-25146eecca3c4d2e48ad2b2ca3698301.ctex[39m[0m
[  62% ] [90m[1msavepack[22m | 正在保存文件：res://recourse/数据库/spell-mar-014.jpg.import[39m[0m
[  62% ] [90m[1msavepack[22m | 正在保存文件：res://.godot/imported/spell-mar-013.jpg-2f138b0cb475b2c39f13b5b8821d48dc.ctex[39m[0m
[  62% ] [90m[1msavepack[22m | 正在保存文件：res://recourse/数据库/spell-mar-013.jpg.import[39m[0m
[  62% ] [90m[1msavepack[22m | 正在保存文件：res://.godot/imported/spell-mar-012.jpg-3ceb3823d9ec809aa290270fe0815f17.ctex[39m[0m
[  62% ] [90m[1msavepack[22m | 正在保存文件：res://recourse/数据库/spell-mar-012.jpg.import[39m[0m
[  62% ] [90m[1msavepack[22m | 正在保存文件：res://.godot/imported/spell-mar-007.jpg-d9b69efc86f227d9c1ab5e70348dd5de.ctex[39m[0m
[  62% ] [90m[1msavepack[22m | 正在保存文件：res://recourse/数据库/spell-mar-007.jpg.import[39m[0m
[  62% ] [90m[1msavepack[22m | 正在保存文件：res://.godot/imported/spell-mar-005.jpg-385cb92a42231de1a8c04ef43f520864.ctex[39m[0m
[  62% ] [90m[1msavepack[22m | 正在保存文件：res://recourse/数据库/spell-mar-005.jpg.import[39m[0m
[  63% ] [90m[1msavepack[22m | 正在保存文件：res://.godot/imported/spell-mar-004.jpg-a2d1717e376d8652b78eeefbb397e18f.ctex[39m[0m
[  63% ] [90m[1msavepack[22m | 正在保存文件：res://recourse/数据库/spell-mar-004.jpg.import[39m[0m
[  63% ] [90m[1msavepack[22m | 正在保存文件：res://.godot/imported/spell-mar-003.jpg-57980e680b8e4db4fbf66e73c404a441.ctex[39m[0m
[  63% ] [90m[1msavepack[22m | 正在保存文件：res://recourse/数据库/spell-mar-003.jpg.import[39m[0m
[  63% ] [90m[1msavepack[22m | 正在保存文件：res://.godot/imported/spell-mar-002.jpg-4fceff5bc86114b382446fc0ae7bc1c4.ctex[39m[0m
[  63% ] [90m[1msavepack[22m | 正在保存文件：res://recourse/数据库/spell-mar-002.jpg.import[39m[0m
[  63% ] [90m[1msavepack[22m | 正在保存文件：res://.godot/imported/spell-lof-025.jpg-9fadb609df108e9c195cae635a996335.ctex[39m[0m
[  63% ] [90m[1msavepack[22m | 正在保存文件：res://recourse/数据库/spell-lof-025.jpg.import[39m[0m
[  63% ] [90m[1msavepack[22m | 正在保存文件：res://.godot/imported/spell-lof-007.jpg-2213bcae562c3eb4e114f9e355811fae.ctex[39m[0m
[  63% ] [90m[1msavepack[22m | 正在保存文件：res://recourse/数据库/spell-lof-007.jpg.import[39m[0m
[  63% ] [90m[1msavepack[22m | 正在保存文件：res://.godot/imported/spell-lof-006.jpg-78e6fa9ec09d0a5c9c5e780860869786.ctex[39m[0m
[  63% ] [90m[1msavepack[22m | 正在保存文件：res://recourse/数据库/spell-lof-006.jpg.import[39m[0m
[  63% ] [90m[1msavepack[22m | 正在保存文件：res://.godot/imported/spell-kmo-005.jpg-dfd54eeac1dfc3ed3410fbae8b0f2225.ctex[39m[0m
[  63% ] [90m[1msavepack[22m | 正在保存文件：res://recourse/数据库/spell-kmo-005.jpg.import[39m[0m
[  63% ] [90m[1msavepack[22m | 正在保存文件：res://.godot/imported/spell-kmo-004.jpg-32c8e50dbf7e1d0efa6a48edccb21e3b.ctex[39m[0m
[  63% ] [90m[1msavepack[22m | 正在保存文件：res://recourse/数据库/spell-kmo-004.jpg.import[39m[0m
[  63% ] [90m[1msavepack[22m | 正在保存文件：res://.godot/imported/spell-kmo-003.jpg-fb87f444da0dddc92630df0bbdf62d37.ctex[39m[0m
[  63% ] [90m[1msavepack[22m | 正在保存文件：res://recourse/数据库/spell-kmo-003.jpg.import[39m[0m
[  63% ] [90m[1msavepack[22m | 正在保存文件：res://.godot/imported/spell-kmo-002.jpg-0b39993ccb0b455383a6930e104ea1bc.ctex[39m[0m
[  63% ] [90m[1msavepack[22m | 正在保存文件：res://recourse/数据库/spell-kmo-002.jpg.import[39m[0m
[  64% ] [90m[1msavepack[22m | 正在保存文件：res://.godot/imported/spell-htk-018.jpg-31b12eb2db9e8583fe99fe398f9aa606.ctex[39m[0m
[  64% ] [90m[1msavepack[22m | 正在保存文件：res://recourse/数据库/spell-htk-018.jpg.import[39m[0m
[  64% ] [90m[1msavepack[22m | 正在保存文件：res://.godot/imported/spell-htk-004.jpg-ba934088f842df13f14c5fac1fb5ba17.ctex[39m[0m
[  64% ] [90m[1msavepack[22m | 正在保存文件：res://recourse/数据库/spell-htk-004.jpg.import[39m[0m
[  64% ] [90m[1msavepack[22m | 正在保存文件：res://.godot/imported/spell-htk-003.jpg-0a07257f6b98498cd4ba8302e1d69983.ctex[39m[0m
[  64% ] [90m[1msavepack[22m | 正在保存文件：res://recourse/数据库/spell-htk-003.jpg.import[39m[0m
[  64% ] [90m[1msavepack[22m | 正在保存文件：res://.godot/imported/spell-fdn-069.jpg-5196ee23f39d9c07cd61765730eb0330.ctex[39m[0m
[  64% ] [90m[1msavepack[22m | 正在保存文件：res://recourse/数据库/spell-fdn-069.jpg.import[39m[0m
[  64% ] [90m[1msavepack[22m | 正在保存文件：res://.godot/imported/spell-fdn-066.jpg-649b147da715ca77cde0562eaf018eb3.ctex[39m[0m
[  64% ] [90m[1msavepack[22m | 正在保存文件：res://recourse/数据库/spell-fdn-066.jpg.import[39m[0m
[  64% ] [90m[1msavepack[22m | 正在保存文件：res://.godot/imported/spell-fdn-046.jpg-b4443c94c12c5842bcca5eeae211bb8c.ctex[39m[0m
[  64% ] [90m[1msavepack[22m | 正在保存文件：res://recourse/数据库/spell-fdn-046.jpg.import[39m[0m
[  64% ] [90m[1msavepack[22m | 正在保存文件：res://.godot/imported/spell-fdn-040.jpg-ab39b2508a616fdd252c664081f36a88.ctex[39m[0m
[  64% ] [90m[1msavepack[22m | 正在保存文件：res://recourse/数据库/spell-fdn-040.jpg.import[39m[0m
[  64% ] [90m[1msavepack[22m | 正在保存文件：res://.godot/imported/spell-fdn-039.jpg-fa31ce59d3c4ef486b10920f85119703.ctex[39m[0m
[  64% ] [90m[1msavepack[22m | 正在保存文件：res://recourse/数据库/spell-fdn-039.jpg.import[39m[0m
[  64% ] [90m[1msavepack[22m | 正在保存文件：res://.godot/imported/spell-fdn-033.jpg-8afba2c094285b460fb584c6a94d833b.ctex[39m[0m
[  64% ] [90m[1msavepack[22m | 正在保存文件：res://recourse/数据库/spell-fdn-033.jpg.import[39m[0m
[  64% ] [90m[1msavepack[22m | 正在保存文件：res://.godot/imported/spell-fdn-032.jpg-f835e60fa28562df93ab3045e1254bdd.ctex[39m[0m
[  64% ] [90m[1msavepack[22m | 正在保存文件：res://recourse/数据库/spell-fdn-032.jpg.import[39m[0m
[  65% ] [90m[1msavepack[22m | 正在保存文件：res://.godot/imported/spell-fdn-031.jpg-59ab130d8fe5eb0d7c6f2e4084edb980.ctex[39m[0m
[  65% ] [90m[1msavepack[22m | 正在保存文件：res://recourse/数据库/spell-fdn-031.jpg.import[39m[0m
[  65% ] [90m[1msavepack[22m | 正在保存文件：res://.godot/imported/spell-fdn-030.jpg-23d9852694615c05425803fbcec8bfb7.ctex[39m[0m
[  65% ] [90m[1msavepack[22m | 正在保存文件：res://recourse/数据库/spell-fdn-030.jpg.import[39m[0m
[  65% ] [90m[1msavepack[22m | 正在保存文件：res://.godot/imported/spell-fdn-029.jpg-fa876e2215141e239eb4431ae0b295d8.ctex[39m[0m
[  65% ] [90m[1msavepack[22m | 正在保存文件：res://recourse/数据库/spell-fdn-029.jpg.import[39m[0m
[  65% ] [90m[1msavepack[22m | 正在保存文件：res://.godot/imported/spell-fdn-028.jpg-02c20c4777397f584ea4da7bc8cf056a.ctex[39m[0m
[  65% ] [90m[1msavepack[22m | 正在保存文件：res://recourse/数据库/spell-fdn-028.jpg.import[39m[0m
[  65% ] [90m[1msavepack[22m | 正在保存文件：res://.godot/imported/spell-fdn-023.jpg-ed6a4f6c3427a511032acdd4c46b6bb2.ctex[39m[0m
[  65% ] [90m[1msavepack[22m | 正在保存文件：res://recourse/数据库/spell-fdn-023.jpg.import[39m[0m
[  65% ] [90m[1msavepack[22m | 正在保存文件：res://.godot/imported/spell-fdn-022.jpg-e450c72e69f75f5c1eba607865487477.ctex[39m[0m
[  65% ] [90m[1msavepack[22m | 正在保存文件：res://recourse/数据库/spell-fdn-022.jpg.import[39m[0m
[  65% ] [90m[1msavepack[22m | 正在保存文件：res://.godot/imported/spell-fdn-020.jpg-fccc6165851d669642f528a1d448d1ef.ctex[39m[0m
[  65% ] [90m[1msavepack[22m | 正在保存文件：res://recourse/数据库/spell-fdn-020.jpg.import[39m[0m
[  65% ] [90m[1msavepack[22m | 正在保存文件：res://.godot/imported/spell-fdn-019.jpg-97ae5eebc7c8ad4516003e41bc2748e7.ctex[39m[0m
[  65% ] [90m[1msavepack[22m | 正在保存文件：res://recourse/数据库/spell-fdn-019.jpg.import[39m[0m
[  65% ] [90m[1msavepack[22m | 正在保存文件：res://.godot/imported/spell-fdn-018.jpg-a18912f2dd7afade0c5253b5a442b9c5.ctex[39m[0m
[  65% ] [90m[1msavepack[22m | 正在保存文件：res://recourse/数据库/spell-fdn-018.jpg.import[39m[0m
[  65% ] [90m[1msavepack[22m | 正在保存文件：res://.godot/imported/spell-fdn-017.jpg-0e9711655c0f3d2a0767cea050481fda.ctex[39m[0m
[  65% ] [90m[1msavepack[22m | 正在保存文件：res://recourse/数据库/spell-fdn-017.jpg.import[39m[0m
[  66% ] [90m[1msavepack[22m | 正在保存文件：res://.godot/imported/spell-fdn-015.jpg-319db8bbc09ab174c5270f4054d9a1e8.ctex[39m[0m
[  66% ] [90m[1msavepack[22m | 正在保存文件：res://recourse/数据库/spell-fdn-015.jpg.import[39m[0m
[  66% ] [90m[1msavepack[22m | 正在保存文件：res://.godot/imported/spell-fdn-012.jpg-d608b7d99ebd972124e7e18decb35168.ctex[39m[0m
[  66% ] [90m[1msavepack[22m | 正在保存文件：res://recourse/数据库/spell-fdn-012.jpg.import[39m[0m
[  66% ] [90m[1msavepack[22m | 正在保存文件：res://.godot/imported/spell-fdn-011.jpg-887be568df8151ea64da61a25f63b02f.ctex[39m[0m
[  66% ] [90m[1msavepack[22m | 正在保存文件：res://recourse/数据库/spell-fdn-011.jpg.import[39m[0m
[  66% ] [90m[1msavepack[22m | 正在保存文件：res://.godot/imported/spell-fdn-010.jpg-777af0ef6b79cd2f151aa8df587563f7.ctex[39m[0m
[  66% ] [90m[1msavepack[22m | 正在保存文件：res://recourse/数据库/spell-fdn-010.jpg.import[39m[0m
[  66% ] [90m[1msavepack[22m | 正在保存文件：res://.godot/imported/spell-fdn-009.jpg-9d2f13c84307df18ba346b962a95df41.ctex[39m[0m
[  66% ] [90m[1msavepack[22m | 正在保存文件：res://recourse/数据库/spell-fdn-009.jpg.import[39m[0m
[  66% ] [90m[1msavepack[22m | 正在保存文件：res://.godot/imported/spell-fdn-008.jpg-7d780386f9d98f770145ce610fbbc838.ctex[39m[0m
[  66% ] [90m[1msavepack[22m | 正在保存文件：res://recourse/数据库/spell-fdn-008.jpg.import[39m[0m
[  66% ] [90m[1msavepack[22m | 正在保存文件：res://.godot/imported/spell-fdn-005.jpg-db432299c7685a6678080553d0ea9ed0.ctex[39m[0m
[  66% ] [90m[1msavepack[22m | 正在保存文件：res://recourse/数据库/spell-fdn-005.jpg.import[39m[0m
[  66% ] [90m[1msavepack[22m | 正在保存文件：res://.godot/imported/spell-fdn-003.jpg-0d1208e54bf4fc77209b20a05fb2dbcc.ctex[39m[0m
[  66% ] [90m[1msavepack[22m | 正在保存文件：res://recourse/数据库/spell-fdn-003.jpg.import[39m[0m
[  66% ] [90m[1msavepack[22m | 正在保存文件：res://.godot/imported/spell-fdn-002.jpg-6152352036e2c736499cf090747167d5.ctex[39m[0m
[  66% ] [90m[1msavepack[22m | 正在保存文件：res://recourse/数据库/spell-fdn-002.jpg.import[39m[0m
[  66% ] [90m[1msavepack[22m | 正在保存文件：res://.godot/imported/spell-fdn-001.jpg-4d216ddbf1647effc5a5f63bad58393b.ctex[39m[0m
[  66% ] [90m[1msavepack[22m | 正在保存文件：res://recourse/数据库/spell-fdn-001.jpg.import[39m[0m
[  66% ] [90m[1msavepack[22m | 正在保存文件：res://.godot/imported/spell-fdf-ex05.jpg-87a262bfcd9e3103bf82662020f16d47.ctex[39m[0m
[  66% ] [90m[1msavepack[22m | 正在保存文件：res://recourse/数据库/spell-fdf-ex05.jpg.import[39m[0m
[  66% ] [90m[1msavepack[22m | 正在保存文件：res://.godot/imported/spell-fdf-123.jpg-1bb88b0b633cd467f27a8f7959f6886f.ctex[39m[0m
[  66% ] [90m[1msavepack[22m | 正在保存文件：res://recourse/数据库/spell-fdf-123.jpg.import[39m[0m
[  66% ] [90m[1msavepack[22m | 正在保存文件：res://.godot/imported/spell-fdf-122.jpg-bd637ade6ce8c1db92fa0b718940be7c.ctex[39m[0m
[  66% ] [90m[1msavepack[22m | 正在保存文件：res://recourse/数据库/spell-fdf-122.jpg.import[39m[0m
[  66% ] [90m[1msavepack[22m | 正在保存文件：res://.godot/imported/spell-fdf-121.jpg-44421dc74c33636fb47bfbb1074e728c.ctex[39m[0m
[  66% ] [90m[1msavepack[22m | 正在保存文件：res://recourse/数据库/spell-fdf-121.jpg.import[39m[0m
[  66% ] [90m[1msavepack[22m | 正在保存文件：res://.godot/imported/spell-fdf-120.jpg-2735137fda14a1af6403a8278b999b5a.ctex[39m[0m
[  66% ] [90m[1msavepack[22m | 正在保存文件：res://recourse/数据库/spell-fdf-120.jpg.import[39m[0m
[  66% ] [90m[1msavepack[22m | 正在保存文件：res://.godot/imported/spell-fdf-088.jpg-746c5193d4757b454b4be316b36e9dc2.ctex[39m[0m
[  66% ] [90m[1msavepack[22m | 正在保存文件：res://recourse/数据库/spell-fdf-088.jpg.import[39m[0m
[  66% ] [90m[1msavepack[22m | 正在保存文件：res://.godot/imported/spell-fdf-087.jpg-5fc64c4ff7f857f9041be7f5e5d425d6.ctex[39m[0m
[  66% ] [90m[1msavepack[22m | 正在保存文件：res://recourse/数据库/spell-fdf-087.jpg.import[39m[0m
[  66% ] [90m[1msavepack[22m | 正在保存文件：res://.godot/imported/spell-fdf-086.jpg-39aec9444ae6e8a301ba9d325f82de6c.ctex[39m[0m
[  66% ] [90m[1msavepack[22m | 正在保存文件：res://recourse/数据库/spell-fdf-086.jpg.import[39m[0m
[  66% ] [90m[1msavepack[22m | 正在保存文件：res://.godot/imported/spell-fdf-085.jpg-431cbe0a7edb2db1133e485cc562e142.ctex[39m[0m
[  66% ] [90m[1msavepack[22m | 正在保存文件：res://recourse/数据库/spell-fdf-085.jpg.import[39m[0m
[  66% ] [90m[1msavepack[22m | 正在保存文件：res://.godot/imported/spell-fdf-084.jpg-3b588858da3ea068857aec969b0aa7f5.ctex[39m[0m
[  66% ] [90m[1msavepack[22m | 正在保存文件：res://recourse/数据库/spell-fdf-084.jpg.import[39m[0m
[  67% ] [90m[1msavepack[22m | 正在保存文件：res://.godot/imported/spell-fdf-083.jpg-80b162631079659eaf7f7a12834aa104.ctex[39m[0m
[  67% ] [90m[1msavepack[22m | 正在保存文件：res://recourse/数据库/spell-fdf-083.jpg.import[39m[0m
[  67% ] [90m[1msavepack[22m | 正在保存文件：res://.godot/imported/spell-fdf-082.jpg-2c54b5f12e02769643c696e62c7cc8f6.ctex[39m[0m
[  67% ] [90m[1msavepack[22m | 正在保存文件：res://recourse/数据库/spell-fdf-082.jpg.import[39m[0m
[  67% ] [90m[1msavepack[22m | 正在保存文件：res://.godot/imported/spell-fdf-081.jpg-efe943701e5547a2ac3f45d9da87e731.ctex[39m[0m
[  67% ] [90m[1msavepack[22m | 正在保存文件：res://recourse/数据库/spell-fdf-081.jpg.import[39m[0m
[  67% ] [90m[1msavepack[22m | 正在保存文件：res://.godot/imported/spell-fdf-080.jpg-8ee1f4f3ce7d82f9043c578670c6a09b.ctex[39m[0m
[  67% ] [90m[1msavepack[22m | 正在保存文件：res://recourse/数据库/spell-fdf-080.jpg.import[39m[0m
[  67% ] [90m[1msavepack[22m | 正在保存文件：res://.godot/imported/spell-fdf-079.jpg-73e9cd161af176a1118e4fde38262c4e.ctex[39m[0m
[  67% ] [90m[1msavepack[22m | 正在保存文件：res://recourse/数据库/spell-fdf-079.jpg.import[39m[0m
[  67% ] [90m[1msavepack[22m | 正在保存文件：res://.godot/imported/spell-fdf-078.jpg-96d13e5693613a97c7971ddd8b636c20.ctex[39m[0m
[  67% ] [90m[1msavepack[22m | 正在保存文件：res://recourse/数据库/spell-fdf-078.jpg.import[39m[0m
[  67% ] [90m[1msavepack[22m | 正在保存文件：res://.godot/imported/spell-fdf-077.jpg-615333765a4c039cb5a96d659f1022c2.ctex[39m[0m
[  67% ] [90m[1msavepack[22m | 正在保存文件：res://recourse/数据库/spell-fdf-077.jpg.import[39m[0m
[  67% ] [90m[1msavepack[22m | 正在保存文件：res://.godot/imported/spell-fdf-076.jpg-c7e1dd7150df30724ef00f0f2724baf0.ctex[39m[0m
[  67% ] [90m[1msavepack[22m | 正在保存文件：res://recourse/数据库/spell-fdf-076.jpg.import[39m[0m
[  67% ] [90m[1msavepack[22m | 正在保存文件：res://.godot/imported/spell-fdf-075.jpg-88f08fe638ce1a796922e52cbb1947f1.ctex[39m[0m
[  67% ] [90m[1msavepack[22m | 正在保存文件：res://recourse/数据库/spell-fdf-075.jpg.import[39m[0m
[  67% ] [90m[1msavepack[22m | 正在保存文件：res://.godot/imported/spell-fdf-074.jpg-38ddb666993e3b9d99c6e50adc82c026.ctex[39m[0m
[  67% ] [90m[1msavepack[22m | 正在保存文件：res://recourse/数据库/spell-fdf-074.jpg.import[39m[0m
[  67% ] [90m[1msavepack[22m | 正在保存文件：res://.godot/imported/spell-fdf-073.jpg-6d62e89e0c6f894dbae6f62ca970fbd3.ctex[39m[0m
[  67% ] [90m[1msavepack[22m | 正在保存文件：res://recourse/数据库/spell-fdf-073.jpg.import[39m[0m
[  68% ] [90m[1msavepack[22m | 正在保存文件：res://.godot/imported/spell-fdf-072.jpg-b2347889739cf9498e45d21cee0c5ef8.ctex[39m[0m
[  68% ] [90m[1msavepack[22m | 正在保存文件：res://recourse/数据库/spell-fdf-072.jpg.import[39m[0m
[  68% ] [90m[1msavepack[22m | 正在保存文件：res://.godot/imported/spell-fdf-071.jpg-126813632fb6313cfb2741ae02c47192.ctex[39m[0m
[  68% ] [90m[1msavepack[22m | 正在保存文件：res://recourse/数据库/spell-fdf-071.jpg.import[39m[0m
[  68% ] [90m[1msavepack[22m | 正在保存文件：res://.godot/imported/spell-fdf-068.jpg-3bba132073cc0419613035afa886172a.ctex[39m[0m
[  68% ] [90m[1msavepack[22m | 正在保存文件：res://recourse/数据库/spell-fdf-068.jpg.import[39m[0m
[  68% ] [90m[1msavepack[22m | 正在保存文件：res://.godot/imported/spell-fdf-067.jpg-13ddc1f5824a463c924df60dc76907ef.ctex[39m[0m
[  68% ] [90m[1msavepack[22m | 正在保存文件：res://recourse/数据库/spell-fdf-067.jpg.import[39m[0m
[  68% ] [90m[1msavepack[22m | 正在保存文件：res://.godot/imported/spell-fdf-066.jpg-5412d3ea028263b17cb47de802f2b241.ctex[39m[0m
[  68% ] [90m[1msavepack[22m | 正在保存文件：res://recourse/数据库/spell-fdf-066.jpg.import[39m[0m
[  68% ] [90m[1msavepack[22m | 正在保存文件：res://.godot/imported/spell-fdf-064.jpg-ec04163c2a6fe629edaa4174e824bc27.ctex[39m[0m
[  68% ] [90m[1msavepack[22m | 正在保存文件：res://recourse/数据库/spell-fdf-064.jpg.import[39m[0m
[  68% ] [90m[1msavepack[22m | 正在保存文件：res://.godot/imported/spell-fdf-063.jpg-298ef5aa91c92c79a23881a149224c50.ctex[39m[0m
[  68% ] [90m[1msavepack[22m | 正在保存文件：res://recourse/数据库/spell-fdf-063.jpg.import[39m[0m
[  68% ] [90m[1msavepack[22m | 正在保存文件：res://.godot/imported/spell-fdf-062.jpg-ac4c4f1f72df9b150144d0aaf4c43781.ctex[39m[0m
[  68% ] [90m[1msavepack[22m | 正在保存文件：res://recourse/数据库/spell-fdf-062.jpg.import[39m[0m
[  68% ] [90m[1msavepack[22m | 正在保存文件：res://.godot/imported/spell-fdf-061.jpg-322e25ae3fb8595c1acd2f18119e6a9b.ctex[39m[0m
[  68% ] [90m[1msavepack[22m | 正在保存文件：res://recourse/数据库/spell-fdf-061.jpg.import[39m[0m
[  68% ] [90m[1msavepack[22m | 正在保存文件：res://.godot/imported/spell-fdf-060.jpg-bfa88b1e92fc644576a55e67aafba0ed.ctex[39m[0m
[  68% ] [90m[1msavepack[22m | 正在保存文件：res://recourse/数据库/spell-fdf-060.jpg.import[39m[0m
[  69% ] [90m[1msavepack[22m | 正在保存文件：res://.godot/imported/spell-fdf-059.jpg-3df754498dcd3c98b9b3fe54c2b9ad88.ctex[39m[0m
[  69% ] [90m[1msavepack[22m | 正在保存文件：res://recourse/数据库/spell-fdf-059.jpg.import[39m[0m
[  69% ] [90m[1msavepack[22m | 正在保存文件：res://.godot/imported/spell-fdf-058.jpg-a63d22481cfac94cc273b1a58761d242.ctex[39m[0m
[  69% ] [90m[1msavepack[22m | 正在保存文件：res://recourse/数据库/spell-fdf-058.jpg.import[39m[0m
[  69% ] [90m[1msavepack[22m | 正在保存文件：res://.godot/imported/spell-fdf-057.jpg-c23d4a31a6655cd3dc68e8ab7e2a8740.ctex[39m[0m
[  69% ] [90m[1msavepack[22m | 正在保存文件：res://recourse/数据库/spell-fdf-057.jpg.import[39m[0m
[  69% ] [90m[1msavepack[22m | 正在保存文件：res://.godot/imported/spell-fdf-056.jpg-f23a01e9c862b6602437ea0a18327194.ctex[39m[0m
[  69% ] [90m[1msavepack[22m | 正在保存文件：res://recourse/数据库/spell-fdf-056.jpg.import[39m[0m
[  69% ] [90m[1msavepack[22m | 正在保存文件：res://.godot/imported/spell-fdf-055.jpg-69c470d98a274a6f52db44b87ca397b0.ctex[39m[0m
[  69% ] [90m[1msavepack[22m | 正在保存文件：res://recourse/数据库/spell-fdf-055.jpg.import[39m[0m
[  69% ] [90m[1msavepack[22m | 正在保存文件：res://.godot/imported/spell-fdf-054.jpg-83398444836156e71adf7be888db396c.ctex[39m[0m
[  69% ] [90m[1msavepack[22m | 正在保存文件：res://recourse/数据库/spell-fdf-054.jpg.import[39m[0m
[  69% ] [90m[1msavepack[22m | 正在保存文件：res://.godot/imported/spell-fdf-053.jpg-6e6b87f27122bd711d2a3461f10ec754.ctex[39m[0m
[  69% ] [90m[1msavepack[22m | 正在保存文件：res://recourse/数据库/spell-fdf-053.jpg.import[39m[0m
[  69% ] [90m[1msavepack[22m | 正在保存文件：res://.godot/imported/spell-fdf-052.jpg-60582c4d22803cf133d7c9c985667aca.ctex[39m[0m
[  69% ] [90m[1msavepack[22m | 正在保存文件：res://recourse/数据库/spell-fdf-052.jpg.import[39m[0m
[  69% ] [90m[1msavepack[22m | 正在保存文件：res://.godot/imported/spell-fdf-051.jpg-cd8f47c3a5e895a7c67f275d7015498c.ctex[39m[0m
[  69% ] [90m[1msavepack[22m | 正在保存文件：res://recourse/数据库/spell-fdf-051.jpg.import[39m[0m
[  69% ] [90m[1msavepack[22m | 正在保存文件：res://.godot/imported/spell-fdf-050.jpg-9825339d47da6589bd95fb7d52dbd27b.ctex[39m[0m
[  69% ] [90m[1msavepack[22m | 正在保存文件：res://recourse/数据库/spell-fdf-050.jpg.import[39m[0m
[  70% ] [90m[1msavepack[22m | 正在保存文件：res://.godot/imported/spell-fdf-049.jpg-839c5254acb217263177d64ef8e93327.ctex[39m[0m
[  70% ] [90m[1msavepack[22m | 正在保存文件：res://recourse/数据库/spell-fdf-049.jpg.import[39m[0m
[  70% ] [90m[1msavepack[22m | 正在保存文件：res://.godot/imported/spell-fdf-048.jpg-3e5bdec3a40ae1db9abc429df71bdfc4.ctex[39m[0m
[  70% ] [90m[1msavepack[22m | 正在保存文件：res://recourse/数据库/spell-fdf-048.jpg.import[39m[0m
[  70% ] [90m[1msavepack[22m | 正在保存文件：res://.godot/imported/spell-fdf-047.jpg-2ce25e7b85b5e8c3653d0141fd30b1e6.ctex[39m[0m
[  70% ] [90m[1msavepack[22m | 正在保存文件：res://recourse/数据库/spell-fdf-047.jpg.import[39m[0m
[  70% ] [90m[1msavepack[22m | 正在保存文件：res://.godot/imported/spell-fdf-045.jpg-9fdffde86610b5089261ab004f199328.ctex[39m[0m
[  70% ] [90m[1msavepack[22m | 正在保存文件：res://recourse/数据库/spell-fdf-045.jpg.import[39m[0m
[  70% ] [90m[1msavepack[22m | 正在保存文件：res://.godot/imported/spell-fdf-044.jpg-16c916d66ed4744aaf95172785dc6967.ctex[39m[0m
[  70% ] [90m[1msavepack[22m | 正在保存文件：res://recourse/数据库/spell-fdf-044.jpg.import[39m[0m
[  70% ] [90m[1msavepack[22m | 正在保存文件：res://.godot/imported/spell-fdf-043.jpg-c06dd4dda58fccf0d3480c1ad9f54501.ctex[39m[0m
[  70% ] [90m[1msavepack[22m | 正在保存文件：res://recourse/数据库/spell-fdf-043.jpg.import[39m[0m
[  70% ] [90m[1msavepack[22m | 正在保存文件：res://.godot/imported/spell-fdf-042.jpg-3aedd727b7db2adf6660d5c30367768e.ctex[39m[0m
[  70% ] [90m[1msavepack[22m | 正在保存文件：res://recourse/数据库/spell-fdf-042.jpg.import[39m[0m
[  70% ] [90m[1msavepack[22m | 正在保存文件：res://.godot/imported/spell-fdf-040.jpg-ac892386774b706648da1743a4083472.ctex[39m[0m
[  70% ] [90m[1msavepack[22m | 正在保存文件：res://recourse/数据库/spell-fdf-040.jpg.import[39m[0m
[  70% ] [90m[1msavepack[22m | 正在保存文件：res://.godot/imported/spell-fdf-039.jpg-eababe538c8d7e82543e18f2525d7bd3.ctex[39m[0m
[  70% ] [90m[1msavepack[22m | 正在保存文件：res://recourse/数据库/spell-fdf-039.jpg.import[39m[0m
[  70% ] [90m[1msavepack[22m | 正在保存文件：res://.godot/imported/spell-fdf-038.jpg-a46baa85afb12a84db1d1109cbf9af34.ctex[39m[0m
[  70% ] [90m[1msavepack[22m | 正在保存文件：res://recourse/数据库/spell-fdf-038.jpg.import[39m[0m
[  71% ] [90m[1msavepack[22m | 正在保存文件：res://.godot/imported/spell-fdf-037.jpg-ddfa9d21bdec83f23adf34243ecbf7be.ctex[39m[0m
[  71% ] [90m[1msavepack[22m | 正在保存文件：res://recourse/数据库/spell-fdf-037.jpg.import[39m[0m
[  71% ] [90m[1msavepack[22m | 正在保存文件：res://.godot/imported/spell-fdf-036.jpg-6d6b44bc1bc1d98bb18924312bfcf282.ctex[39m[0m
[  71% ] [90m[1msavepack[22m | 正在保存文件：res://recourse/数据库/spell-fdf-036.jpg.import[39m[0m
[  71% ] [90m[1msavepack[22m | 正在保存文件：res://.godot/imported/spell-fdf-035.jpg-e4554479de201689c35f51eff1725dbb.ctex[39m[0m
[  71% ] [90m[1msavepack[22m | 正在保存文件：res://recourse/数据库/spell-fdf-035.jpg.import[39m[0m
[  71% ] [90m[1msavepack[22m | 正在保存文件：res://.godot/imported/spell-fdf-033.jpg-0beaf3fef573cfc12dca5e2eda3f1f98.ctex[39m[0m
[  71% ] [90m[1msavepack[22m | 正在保存文件：res://recourse/数据库/spell-fdf-033.jpg.import[39m[0m
[  71% ] [90m[1msavepack[22m | 正在保存文件：res://.godot/imported/spell-fdf-032.jpg-a74c8af91c927127d007f9ada1a262ad.ctex[39m[0m
[  71% ] [90m[1msavepack[22m | 正在保存文件：res://recourse/数据库/spell-fdf-032.jpg.import[39m[0m
[  71% ] [90m[1msavepack[22m | 正在保存文件：res://.godot/imported/spell-fdf-031.jpg-1888559c11241d8e6cb0af6d34c4fdee.ctex[39m[0m
[  71% ] [90m[1msavepack[22m | 正在保存文件：res://recourse/数据库/spell-fdf-031.jpg.import[39m[0m
[  71% ] [90m[1msavepack[22m | 正在保存文件：res://.godot/imported/spell-fdf-030.jpg-d9f8eea131bfd3b1c1b92a9e2642a1ad.ctex[39m[0m
[  71% ] [90m[1msavepack[22m | 正在保存文件：res://recourse/数据库/spell-fdf-030.jpg.import[39m[0m
[  71% ] [90m[1msavepack[22m | 正在保存文件：res://.godot/imported/spell-fdf-028.jpg-a7f630266feaa0696fd29b3518fb0b5e.ctex[39m[0m
[  71% ] [90m[1msavepack[22m | 正在保存文件：res://recourse/数据库/spell-fdf-028.jpg.import[39m[0m
[  71% ] [90m[1msavepack[22m | 正在保存文件：res://.godot/imported/spell-fdf-027.jpg-611fa71322730e4528635f94e23a007c.ctex[39m[0m
[  71% ] [90m[1msavepack[22m | 正在保存文件：res://recourse/数据库/spell-fdf-027.jpg.import[39m[0m
[  71% ] [90m[1msavepack[22m | 正在保存文件：res://.godot/imported/spell-fdf-026.jpg-92821411f3b66f0f1beb752f1c7f3e02.ctex[39m[0m
[  71% ] [90m[1msavepack[22m | 正在保存文件：res://recourse/数据库/spell-fdf-026.jpg.import[39m[0m
[  72% ] [90m[1msavepack[22m | 正在保存文件：res://.godot/imported/spell-fdf-025.jpg-956fc05d26884b9074694dad861a994a.ctex[39m[0m
[  72% ] [90m[1msavepack[22m | 正在保存文件：res://recourse/数据库/spell-fdf-025.jpg.import[39m[0m
[  72% ] [90m[1msavepack[22m | 正在保存文件：res://.godot/imported/spell-fdf-024.jpg-f0357df0fdd5ffec1a95e3e023d43fc7.ctex[39m[0m
[  72% ] [90m[1msavepack[22m | 正在保存文件：res://recourse/数据库/spell-fdf-024.jpg.import[39m[0m
[  72% ] [90m[1msavepack[22m | 正在保存文件：res://.godot/imported/spell-fdf-023.jpg-4d7616a850f91e87396497f4f2c9696a.ctex[39m[0m
[  72% ] [90m[1msavepack[22m | 正在保存文件：res://recourse/数据库/spell-fdf-023.jpg.import[39m[0m
[  72% ] [90m[1msavepack[22m | 正在保存文件：res://.godot/imported/spell-fdf-022.jpg-a291c021df4e00162f1fd7252f148b90.ctex[39m[0m
[  72% ] [90m[1msavepack[22m | 正在保存文件：res://recourse/数据库/spell-fdf-022.jpg.import[39m[0m
[  72% ] [90m[1msavepack[22m | 正在保存文件：res://.godot/imported/spell-fdf-021.jpg-1a96c0533aa5dc21f1cf826331ea1795.ctex[39m[0m
[  72% ] [90m[1msavepack[22m | 正在保存文件：res://recourse/数据库/spell-fdf-021.jpg.import[39m[0m
[  72% ] [90m[1msavepack[22m | 正在保存文件：res://.godot/imported/spell-fdf-019.jpg-26c737c5e595b3522c3c110a003929d8.ctex[39m[0m
[  72% ] [90m[1msavepack[22m | 正在保存文件：res://recourse/数据库/spell-fdf-019.jpg.import[39m[0m
[  72% ] [90m[1msavepack[22m | 正在保存文件：res://.godot/imported/spell-fdf-018.jpg-553e8c4ffc57bd3683185a524b36fb8a.ctex[39m[0m
[  72% ] [90m[1msavepack[22m | 正在保存文件：res://recourse/数据库/spell-fdf-018.jpg.import[39m[0m
[  72% ] [90m[1msavepack[22m | 正在保存文件：res://.godot/imported/spell-fdf-017.jpg-48412929283729f85f1a7958c5632f2f.ctex[39m[0m
[  72% ] [90m[1msavepack[22m | 正在保存文件：res://recourse/数据库/spell-fdf-017.jpg.import[39m[0m
[  72% ] [90m[1msavepack[22m | 正在保存文件：res://.godot/imported/spell-fdf-016.jpg-02b3be4ecabba209b692cd1610d4e6f7.ctex[39m[0m
[  72% ] [90m[1msavepack[22m | 正在保存文件：res://recourse/数据库/spell-fdf-016.jpg.import[39m[0m
[  72% ] [90m[1msavepack[22m | 正在保存文件：res://.godot/imported/spell-fdf-015.jpg-d45ff22e3302b117780a238f45b9ec96.ctex[39m[0m
[  72% ] [90m[1msavepack[22m | 正在保存文件：res://recourse/数据库/spell-fdf-015.jpg.import[39m[0m
[  73% ] [90m[1msavepack[22m | 正在保存文件：res://.godot/imported/spell-fdf-014.jpg-6e1598f5c369b53a659de64ac61923a8.ctex[39m[0m
[  73% ] [90m[1msavepack[22m | 正在保存文件：res://recourse/数据库/spell-fdf-014.jpg.import[39m[0m
[  73% ] [90m[1msavepack[22m | 正在保存文件：res://.godot/imported/spell-fdf-013.jpg-75f148743359bb83a434dacddf697b20.ctex[39m[0m
[  73% ] [90m[1msavepack[22m | 正在保存文件：res://recourse/数据库/spell-fdf-013.jpg.import[39m[0m
[  73% ] [90m[1msavepack[22m | 正在保存文件：res://.godot/imported/spell-fdf-012.jpg-a6b121ce222d42aa771e569cd750fd64.ctex[39m[0m
[  73% ] [90m[1msavepack[22m | 正在保存文件：res://recourse/数据库/spell-fdf-012.jpg.import[39m[0m
[  73% ] [90m[1msavepack[22m | 正在保存文件：res://.godot/imported/spell-fdf-011.jpg-3f1d9cfc27e7fdd30ecd69b5bb040856.ctex[39m[0m
[  73% ] [90m[1msavepack[22m | 正在保存文件：res://recourse/数据库/spell-fdf-011.jpg.import[39m[0m
[  73% ] [90m[1msavepack[22m | 正在保存文件：res://.godot/imported/spell-fdf-010.jpg-7b052a505d70d451b2785b518a40165a.ctex[39m[0m
[  73% ] [90m[1msavepack[22m | 正在保存文件：res://recourse/数据库/spell-fdf-010.jpg.import[39m[0m
[  73% ] [90m[1msavepack[22m | 正在保存文件：res://.godot/imported/spell-fdf-009.jpg-a8e59686d3a325c55e6da97eb755db2d.ctex[39m[0m
[  73% ] [90m[1msavepack[22m | 正在保存文件：res://recourse/数据库/spell-fdf-009.jpg.import[39m[0m
[  73% ] [90m[1msavepack[22m | 正在保存文件：res://.godot/imported/spell-fdf-008.jpg-20fbf1c9d16021acb6b85370670fd3a6.ctex[39m[0m
[  73% ] [90m[1msavepack[22m | 正在保存文件：res://recourse/数据库/spell-fdf-008.jpg.import[39m[0m
[  73% ] [90m[1msavepack[22m | 正在保存文件：res://.godot/imported/spell-fdf-007.jpg-ce6911e3662b434bc76f1998433b0fba.ctex[39m[0m
[  73% ] [90m[1msavepack[22m | 正在保存文件：res://recourse/数据库/spell-fdf-007.jpg.import[39m[0m
[  73% ] [90m[1msavepack[22m | 正在保存文件：res://.godot/imported/spell-fdf-006.jpg-90cb558485ee2d85070899db68bbd9b1.ctex[39m[0m
[  73% ] [90m[1msavepack[22m | 正在保存文件：res://recourse/数据库/spell-fdf-006.jpg.import[39m[0m
[  73% ] [90m[1msavepack[22m | 正在保存文件：res://.godot/imported/spell-fdf-005.jpg-bd16f935b4f9ec1c029d3f36e1efa282.ctex[39m[0m
[  73% ] [90m[1msavepack[22m | 正在保存文件：res://recourse/数据库/spell-fdf-005.jpg.import[39m[0m
[  74% ] [90m[1msavepack[22m | 正在保存文件：res://.godot/imported/spell-fdf-003.jpg-54a86efe814b0798a5c71d5407522598.ctex[39m[0m
[  74% ] [90m[1msavepack[22m | 正在保存文件：res://recourse/数据库/spell-fdf-003.jpg.import[39m[0m
[  74% ] [90m[1msavepack[22m | 正在保存文件：res://.godot/imported/spell-fdf-002.jpg-1107fc3d770540760237a3b2c193d455.ctex[39m[0m
[  74% ] [90m[1msavepack[22m | 正在保存文件：res://recourse/数据库/spell-fdf-002.jpg.import[39m[0m
[  74% ] [90m[1msavepack[22m | 正在保存文件：res://.godot/imported/spell-fdf-001.jpg-c67ab48091462843d0a23ddcb74bade3.ctex[39m[0m
[  74% ] [90m[1msavepack[22m | 正在保存文件：res://recourse/数据库/spell-fdf-001.jpg.import[39m[0m
[  74% ] [90m[1msavepack[22m | 正在保存文件：res://.godot/imported/soi_unit_086.jpg-3b3ae88dfcd51c919dd0095e513acd93.ctex[39m[0m
[  74% ] [90m[1msavepack[22m | 正在保存文件：res://recourse/数据库/soi_unit_086.jpg.import[39m[0m
[  74% ] [90m[1msavepack[22m | 正在保存文件：res://.godot/imported/soi_unit_004.jpg-4ffe76e99c428d3cc963dd4719b2d62f.ctex[39m[0m
[  74% ] [90m[1msavepack[22m | 正在保存文件：res://recourse/数据库/soi_unit_004.jpg.import[39m[0m
[  74% ] [90m[1msavepack[22m | 正在保存文件：res://.godot/imported/rec_unit_097.jpg-8b05e7b4d45cb8e8f081a6c92a3ecf75.ctex[39m[0m
[  74% ] [90m[1msavepack[22m | 正在保存文件：res://recourse/数据库/rec_unit_097.jpg.import[39m[0m
[  74% ] [90m[1msavepack[22m | 正在保存文件：res://.godot/imported/item-ucs-017.jpg-16dc6ee191e809099bd21e05daf069fa.ctex[39m[0m
[  74% ] [90m[1msavepack[22m | 正在保存文件：res://recourse/数据库/item-ucs-017.jpg.import[39m[0m
[  74% ] [90m[1msavepack[22m | 正在保存文件：res://.godot/imported/item-ucs-013.jpg-3ee7d2b0c2cf02296c3d38eb73420c34.ctex[39m[0m
[  74% ] [90m[1msavepack[22m | 正在保存文件：res://recourse/数据库/item-ucs-013.jpg.import[39m[0m
[  74% ] [90m[1msavepack[22m | 正在保存文件：res://.godot/imported/item-ucs-012.jpg-1977b26a8cf06911940d9ad9b0bed815.ctex[39m[0m
[  74% ] [90m[1msavepack[22m | 正在保存文件：res://recourse/数据库/item-ucs-012.jpg.import[39m[0m
[  74% ] [90m[1msavepack[22m | 正在保存文件：res://.godot/imported/item-ucs-005.jpg-a0a301378b47b210e208bf48d97df8a0.ctex[39m[0m
[  74% ] [90m[1msavepack[22m | 正在保存文件：res://recourse/数据库/item-ucs-005.jpg.import[39m[0m
[  74% ] [90m[1msavepack[22m | 正在保存文件：res://.godot/imported/item-mar-017.jpg-60e181b80ab67bb60ce6a1892a90aff0.ctex[39m[0m
[  74% ] [90m[1msavepack[22m | 正在保存文件：res://recourse/数据库/item-mar-017.jpg.import[39m[0m
[  75% ] [90m[1msavepack[22m | 正在保存文件：res://.godot/imported/item-lof-009.jpg-c2382face44211b54afefef4341e0945.ctex[39m[0m
[  75% ] [90m[1msavepack[22m | 正在保存文件：res://recourse/数据库/item-lof-009.jpg.import[39m[0m
[  75% ] [90m[1msavepack[22m | 正在保存文件：res://.godot/imported/item-htk-008.jpg-e85630560ed1b2e70daf746ec171e87c.ctex[39m[0m
[  75% ] [90m[1msavepack[22m | 正在保存文件：res://recourse/数据库/item-htk-008.jpg.import[39m[0m
[  75% ] [90m[1msavepack[22m | 正在保存文件：res://.godot/imported/item-fdn-044.jpg-fa292ef8762b3e7d8ce5e1bf3048435b.ctex[39m[0m
[  75% ] [90m[1msavepack[22m | 正在保存文件：res://recourse/数据库/item-fdn-044.jpg.import[39m[0m
[  75% ] [90m[1msavepack[22m | 正在保存文件：res://.godot/imported/item-fdf-097.jpg-0849041418dc67a17b7138228018565c.ctex[39m[0m
[  75% ] [90m[1msavepack[22m | 正在保存文件：res://recourse/数据库/item-fdf-097.jpg.import[39m[0m
[  75% ] [90m[1msavepack[22m | 正在保存文件：res://.godot/imported/item-fdf-096.jpg-f078127e7cc59f3088d533f89e853183.ctex[39m[0m
[  75% ] [90m[1msavepack[22m | 正在保存文件：res://recourse/数据库/item-fdf-096.jpg.import[39m[0m
[  75% ] [90m[1msavepack[22m | 正在保存文件：res://.godot/imported/field-ucs-064.jpg-3aafead385f14808afd2d0b9d019cd25.ctex[39m[0m
[  75% ] [90m[1msavepack[22m | 正在保存文件：res://recourse/数据库/field-ucs-064.jpg.import[39m[0m
[  75% ] [90m[1msavepack[22m | 正在保存文件：res://.godot/imported/field-smm-004.jpg-9f36d1be2ef7e7d85fb0b288dacca7d0.ctex[39m[0m
[  75% ] [90m[1msavepack[22m | 正在保存文件：res://recourse/数据库/field-smm-004.jpg.import[39m[0m
[  75% ] [90m[1msavepack[22m | 正在保存文件：res://.godot/imported/field-rei-013.jpg-5119207fdafee65960b83a6c611e76c9.ctex[39m[0m
[  75% ] [90m[1msavepack[22m | 正在保存文件：res://recourse/数据库/field-rei-013.jpg.import[39m[0m
[  75% ] [90m[1msavepack[22m | 正在保存文件：res://.godot/imported/field-rei-005.jpg-727ea8b4f810439e04c0cdeac56cd134.ctex[39m[0m
[  75% ] [90m[1msavepack[22m | 正在保存文件：res://recourse/数据库/field-rei-005.jpg.import[39m[0m
[  75% ] [90m[1msavepack[22m | 正在保存文件：res://.godot/imported/field-rei-004.jpg-8a6861517114966c49e651b9b691ab83.ctex[39m[0m
[  75% ] [90m[1msavepack[22m | 正在保存文件：res://recourse/数据库/field-rei-004.jpg.import[39m[0m
[  76% ] [90m[1msavepack[22m | 正在保存文件：res://.godot/imported/field-rei-003.jpg-6cb16e3c63e36021c3be8952836f16fd.ctex[39m[0m
[  76% ] [90m[1msavepack[22m | 正在保存文件：res://recourse/数据库/field-rei-003.jpg.import[39m[0m
[  76% ] [90m[1msavepack[22m | 正在保存文件：res://.godot/imported/field-mar-006.jpg-6acaf193770677e27182f0224ec5e9be.ctex[39m[0m
[  76% ] [90m[1msavepack[22m | 正在保存文件：res://recourse/数据库/field-mar-006.jpg.import[39m[0m
[  76% ] [90m[1msavepack[22m | 正在保存文件：res://.godot/imported/field-fdn-016.jpg-43f7ccd1bf30ad0922f7320a95a0cbaf.ctex[39m[0m
[  76% ] [90m[1msavepack[22m | 正在保存文件：res://recourse/数据库/field-fdn-016.jpg.import[39m[0m
[  76% ] [90m[1msavepack[22m | 正在保存文件：res://.godot/imported/field-fdf-108.jpg-e54b69cbf9adddd9bd01347a9ea05683.ctex[39m[0m
[  76% ] [90m[1msavepack[22m | 正在保存文件：res://recourse/数据库/field-fdf-108.jpg.import[39m[0m
[  76% ] [90m[1msavepack[22m | 正在保存文件：res://.godot/imported/field-fdf-107.jpg-49db1180226b9033ba995a209eecb2b5.ctex[39m[0m
[  76% ] [90m[1msavepack[22m | 正在保存文件：res://recourse/数据库/field-fdf-107.jpg.import[39m[0m
[  76% ] [90m[1msavepack[22m | 正在保存文件：res://.godot/imported/field-fdf-089.jpg-1fe3ecda9d933228833f4e2f8a928b52.ctex[39m[0m
[  76% ] [90m[1msavepack[22m | 正在保存文件：res://recourse/数据库/field-fdf-089.jpg.import[39m[0m
[  76% ] [90m[1msavepack[22m | 正在保存文件：res://.godot/imported/character-ucs-073.jpg-2072ecf037beb51053e7daff879831d0.ctex[39m[0m
[  76% ] [90m[1msavepack[22m | 正在保存文件：res://recourse/数据库/character-ucs-073.jpg.import[39m[0m
[  76% ] [90m[1msavepack[22m | 正在保存文件：res://.godot/imported/character-ucs-072.jpg-fae2e9490487176417a048be4219efa7.ctex[39m[0m
[  76% ] [90m[1msavepack[22m | 正在保存文件：res://recourse/数据库/character-ucs-072.jpg.import[39m[0m
[  76% ] [90m[1msavepack[22m | 正在保存文件：res://.godot/imported/character-ucs-071.jpg-7a86b57b93de958dd94dfe804012e206.ctex[39m[0m
[  76% ] [90m[1msavepack[22m | 正在保存文件：res://recourse/数据库/character-ucs-071.jpg.import[39m[0m
[  76% ] [90m[1msavepack[22m | 正在保存文件：res://.godot/imported/character-ucs-069.jpg-4dad4b9fdbef77a5fb86afa037081458.ctex[39m[0m
[  76% ] [90m[1msavepack[22m | 正在保存文件：res://recourse/数据库/character-ucs-069.jpg.import[39m[0m
[  77% ] [90m[1msavepack[22m | 正在保存文件：res://.godot/imported/character-ucs-068.jpg-5409abfc45471d0ddc111074c4488c2b.ctex[39m[0m
[  77% ] [90m[1msavepack[22m | 正在保存文件：res://recourse/数据库/character-ucs-068.jpg.import[39m[0m
[  77% ] [90m[1msavepack[22m | 正在保存文件：res://.godot/imported/character-ucs-067.jpg-1ae1d849f79ba50f792bc95bc85b16ba.ctex[39m[0m
[  77% ] [90m[1msavepack[22m | 正在保存文件：res://recourse/数据库/character-ucs-067.jpg.import[39m[0m
[  77% ] [90m[1msavepack[22m | 正在保存文件：res://.godot/imported/character-ucs-066.jpg-ddd52fd6c640aa4a43911f09cfa43ce0.ctex[39m[0m
[  77% ] [90m[1msavepack[22m | 正在保存文件：res://recourse/数据库/character-ucs-066.jpg.import[39m[0m
[  77% ] [90m[1msavepack[22m | 正在保存文件：res://.godot/imported/character-ucs-065.jpg-332c49086749fc689a36c116a92070bc.ctex[39m[0m
[  77% ] [90m[1msavepack[22m | 正在保存文件：res://recourse/数据库/character-ucs-065.jpg.import[39m[0m
[  77% ] [90m[1msavepack[22m | 正在保存文件：res://.godot/imported/character-ucs-063.jpg-0a99979d41932af733bb9834282bf561.ctex[39m[0m
[  77% ] [90m[1msavepack[22m | 正在保存文件：res://recourse/数据库/character-ucs-063.jpg.import[39m[0m
[  77% ] [90m[1msavepack[22m | 正在保存文件：res://.godot/imported/character-ucs-061.jpg-408de8ca4f6d1a195e7a787e0bdb4280.ctex[39m[0m
[  77% ] [90m[1msavepack[22m | 正在保存文件：res://recourse/数据库/character-ucs-061.jpg.import[39m[0m
[  77% ] [90m[1msavepack[22m | 正在保存文件：res://.godot/imported/1.png-5c2e9ceee4975c07f2aa422fa316b8b9.ctex[39m[0m
[  77% ] [90m[1msavepack[22m | 正在保存文件：res://recourse/数据库/1.png.import[39m[0m
[  77% ] [90m[1msavepack[22m | 正在保存文件：res://.godot/imported/2.png-c65295b91fb2fa04e659ae7d0a594290.ctex[39m[0m
[  77% ] [90m[1msavepack[22m | 正在保存文件：res://recourse/数据库/2.png.import[39m[0m
[  77% ] [90m[1msavepack[22m | 正在保存文件：res://.godot/imported/3.png-2a65c246ce86d9d8a0cf35769a92f157.ctex[39m[0m
[  77% ] [90m[1msavepack[22m | 正在保存文件：res://recourse/数据库/3.png.import[39m[0m
[  77% ] [90m[1msavepack[22m | 正在保存文件：res://.godot/imported/5.png-88f700d482006fcd91aac4e03572bc4b.ctex[39m[0m
[  77% ] [90m[1msavepack[22m | 正在保存文件：res://recourse/数据库/5.png.import[39m[0m
[  78% ] [90m[1msavepack[22m | 正在保存文件：res://.godot/imported/6.png-91c816e03687d7095868caced580571e.ctex[39m[0m
[  78% ] [90m[1msavepack[22m | 正在保存文件：res://recourse/数据库/6.png.import[39m[0m
[  78% ] [90m[1msavepack[22m | 正在保存文件：res://.godot/imported/7.png-a2aa48431c39c4567a013e1a88574c3f.ctex[39m[0m
[  78% ] [90m[1msavepack[22m | 正在保存文件：res://recourse/数据库/7.png.import[39m[0m
[  78% ] [90m[1msavepack[22m | 正在保存文件：res://.godot/imported/8.png-8c05b002d46709f33451354ce5f4cfa5.ctex[39m[0m
[  78% ] [90m[1msavepack[22m | 正在保存文件：res://recourse/数据库/8.png.import[39m[0m
[  78% ] [90m[1msavepack[22m | 正在保存文件：res://.godot/imported/9.png-6416319e93671db545874429d477431a.ctex[39m[0m
[  78% ] [90m[1msavepack[22m | 正在保存文件：res://recourse/数据库/9.png.import[39m[0m
[  78% ] [90m[1msavepack[22m | 正在保存文件：res://.godot/imported/11.png-0a1339fe2668633aa5bf140a0720fa46.ctex[39m[0m
[  78% ] [90m[1msavepack[22m | 正在保存文件：res://recourse/数据库/11.png.import[39m[0m
[  78% ] [90m[1msavepack[22m | 正在保存文件：res://.godot/imported/12.png-5787105584a488c5d575cd05ff0238e0.ctex[39m[0m
[  78% ] [90m[1msavepack[22m | 正在保存文件：res://recourse/数据库/12.png.import[39m[0m
[  78% ] [90m[1msavepack[22m | 正在保存文件：res://.godot/imported/13.png-2a27501447b4c6b0ad5d39e126f3234d.ctex[39m[0m
[  78% ] [90m[1msavepack[22m | 正在保存文件：res://recourse/数据库/13.png.import[39m[0m
[  78% ] [90m[1msavepack[22m | 正在保存文件：res://.godot/imported/14.png-8c554ceefec975aa2cef87ba87c12039.ctex[39m[0m
[  78% ] [90m[1msavepack[22m | 正在保存文件：res://recourse/数据库/14.png.import[39m[0m
[  78% ] [90m[1msavepack[22m | 正在保存文件：res://.godot/imported/15.png-006d1690325a80e12e4c811eaaafd40f.ctex[39m[0m
[  78% ] [90m[1msavepack[22m | 正在保存文件：res://recourse/数据库/15.png.import[39m[0m
[  78% ] [90m[1msavepack[22m | 正在保存文件：res://.godot/imported/17.png-37f41a23a248a7fc60db25f57b982b52.ctex[39m[0m
[  78% ] [90m[1msavepack[22m | 正在保存文件：res://recourse/数据库/17.png.import[39m[0m
[  79% ] [90m[1msavepack[22m | 正在保存文件：res://.godot/imported/18.png-2678b2527199536b63bcfe2683e1255a.ctex[39m[0m
[  79% ] [90m[1msavepack[22m | 正在保存文件：res://recourse/数据库/18.png.import[39m[0m
[  79% ] [90m[1msavepack[22m | 正在保存文件：res://.godot/imported/19.png-df779dd3c36d04dd6b31cc04e229bc67.ctex[39m[0m
[  79% ] [90m[1msavepack[22m | 正在保存文件：res://recourse/数据库/19.png.import[39m[0m
[  79% ] [90m[1msavepack[22m | 正在保存文件：res://.godot/imported/21.png-648ac92e8fff81661ef7500794973494.ctex[39m[0m
[  79% ] [90m[1msavepack[22m | 正在保存文件：res://recourse/数据库/21.png.import[39m[0m
[  79% ] [90m[1msavepack[22m | 正在保存文件：res://.godot/imported/22.png-2c80eff8663eaa0672e8bd662db33f2d.ctex[39m[0m
[  79% ] [90m[1msavepack[22m | 正在保存文件：res://recourse/数据库/22.png.import[39m[0m
[  79% ] [90m[1msavepack[22m | 正在保存文件：res://.godot/imported/23.png-9c23364ed7559690638d1420b3a3c3da.ctex[39m[0m
[  79% ] [90m[1msavepack[22m | 正在保存文件：res://recourse/数据库/23.png.import[39m[0m
[  79% ] [90m[1msavepack[22m | 正在保存文件：res://.godot/imported/24.png-43f0ff30c9c9b4a3a51e11491dd7fe3b.ctex[39m[0m
[  79% ] [90m[1msavepack[22m | 正在保存文件：res://recourse/数据库/24.png.import[39m[0m
[  79% ] [90m[1msavepack[22m | 正在保存文件：res://.godot/imported/25.png-9a661424b282ccbd80f8a9992a19c0a0.ctex[39m[0m
[  79% ] [90m[1msavepack[22m | 正在保存文件：res://recourse/数据库/25.png.import[39m[0m
[  79% ] [90m[1msavepack[22m | 正在保存文件：res://.godot/imported/26.png-c7fcddf8d6c69b9757f8b9adf8c220d3.ctex[39m[0m
[  79% ] [90m[1msavepack[22m | 正在保存文件：res://recourse/数据库/26.png.import[39m[0m
[  79% ] [90m[1msavepack[22m | 正在保存文件：res://.godot/imported/27.png-ff099a9a9a7b5af839de19558c65bb26.ctex[39m[0m
[  79% ] [90m[1msavepack[22m | 正在保存文件：res://recourse/数据库/27.png.import[39m[0m
[  79% ] [90m[1msavepack[22m | 正在保存文件：res://.godot/imported/28.png-d70c3d73c59db3d736e74d6585be9065.ctex[39m[0m
[  79% ] [90m[1msavepack[22m | 正在保存文件：res://recourse/数据库/28.png.import[39m[0m
[  80% ] [90m[1msavepack[22m | 正在保存文件：res://.godot/imported/29.png-ed0062e1082d19db06e65b3fc40762fd.ctex[39m[0m
[  80% ] [90m[1msavepack[22m | 正在保存文件：res://recourse/数据库/29.png.import[39m[0m
[  80% ] [90m[1msavepack[22m | 正在保存文件：res://.godot/imported/30.png-d791c6d5f06b1acfc922a55acfa2facf.ctex[39m[0m
[  80% ] [90m[1msavepack[22m | 正在保存文件：res://recourse/数据库/30.png.import[39m[0m
[  80% ] [90m[1msavepack[22m | 正在保存文件：res://.godot/imported/31.png-1a5dd123424f4cbbb2937e9330b8cf6e.ctex[39m[0m
[  80% ] [90m[1msavepack[22m | 正在保存文件：res://recourse/数据库/31.png.import[39m[0m
[  80% ] [90m[1msavepack[22m | 正在保存文件：res://.godot/imported/32.png-4581b0e8bdbd128013c6b59e0a50374b.ctex[39m[0m
[  80% ] [90m[1msavepack[22m | 正在保存文件：res://recourse/数据库/32.png.import[39m[0m
[  80% ] [90m[1msavepack[22m | 正在保存文件：res://.godot/imported/33.png-402a95a9f7a587558095112b35a12a67.ctex[39m[0m
[  80% ] [90m[1msavepack[22m | 正在保存文件：res://recourse/数据库/33.png.import[39m[0m
[  80% ] [90m[1msavepack[22m | 正在保存文件：res://.godot/imported/34.png-48d42c8c4c8e3f31ea8920cba0ded776.ctex[39m[0m
[  80% ] [90m[1msavepack[22m | 正在保存文件：res://recourse/数据库/34.png.import[39m[0m
[  80% ] [90m[1msavepack[22m | 正在保存文件：res://.godot/imported/35.png-29ec545791149fdb7cd5355ff1dd5ef8.ctex[39m[0m
[  80% ] [90m[1msavepack[22m | 正在保存文件：res://recourse/数据库/35.png.import[39m[0m
[  80% ] [90m[1msavepack[22m | 正在保存文件：res://.godot/imported/38.png-cbba065db51b2e9ba44d16a7eca534ad.ctex[39m[0m
[  80% ] [90m[1msavepack[22m | 正在保存文件：res://recourse/数据库/38.png.import[39m[0m
[  80% ] [90m[1msavepack[22m | 正在保存文件：res://.godot/imported/39.png-378ec8ad7750e2d25d5fb3eacf29001b.ctex[39m[0m
[  80% ] [90m[1msavepack[22m | 正在保存文件：res://recourse/数据库/39.png.import[39m[0m
[  80% ] [90m[1msavepack[22m | 正在保存文件：res://.godot/imported/41.png-a399e78af84d9c23e9ebf12b3a8e9509.ctex[39m[0m
[  80% ] [90m[1msavepack[22m | 正在保存文件：res://recourse/数据库/41.png.import[39m[0m
[  80% ] [90m[1msavepack[22m | 正在保存文件：res://.godot/imported/42.png-e3ac279596effa9c955463cbb65d2d42.ctex[39m[0m
[  80% ] [90m[1msavepack[22m | 正在保存文件：res://recourse/数据库/42.png.import[39m[0m
[  81% ] [90m[1msavepack[22m | 正在保存文件：res://.godot/imported/43.png-15803ff8415249b7514818bdba1db4c8.ctex[39m[0m
[  81% ] [90m[1msavepack[22m | 正在保存文件：res://recourse/数据库/43.png.import[39m[0m
[  81% ] [90m[1msavepack[22m | 正在保存文件：res://.godot/imported/44.png-1a3e1bdf02ff51b1c0cbb41f82667a0c.ctex[39m[0m
[  81% ] [90m[1msavepack[22m | 正在保存文件：res://recourse/数据库/44.png.import[39m[0m
[  81% ] [90m[1msavepack[22m | 正在保存文件：res://.godot/imported/45.png-8326189a1b7b80899bcbc28d1e007357.ctex[39m[0m
[  81% ] [90m[1msavepack[22m | 正在保存文件：res://recourse/数据库/45.png.import[39m[0m
[  81% ] [90m[1msavepack[22m | 正在保存文件：res://.godot/imported/46.jpeg-1748b6b2aab23fe95517683ae99249e7.ctex[39m[0m
[  81% ] [90m[1msavepack[22m | 正在保存文件：res://recourse/数据库/46.jpeg.import[39m[0m
[  81% ] [90m[1msavepack[22m | 正在保存文件：res://.godot/imported/47.png-ee410c9c40fd4b1bd5cdcecb586325b3.ctex[39m[0m
[  81% ] [90m[1msavepack[22m | 正在保存文件：res://recourse/数据库/47.png.import[39m[0m
[  81% ] [90m[1msavepack[22m | 正在保存文件：res://.godot/imported/48.png-a0e0e1eeedb739de2a1f465fe5d1baa3.ctex[39m[0m
[  81% ] [90m[1msavepack[22m | 正在保存文件：res://recourse/数据库/48.png.import[39m[0m
[  81% ] [90m[1msavepack[22m | 正在保存文件：res://.godot/imported/49.png-4a96543f959e0e351da355648af7417e.ctex[39m[0m
[  81% ] [90m[1msavepack[22m | 正在保存文件：res://recourse/数据库/49.png.import[39m[0m
[  81% ] [90m[1msavepack[22m | 正在保存文件：res://.godot/imported/50.png-26bfa3f7b8e2e5d248343541f0daec94.ctex[39m[0m
[  81% ] [90m[1msavepack[22m | 正在保存文件：res://recourse/数据库/50.png.import[39m[0m
[  81% ] [90m[1msavepack[22m | 正在保存文件：res://.godot/imported/51.png-2d3a779874ec3966ff40f436dbd0ba4a.ctex[39m[0m
[  81% ] [90m[1msavepack[22m | 正在保存文件：res://recourse/数据库/51.png.import[39m[0m
[  81% ] [90m[1msavepack[22m | 正在保存文件：res://.godot/imported/52.png-ec175bbf90d5de1fbc398648b3a5915e.ctex[39m[0m
[  81% ] [90m[1msavepack[22m | 正在保存文件：res://recourse/数据库/52.png.import[39m[0m
[  82% ] [90m[1msavepack[22m | 正在保存文件：res://.godot/imported/53.png-647c921e9522113910ecd87f710b59da.ctex[39m[0m
[  82% ] [90m[1msavepack[22m | 正在保存文件：res://recourse/数据库/53.png.import[39m[0m
[  82% ] [90m[1msavepack[22m | 正在保存文件：res://.godot/imported/54.png-76acaad21b7e354c1ca531c2132ed291.ctex[39m[0m
[  82% ] [90m[1msavepack[22m | 正在保存文件：res://recourse/数据库/54.png.import[39m[0m
[  82% ] [90m[1msavepack[22m | 正在保存文件：res://.godot/imported/55.png-f44019ce4e3693b53bbe7368da76abbb.ctex[39m[0m
[  82% ] [90m[1msavepack[22m | 正在保存文件：res://recourse/数据库/55.png.import[39m[0m
[  82% ] [90m[1msavepack[22m | 正在保存文件：res://.godot/imported/56.png-8805a511920f90b6a5aa9a454f099e53.ctex[39m[0m
[  82% ] [90m[1msavepack[22m | 正在保存文件：res://recourse/数据库/56.png.import[39m[0m
[  82% ] [90m[1msavepack[22m | 正在保存文件：res://.godot/imported/57.png-ac5fe515cd1b59429b2c2be6376f1a3c.ctex[39m[0m
[  82% ] [90m[1msavepack[22m | 正在保存文件：res://recourse/数据库/57.png.import[39m[0m
[  82% ] [90m[1msavepack[22m | 正在保存文件：res://.godot/imported/58.png-19fb61409803b15e0034a6247ddf0310.ctex[39m[0m
[  82% ] [90m[1msavepack[22m | 正在保存文件：res://recourse/数据库/58.png.import[39m[0m
[  82% ] [90m[1msavepack[22m | 正在保存文件：res://.godot/imported/59.png-9251899e0318194acebd37f6c74fe974.ctex[39m[0m
[  82% ] [90m[1msavepack[22m | 正在保存文件：res://recourse/数据库/59.png.import[39m[0m
[  82% ] [90m[1msavepack[22m | 正在保存文件：res://.godot/imported/60.png-058816207138ba37f04049ae2b03c2d5.ctex[39m[0m
[  82% ] [90m[1msavepack[22m | 正在保存文件：res://recourse/数据库/60.png.import[39m[0m
[  82% ] [90m[1msavepack[22m | 正在保存文件：res://.godot/imported/61.png-1bb72cf09121ddb5de6f8cf918ae9705.ctex[39m[0m
[  82% ] [90m[1msavepack[22m | 正在保存文件：res://recourse/数据库/61.png.import[39m[0m
[  82% ] [90m[1msavepack[22m | 正在保存文件：res://.godot/imported/62.png-09dbe4508ac9c82496bbe3e559d9f1b7.ctex[39m[0m
[  82% ] [90m[1msavepack[22m | 正在保存文件：res://recourse/数据库/62.png.import[39m[0m
[  83% ] [90m[1msavepack[22m | 正在保存文件：res://.godot/imported/63.png-6f31b7277bbd3b182e0871899c2a539e.ctex[39m[0m
[  83% ] [90m[1msavepack[22m | 正在保存文件：res://recourse/数据库/63.png.import[39m[0m
[  83% ] [90m[1msavepack[22m | 正在保存文件：res://.godot/imported/64.png-317ba1a38d3050c84d1c35abcb5d9930.ctex[39m[0m
[  83% ] [90m[1msavepack[22m | 正在保存文件：res://recourse/数据库/64.png.import[39m[0m
[  83% ] [90m[1msavepack[22m | 正在保存文件：res://.godot/imported/66.png-337d2581c5ac246a330471f5615f7952.ctex[39m[0m
[  83% ] [90m[1msavepack[22m | 正在保存文件：res://recourse/数据库/66.png.import[39m[0m
[  83% ] [90m[1msavepack[22m | 正在保存文件：res://.godot/imported/67.png-e9107125e0478628fd99ac3ea30d63d9.ctex[39m[0m
[  83% ] [90m[1msavepack[22m | 正在保存文件：res://recourse/数据库/67.png.import[39m[0m
[  83% ] [90m[1msavepack[22m | 正在保存文件：res://.godot/imported/68.png-d8dad8d94df267bbbedfba80365f1ef9.ctex[39m[0m
[  83% ] [90m[1msavepack[22m | 正在保存文件：res://recourse/数据库/68.png.import[39m[0m
[  83% ] [90m[1msavepack[22m | 正在保存文件：res://.godot/imported/70.png-7c1676cdef234c788f2cdefa833959f7.ctex[39m[0m
[  83% ] [90m[1msavepack[22m | 正在保存文件：res://recourse/数据库/70.png.import[39m[0m
[  83% ] [90m[1msavepack[22m | 正在保存文件：res://.godot/imported/71.png-714107b21722713806d2f635b3eda670.ctex[39m[0m
[  83% ] [90m[1msavepack[22m | 正在保存文件：res://recourse/数据库/71.png.import[39m[0m
[  83% ] [90m[1msavepack[22m | 正在保存文件：res://.godot/imported/73.png-6f4503c3e5f2646b7297fd48dc4fd686.ctex[39m[0m
[  83% ] [90m[1msavepack[22m | 正在保存文件：res://recourse/数据库/73.png.import[39m[0m
[  83% ] [90m[1msavepack[22m | 正在保存文件：res://.godot/imported/74.png-e4dd49f97f14edfac9cb58b05c5fc060.ctex[39m[0m
[  83% ] [90m[1msavepack[22m | 正在保存文件：res://recourse/数据库/74.png.import[39m[0m
[  83% ] [90m[1msavepack[22m | 正在保存文件：res://.godot/imported/75.png-15be37cc3b784bf09b2e28b89674368d.ctex[39m[0m
[  83% ] [90m[1msavepack[22m | 正在保存文件：res://recourse/数据库/75.png.import[39m[0m
[  84% ] [90m[1msavepack[22m | 正在保存文件：res://.godot/imported/76.png-1cb512cf1148fb80674d647ca6918aa1.ctex[39m[0m
[  84% ] [90m[1msavepack[22m | 正在保存文件：res://recourse/数据库/76.png.import[39m[0m
[  84% ] [90m[1msavepack[22m | 正在保存文件：res://.godot/imported/77.png-fabc11d24c6f4c34029a6b378b460f83.ctex[39m[0m
[  84% ] [90m[1msavepack[22m | 正在保存文件：res://recourse/数据库/77.png.import[39m[0m
[  84% ] [90m[1msavepack[22m | 正在保存文件：res://.godot/imported/78.png-8f8afc7c2a53a0da67e4fd704dad85a5.ctex[39m[0m
[  84% ] [90m[1msavepack[22m | 正在保存文件：res://recourse/数据库/78.png.import[39m[0m
[  84% ] [90m[1msavepack[22m | 正在保存文件：res://.godot/imported/79.png-c9d7436b1221b578c0d37ced5d8cec8b.ctex[39m[0m
[  84% ] [90m[1msavepack[22m | 正在保存文件：res://recourse/数据库/79.png.import[39m[0m
[  84% ] [90m[1msavepack[22m | 正在保存文件：res://.godot/imported/80.png-6ffad387bcfde5457ef8d0c0c31cef00.ctex[39m[0m
[  84% ] [90m[1msavepack[22m | 正在保存文件：res://recourse/数据库/80.png.import[39m[0m
[  84% ] [90m[1msavepack[22m | 正在保存文件：res://.godot/imported/82.png-eccea0b94574bd2e0b3352ee932a5415.ctex[39m[0m
[  84% ] [90m[1msavepack[22m | 正在保存文件：res://recourse/数据库/82.png.import[39m[0m
[  84% ] [90m[1msavepack[22m | 正在保存文件：res://.godot/imported/85.png-7cd6b16a94b1a75e978e88bd1b85aaf7.ctex[39m[0m
[  84% ] [90m[1msavepack[22m | 正在保存文件：res://recourse/数据库/85.png.import[39m[0m
[  84% ] [90m[1msavepack[22m | 正在保存文件：res://.godot/imported/86.png-b3334fd8c297d5bc060dafc893bcea6c.ctex[39m[0m
[  84% ] [90m[1msavepack[22m | 正在保存文件：res://recourse/数据库/86.png.import[39m[0m
[  84% ] [90m[1msavepack[22m | 正在保存文件：res://.godot/imported/87.png-621f65da86c1f7cdaa64582b9c73412d.ctex[39m[0m
[  84% ] [90m[1msavepack[22m | 正在保存文件：res://recourse/数据库/87.png.import[39m[0m
[  84% ] [90m[1msavepack[22m | 正在保存文件：res://.godot/imported/90.png-0466896b644073110084881eaf80dd17.ctex[39m[0m
[  84% ] [90m[1msavepack[22m | 正在保存文件：res://recourse/数据库/90.png.import[39m[0m
[  85% ] [90m[1msavepack[22m | 正在保存文件：res://.godot/imported/91.png-dd888fda40e37204c462030e43a65c50.ctex[39m[0m
[  85% ] [90m[1msavepack[22m | 正在保存文件：res://recourse/数据库/91.png.import[39m[0m
[  85% ] [90m[1msavepack[22m | 正在保存文件：res://.godot/imported/93.png-2e877793ffe0c1582e2dbe2f96b08056.ctex[39m[0m
[  85% ] [90m[1msavepack[22m | 正在保存文件：res://recourse/数据库/93.png.import[39m[0m
[  85% ] [90m[1msavepack[22m | 正在保存文件：res://.godot/imported/94.png-f3089d09249c302dfa1a233865a7e774.ctex[39m[0m
[  85% ] [90m[1msavepack[22m | 正在保存文件：res://recourse/数据库/94.png.import[39m[0m
[  85% ] [90m[1msavepack[22m | 正在保存文件：res://.godot/imported/96.png-baa5ae03eeb8c103916499fcbf2a389a.ctex[39m[0m
[  85% ] [90m[1msavepack[22m | 正在保存文件：res://recourse/数据库/96.png.import[39m[0m
[  85% ] [90m[1msavepack[22m | 正在保存文件：res://.godot/imported/97.png-33e3933af76728936b2cafc192034fca.ctex[39m[0m
[  85% ] [90m[1msavepack[22m | 正在保存文件：res://recourse/数据库/97.png.import[39m[0m
[  85% ] [90m[1msavepack[22m | 正在保存文件：res://.godot/imported/98.png-d51af0a0b73122adf5968179eb6531fb.ctex[39m[0m
[  85% ] [90m[1msavepack[22m | 正在保存文件：res://recourse/数据库/98.png.import[39m[0m
[  85% ] [90m[1msavepack[22m | 正在保存文件：res://.godot/imported/99.png-e0e1dabda64bd61f54323b9eca4d7b5f.ctex[39m[0m
[  85% ] [90m[1msavepack[22m | 正在保存文件：res://recourse/数据库/99.png.import[39m[0m
[  85% ] [90m[1msavepack[22m | 正在保存文件：res://.godot/imported/100.png-67b6579d187c8fe7de9607745790122c.ctex[39m[0m
[  85% ] [90m[1msavepack[22m | 正在保存文件：res://recourse/数据库/100.png.import[39m[0m
[  85% ] [90m[1msavepack[22m | 正在保存文件：res://.godot/imported/101.png-9f9c4a2c0c6b7bdbde634a5312969682.ctex[39m[0m
[  85% ] [90m[1msavepack[22m | 正在保存文件：res://recourse/数据库/101.png.import[39m[0m
[  85% ] [90m[1msavepack[22m | 正在保存文件：res://.godot/imported/102.png-04189b00d573fce0f10d8482a15399b4.ctex[39m[0m
[  85% ] [90m[1msavepack[22m | 正在保存文件：res://recourse/数据库/102.png.import[39m[0m
[  86% ] [90m[1msavepack[22m | 正在保存文件：res://.godot/imported/103.png-0125439d1c7616fabd0ce0584b4da6ae.ctex[39m[0m
[  86% ] [90m[1msavepack[22m | 正在保存文件：res://recourse/数据库/103.png.import[39m[0m
[  86% ] [90m[1msavepack[22m | 正在保存文件：res://.godot/imported/104.png-c301c91d98b0c7657925350f31460278.ctex[39m[0m
[  86% ] [90m[1msavepack[22m | 正在保存文件：res://recourse/数据库/104.png.import[39m[0m
[  86% ] [90m[1msavepack[22m | 正在保存文件：res://.godot/imported/105.png-2650a8ceccd2208fc549792d79f416d2.ctex[39m[0m
[  86% ] [90m[1msavepack[22m | 正在保存文件：res://recourse/数据库/105.png.import[39m[0m
[  86% ] [90m[1msavepack[22m | 正在保存文件：res://.godot/imported/106.png-ef5efc5dbeca92ed4a945f4076fac8d5.ctex[39m[0m
[  86% ] [90m[1msavepack[22m | 正在保存文件：res://recourse/数据库/106.png.import[39m[0m
[  86% ] [90m[1msavepack[22m | 正在保存文件：res://.godot/imported/107.png-f91553544fca7bbd3d5ad854af4f7c6e.ctex[39m[0m
[  86% ] [90m[1msavepack[22m | 正在保存文件：res://recourse/数据库/107.png.import[39m[0m
[  86% ] [90m[1msavepack[22m | 正在保存文件：res://.godot/imported/109.png-fca7565512cbde760cfa3687aff6612a.ctex[39m[0m
[  86% ] [90m[1msavepack[22m | 正在保存文件：res://recourse/数据库/109.png.import[39m[0m
[  86% ] [90m[1msavepack[22m | 正在保存文件：res://.godot/imported/110.png-69899cb2f6f142a2b6526c6e6d652340.ctex[39m[0m
[  86% ] [90m[1msavepack[22m | 正在保存文件：res://recourse/数据库/110.png.import[39m[0m
[  86% ] [90m[1msavepack[22m | 正在保存文件：res://.godot/imported/111.png-cfd9bf6ec71c94340f0eb60b56dea9b7.ctex[39m[0m
[  86% ] [90m[1msavepack[22m | 正在保存文件：res://recourse/数据库/111.png.import[39m[0m
[  86% ] [90m[1msavepack[22m | 正在保存文件：res://.godot/imported/112.png-330e60c651e8c6225b1eea5fbe3821c7.ctex[39m[0m
[  86% ] [90m[1msavepack[22m | 正在保存文件：res://recourse/数据库/112.png.import[39m[0m
[  86% ] [90m[1msavepack[22m | 正在保存文件：res://.godot/imported/113.png-74221a70dbf62c390bd83e0edf163d87.ctex[39m[0m
[  86% ] [90m[1msavepack[22m | 正在保存文件：res://recourse/数据库/113.png.import[39m[0m
[  86% ] [90m[1msavepack[22m | 正在保存文件：res://.godot/imported/114.png-ebe13e2f63ee4e22712da3ae37b27b6f.ctex[39m[0m
[  86% ] [90m[1msavepack[22m | 正在保存文件：res://recourse/数据库/114.png.import[39m[0m
[  87% ] [90m[1msavepack[22m | 正在保存文件：res://.godot/imported/116.png-70cc6f91df0c515e5dd38509baffe8f5.ctex[39m[0m
[  87% ] [90m[1msavepack[22m | 正在保存文件：res://recourse/数据库/116.png.import[39m[0m
[  87% ] [90m[1msavepack[22m | 正在保存文件：res://.godot/imported/118.png-9c31cbf8403415c1c0d62dd660508ce3.ctex[39m[0m
[  87% ] [90m[1msavepack[22m | 正在保存文件：res://recourse/数据库/118.png.import[39m[0m
[  87% ] [90m[1msavepack[22m | 正在保存文件：res://.godot/imported/119.png-8c66ec6733920c64a185a56a709e693d.ctex[39m[0m
[  87% ] [90m[1msavepack[22m | 正在保存文件：res://recourse/数据库/119.png.import[39m[0m
[  87% ] [90m[1msavepack[22m | 正在保存文件：res://.godot/imported/120.png-d97ff6d4e24574b279255f08c0b4860b.ctex[39m[0m
[  87% ] [90m[1msavepack[22m | 正在保存文件：res://recourse/数据库/120.png.import[39m[0m
[  87% ] [90m[1msavepack[22m | 正在保存文件：res://.godot/imported/121.png-b45cf32b929398eaca3674fd36519957.ctex[39m[0m
[  87% ] [90m[1msavepack[22m | 正在保存文件：res://recourse/数据库/121.png.import[39m[0m
[  87% ] [90m[1msavepack[22m | 正在保存文件：res://.godot/imported/122.png-7965e45e1543f0df1365782105dcdf7b.ctex[39m[0m
[  87% ] [90m[1msavepack[22m | 正在保存文件：res://recourse/数据库/122.png.import[39m[0m
[  87% ] [90m[1msavepack[22m | 正在保存文件：res://.godot/imported/123.png-eab2ff708f1980e98f4d60d536024050.ctex[39m[0m
[  87% ] [90m[1msavepack[22m | 正在保存文件：res://recourse/数据库/123.png.import[39m[0m
[  87% ] [90m[1msavepack[22m | 正在保存文件：res://.godot/imported/124.png-44c2719fc5f1299dd200a7c0a7a3bea9.ctex[39m[0m
[  87% ] [90m[1msavepack[22m | 正在保存文件：res://recourse/数据库/124.png.import[39m[0m
[  87% ] [90m[1msavepack[22m | 正在保存文件：res://.godot/imported/125.png-445d4f8ce7ef8c649a8fbbcc380744f5.ctex[39m[0m
[  87% ] [90m[1msavepack[22m | 正在保存文件：res://recourse/数据库/125.png.import[39m[0m
[  87% ] [90m[1msavepack[22m | 正在保存文件：res://.godot/imported/126.png-fad8ecdb8e154f4f609bf4bcd1a8600b.ctex[39m[0m
[  87% ] [90m[1msavepack[22m | 正在保存文件：res://recourse/数据库/126.png.import[39m[0m
[  88% ] [90m[1msavepack[22m | 正在保存文件：res://.godot/imported/127.png-a1eb41b77ccab9bf9814a7bc530bc598.ctex[39m[0m
[  88% ] [90m[1msavepack[22m | 正在保存文件：res://recourse/数据库/127.png.import[39m[0m
[  88% ] [90m[1msavepack[22m | 正在保存文件：res://.godot/imported/128.png-e4d2004a2d3e37147df99b162a93d157.ctex[39m[0m
[  88% ] [90m[1msavepack[22m | 正在保存文件：res://recourse/数据库/128.png.import[39m[0m
[  88% ] [90m[1msavepack[22m | 正在保存文件：res://.godot/imported/129.png-71f61f989d5cbd9eb1ad4f7b3d412a64.ctex[39m[0m
[  88% ] [90m[1msavepack[22m | 正在保存文件：res://recourse/数据库/129.png.import[39m[0m
[  88% ] [90m[1msavepack[22m | 正在保存文件：res://.godot/imported/130.png-0b4e25254030fe2b9c5470da2a3eb503.ctex[39m[0m
[  88% ] [90m[1msavepack[22m | 正在保存文件：res://recourse/数据库/130.png.import[39m[0m
[  88% ] [90m[1msavepack[22m | 正在保存文件：res://.godot/imported/131.png-57437631f5a383ae6302647680085adb.ctex[39m[0m
[  88% ] [90m[1msavepack[22m | 正在保存文件：res://recourse/数据库/131.png.import[39m[0m
[  88% ] [90m[1msavepack[22m | 正在保存文件：res://.godot/imported/132.png-9d3a78437d28df567b0737056375193e.ctex[39m[0m
[  88% ] [90m[1msavepack[22m | 正在保存文件：res://recourse/数据库/132.png.import[39m[0m
[  88% ] [90m[1msavepack[22m | 正在保存文件：res://.godot/imported/133.png-5ea6c77bd6254c6dc99dc24e100c9b4c.ctex[39m[0m
[  88% ] [90m[1msavepack[22m | 正在保存文件：res://recourse/数据库/133.png.import[39m[0m
[  88% ] [90m[1msavepack[22m | 正在保存文件：res://.godot/imported/134.png-4c88e6779d957cc16305712a13251923.ctex[39m[0m
[  88% ] [90m[1msavepack[22m | 正在保存文件：res://recourse/数据库/134.png.import[39m[0m
[  88% ] [90m[1msavepack[22m | 正在保存文件：res://.godot/imported/135.png-d41a393e7bae736138ec34232c24bf0f.ctex[39m[0m
[  88% ] [90m[1msavepack[22m | 正在保存文件：res://recourse/数据库/135.png.import[39m[0m
[  88% ] [90m[1msavepack[22m | 正在保存文件：res://.godot/imported/136.png-eecccdce576b4b0bf2fb6c9160e0d1ca.ctex[39m[0m
[  88% ] [90m[1msavepack[22m | 正在保存文件：res://recourse/数据库/136.png.import[39m[0m
[  89% ] [90m[1msavepack[22m | 正在保存文件：res://.godot/imported/137.png-d2e03c16ed187bbf5d0bf5a48cb04747.ctex[39m[0m
[  89% ] [90m[1msavepack[22m | 正在保存文件：res://recourse/数据库/137.png.import[39m[0m
[  89% ] [90m[1msavepack[22m | 正在保存文件：res://.godot/imported/138.png-8c8569f9531c5171f7be9eba5b7212df.ctex[39m[0m
[  89% ] [90m[1msavepack[22m | 正在保存文件：res://recourse/数据库/138.png.import[39m[0m
[  89% ] [90m[1msavepack[22m | 正在保存文件：res://.godot/imported/139.png-d3d85ec2815e57ada45e76b0ee0373a2.ctex[39m[0m
[  89% ] [90m[1msavepack[22m | 正在保存文件：res://recourse/数据库/139.png.import[39m[0m
[  89% ] [90m[1msavepack[22m | 正在保存文件：res://.godot/imported/140.png-62d0a8b03603f1777c6f92af668b8479.ctex[39m[0m
[  89% ] [90m[1msavepack[22m | 正在保存文件：res://recourse/数据库/140.png.import[39m[0m
[  89% ] [90m[1msavepack[22m | 正在保存文件：res://.godot/imported/141.png-adbd58011a09dd4236f6e53796a65b56.ctex[39m[0m
[  89% ] [90m[1msavepack[22m | 正在保存文件：res://recourse/数据库/141.png.import[39m[0m
[  89% ] [90m[1msavepack[22m | 正在保存文件：res://.godot/imported/142.png-9a659aa62af7d76d67bf8d38671d56a5.ctex[39m[0m
[  89% ] [90m[1msavepack[22m | 正在保存文件：res://recourse/数据库/142.png.import[39m[0m
[  89% ] [90m[1msavepack[22m | 正在保存文件：res://.godot/imported/143.png-80baaf3a8c0a444a14815e3f32a8f93f.ctex[39m[0m
[  89% ] [90m[1msavepack[22m | 正在保存文件：res://recourse/数据库/143.png.import[39m[0m
[  89% ] [90m[1msavepack[22m | 正在保存文件：res://.godot/imported/144.png-89a0433dbc846d26e61ebfed0c305244.ctex[39m[0m
[  89% ] [90m[1msavepack[22m | 正在保存文件：res://recourse/数据库/144.png.import[39m[0m
[  89% ] [90m[1msavepack[22m | 正在保存文件：res://.godot/imported/145.png-bd55cb372740dc7dc342e1ba0a559cae.ctex[39m[0m
[  89% ] [90m[1msavepack[22m | 正在保存文件：res://recourse/数据库/145.png.import[39m[0m
[  89% ] [90m[1msavepack[22m | 正在保存文件：res://.godot/imported/146.png-927b32594e840c1e70797b81a8b48de5.ctex[39m[0m
[  89% ] [90m[1msavepack[22m | 正在保存文件：res://recourse/数据库/146.png.import[39m[0m
[  90% ] [90m[1msavepack[22m | 正在保存文件：res://.godot/imported/147.png-079f2fbeb66a8a64d8d80096df917c08.ctex[39m[0m
[  90% ] [90m[1msavepack[22m | 正在保存文件：res://recourse/数据库/147.png.import[39m[0m
[  90% ] [90m[1msavepack[22m | 正在保存文件：res://.godot/imported/148.png-eb0b4d8f65ef533f4a6ad6adbc43ceac.ctex[39m[0m
[  90% ] [90m[1msavepack[22m | 正在保存文件：res://recourse/数据库/148.png.import[39m[0m
[  90% ] [90m[1msavepack[22m | 正在保存文件：res://.godot/imported/149.png-d181f4a3474d6daa9044920a51921ab4.ctex[39m[0m
[  90% ] [90m[1msavepack[22m | 正在保存文件：res://recourse/数据库/149.png.import[39m[0m
[  90% ] [90m[1msavepack[22m | 正在保存文件：res://.godot/imported/150.png-478a47a3b50e66a0d37d9e9106d9ceaa.ctex[39m[0m
[  90% ] [90m[1msavepack[22m | 正在保存文件：res://recourse/数据库/150.png.import[39m[0m
[  90% ] [90m[1msavepack[22m | 正在保存文件：res://.godot/imported/151.png-fb9734285019a319350774fba2adefe8.ctex[39m[0m
[  90% ] [90m[1msavepack[22m | 正在保存文件：res://recourse/数据库/151.png.import[39m[0m
[  90% ] [90m[1msavepack[22m | 正在保存文件：res://.godot/imported/152.png-c5feea1eac357ea7b0d1ddcb01f78360.ctex[39m[0m
[  90% ] [90m[1msavepack[22m | 正在保存文件：res://recourse/数据库/152.png.import[39m[0m
[  90% ] [90m[1msavepack[22m | 正在保存文件：res://.godot/imported/153.png-0d05f89c5237ef95cb2faf4e0ffa050e.ctex[39m[0m
[  90% ] [90m[1msavepack[22m | 正在保存文件：res://recourse/数据库/153.png.import[39m[0m
[  90% ] [90m[1msavepack[22m | 正在保存文件：res://.godot/imported/154.png-9078b71dac7451a3b97343e863e8a430.ctex[39m[0m
[  90% ] [90m[1msavepack[22m | 正在保存文件：res://recourse/数据库/154.png.import[39m[0m
[  90% ] [90m[1msavepack[22m | 正在保存文件：res://.godot/imported/155.png-9c7b435a2987bad8789b46887749e194.ctex[39m[0m
[  90% ] [90m[1msavepack[22m | 正在保存文件：res://recourse/数据库/155.png.import[39m[0m
[  90% ] [90m[1msavepack[22m | 正在保存文件：res://.godot/imported/156.png-ff414e258157f81dc53d20e4a8e88c68.ctex[39m[0m
[  90% ] [90m[1msavepack[22m | 正在保存文件：res://recourse/数据库/156.png.import[39m[0m
[  91% ] [90m[1msavepack[22m | 正在保存文件：res://.godot/imported/157.png-cd92a57a73cefedacd72f6a04485d7d8.ctex[39m[0m
[  91% ] [90m[1msavepack[22m | 正在保存文件：res://recourse/数据库/157.png.import[39m[0m
[  91% ] [90m[1msavepack[22m | 正在保存文件：res://.godot/imported/158.png-98858653c9f19c7e8dc893daf8f1a9e3.ctex[39m[0m
[  91% ] [90m[1msavepack[22m | 正在保存文件：res://recourse/数据库/158.png.import[39m[0m
[  91% ] [90m[1msavepack[22m | 正在保存文件：res://.godot/imported/159.png-143eacdc92751df49920c207671a1173.ctex[39m[0m
[  91% ] [90m[1msavepack[22m | 正在保存文件：res://recourse/数据库/159.png.import[39m[0m
[  91% ] [90m[1msavepack[22m | 正在保存文件：res://.godot/imported/160.png-576832cc34d5b8966be3b05d5b7897ce.ctex[39m[0m
[  91% ] [90m[1msavepack[22m | 正在保存文件：res://recourse/数据库/160.png.import[39m[0m
[  91% ] [90m[1msavepack[22m | 正在保存文件：res://.godot/imported/161.png-fb97fcdcb160f25d1840e5afcdc6b999.ctex[39m[0m
[  91% ] [90m[1msavepack[22m | 正在保存文件：res://recourse/数据库/161.png.import[39m[0m
[  91% ] [90m[1msavepack[22m | 正在保存文件：res://.godot/imported/162.png-d07259b849da7fc70d035d2a38c37995.ctex[39m[0m
[  91% ] [90m[1msavepack[22m | 正在保存文件：res://recourse/数据库/162.png.import[39m[0m
[  91% ] [90m[1msavepack[22m | 正在保存文件：res://.godot/imported/163.png-a87d252e5be70cbeb8f31fc6e9648c7b.ctex[39m[0m
[  91% ] [90m[1msavepack[22m | 正在保存文件：res://recourse/数据库/163.png.import[39m[0m
[  91% ] [90m[1msavepack[22m | 正在保存文件：res://.godot/imported/164.png-01e5348b3d0c309ca5d10e03321c1a99.ctex[39m[0m
[  91% ] [90m[1msavepack[22m | 正在保存文件：res://recourse/数据库/164.png.import[39m[0m
[  91% ] [90m[1msavepack[22m | 正在保存文件：res://.godot/imported/165.png-154071b13b29ed84b52db6bfc33f46b4.ctex[39m[0m
[  91% ] [90m[1msavepack[22m | 正在保存文件：res://recourse/数据库/165.png.import[39m[0m
[  91% ] [90m[1msavepack[22m | 正在保存文件：res://.godot/imported/166.png-39935e66b4625871e7a2a8136da09c5a.ctex[39m[0m
[  91% ] [90m[1msavepack[22m | 正在保存文件：res://recourse/数据库/166.png.import[39m[0m
[  92% ] [90m[1msavepack[22m | 正在保存文件：res://.godot/imported/167.png-a3843261d5174f2940bf20966b76fefc.ctex[39m[0m
[  92% ] [90m[1msavepack[22m | 正在保存文件：res://recourse/数据库/167.png.import[39m[0m
[  92% ] [90m[1msavepack[22m | 正在保存文件：res://.godot/imported/168.png-15f1fcc36ae10c2fe3280d74c44bdbbc.ctex[39m[0m
[  92% ] [90m[1msavepack[22m | 正在保存文件：res://recourse/数据库/168.png.import[39m[0m
[  92% ] [90m[1msavepack[22m | 正在保存文件：res://.godot/imported/169.png-719a71fe41ac555544db3af3c82e4800.ctex[39m[0m
[  92% ] [90m[1msavepack[22m | 正在保存文件：res://recourse/数据库/169.png.import[39m[0m
[  92% ] [90m[1msavepack[22m | 正在保存文件：res://.godot/imported/170.png-03d97fdd935c21d15df14cb9caace031.ctex[39m[0m
[  92% ] [90m[1msavepack[22m | 正在保存文件：res://recourse/数据库/170.png.import[39m[0m
[  92% ] [90m[1msavepack[22m | 正在保存文件：res://.godot/imported/171.png-ce3c53b703983d9db2e4eccec38e569b.ctex[39m[0m
[  92% ] [90m[1msavepack[22m | 正在保存文件：res://recourse/数据库/171.png.import[39m[0m
[  92% ] [90m[1msavepack[22m | 正在保存文件：res://.godot/imported/172.png-c299ffb6bbbc8a1944ef4d9d79cb7b40.ctex[39m[0m
[  92% ] [90m[1msavepack[22m | 正在保存文件：res://recourse/数据库/172.png.import[39m[0m
[  92% ] [90m[1msavepack[22m | 正在保存文件：res://.godot/imported/173.png-631aff7b918f933afcfc28160293599d.ctex[39m[0m
[  92% ] [90m[1msavepack[22m | 正在保存文件：res://recourse/数据库/173.png.import[39m[0m
[  92% ] [90m[1msavepack[22m | 正在保存文件：res://.godot/imported/174.png-ccbad2b23ffb5848165b0348908ba742.ctex[39m[0m
[  92% ] [90m[1msavepack[22m | 正在保存文件：res://recourse/数据库/174.png.import[39m[0m
[  92% ] [90m[1msavepack[22m | 正在保存文件：res://.godot/imported/175.png-a0642aa582633ca8451b71067e7b4c4e.ctex[39m[0m
[  92% ] [90m[1msavepack[22m | 正在保存文件：res://recourse/数据库/175.png.import[39m[0m
[  92% ] [90m[1msavepack[22m | 正在保存文件：res://.godot/imported/176.png-7256ff2e2c6464d7397e86b6122de132.ctex[39m[0m
[  92% ] [90m[1msavepack[22m | 正在保存文件：res://recourse/数据库/176.png.import[39m[0m
[  92% ] [90m[1msavepack[22m | 正在保存文件：res://.godot/imported/177.png-f1ed71e0e5823542484d4e07571e3959.ctex[39m[0m
[  92% ] [90m[1msavepack[22m | 正在保存文件：res://recourse/数据库/177.png.import[39m[0m
[  93% ] [90m[1msavepack[22m | 正在保存文件：res://.godot/imported/178.png-36656519400cecdcdea612bc47ae64e3.ctex[39m[0m
[  93% ] [90m[1msavepack[22m | 正在保存文件：res://recourse/数据库/178.png.import[39m[0m
[  93% ] [90m[1msavepack[22m | 正在保存文件：res://.godot/imported/character-fdf-029.jpg-a8fd9afb77634923304453f46dff1477.ctex[39m[0m
[  93% ] [90m[1msavepack[22m | 正在保存文件：res://recourse/数据库/character-fdf-029.jpg.import[39m[0m
[  93% ] [90m[1msavepack[22m | 正在保存文件：res://.godot/imported/character-fdf-041.jpg-b57a3a744baa67a69e8dd792948e0bb1.ctex[39m[0m
[  93% ] [90m[1msavepack[22m | 正在保存文件：res://recourse/数据库/character-fdf-041.jpg.import[39m[0m
[  93% ] [90m[1msavepack[22m | 正在保存文件：res://.godot/imported/character-fdf-046.jpg-9b3d59ab5abc345849f6f987ad5177ce.ctex[39m[0m
[  93% ] [90m[1msavepack[22m | 正在保存文件：res://recourse/数据库/character-fdf-046.jpg.import[39m[0m
[  93% ] [90m[1msavepack[22m | 正在保存文件：res://.godot/imported/character-fdf-065.jpg-1bb0619eadabe8259a2212f21a9b9e22.ctex[39m[0m
[  93% ] [90m[1msavepack[22m | 正在保存文件：res://recourse/数据库/character-fdf-065.jpg.import[39m[0m
[  93% ] [90m[1msavepack[22m | 正在保存文件：res://.godot/imported/character-fdf-069.jpg-91ba4d4b16971996dc2124a97cb5774c.ctex[39m[0m
[  93% ] [90m[1msavepack[22m | 正在保存文件：res://recourse/数据库/character-fdf-069.jpg.import[39m[0m
[  93% ] [90m[1msavepack[22m | 正在保存文件：res://.godot/imported/character-fdf-070.jpg-fba3ca797b061655494e8a5d1a3a99db.ctex[39m[0m
[  93% ] [90m[1msavepack[22m | 正在保存文件：res://recourse/数据库/character-fdf-070.jpg.import[39m[0m
[  93% ] [90m[1msavepack[22m | 正在保存文件：res://.godot/imported/character-fdf-090.jpg-170b2c44e72fa606797b7f194a558899.ctex[39m[0m
[  93% ] [90m[1msavepack[22m | 正在保存文件：res://recourse/数据库/character-fdf-090.jpg.import[39m[0m
[  93% ] [90m[1msavepack[22m | 正在保存文件：res://.godot/imported/character-fdf-091.jpg-3375bc594d74fcb5930281c2d93b4d04.ctex[39m[0m
[  93% ] [90m[1msavepack[22m | 正在保存文件：res://recourse/数据库/character-fdf-091.jpg.import[39m[0m
[  93% ] [90m[1msavepack[22m | 正在保存文件：res://.godot/imported/character-fdf-092.jpg-ff25c1a1d20e870554bbfb49a9122495.ctex[39m[0m
[  93% ] [90m[1msavepack[22m | 正在保存文件：res://recourse/数据库/character-fdf-092.jpg.import[39m[0m
[  94% ] [90m[1msavepack[22m | 正在保存文件：res://.godot/imported/character-fdf-093.jpg-421cecffc0073b0c3f687c29df98517e.ctex[39m[0m
[  94% ] [90m[1msavepack[22m | 正在保存文件：res://recourse/数据库/character-fdf-093.jpg.import[39m[0m
[  94% ] [90m[1msavepack[22m | 正在保存文件：res://.godot/imported/character-fdf-094.jpg-c5071b0cd7a936ecd7b2ac71d32e4c83.ctex[39m[0m
[  94% ] [90m[1msavepack[22m | 正在保存文件：res://recourse/数据库/character-fdf-094.jpg.import[39m[0m
[  94% ] [90m[1msavepack[22m | 正在保存文件：res://.godot/imported/character-fdf-095.jpg-380b4f3b689aec4fea7a889eec76caa2.ctex[39m[0m
[  94% ] [90m[1msavepack[22m | 正在保存文件：res://recourse/数据库/character-fdf-095.jpg.import[39m[0m
[  94% ] [90m[1msavepack[22m | 正在保存文件：res://.godot/imported/character-fdf-098.jpg-a5579b41929be180ac2b51df9247d4a6.ctex[39m[0m
[  94% ] [90m[1msavepack[22m | 正在保存文件：res://recourse/数据库/character-fdf-098.jpg.import[39m[0m
[  94% ] [90m[1msavepack[22m | 正在保存文件：res://.godot/imported/character-fdf-099.jpg-b3b41f099c0cff0f692b13edf5cfca12.ctex[39m[0m
[  94% ] [90m[1msavepack[22m | 正在保存文件：res://recourse/数据库/character-fdf-099.jpg.import[39m[0m
[  94% ] [90m[1msavepack[22m | 正在保存文件：res://.godot/imported/character-fdf-100.jpg-b3b110ce87c5ea6eaa2a0b89beaa8268.ctex[39m[0m
[  94% ] [90m[1msavepack[22m | 正在保存文件：res://recourse/数据库/character-fdf-100.jpg.import[39m[0m
[  94% ] [90m[1msavepack[22m | 正在保存文件：res://.godot/imported/character-fdf-101.jpg-a347f6aace07052f607ae85b899b09e0.ctex[39m[0m
[  94% ] [90m[1msavepack[22m | 正在保存文件：res://recourse/数据库/character-fdf-101.jpg.import[39m[0m
[  94% ] [90m[1msavepack[22m | 正在保存文件：res://.godot/imported/character-fdf-102.jpg-50842e9db4dc7d98c6a5e0271c2ceca4.ctex[39m[0m
[  94% ] [90m[1msavepack[22m | 正在保存文件：res://recourse/数据库/character-fdf-102.jpg.import[39m[0m
[  94% ] [90m[1msavepack[22m | 正在保存文件：res://.godot/imported/character-fdf-103.jpg-9155549c58099c6c57f0b0e369faac88.ctex[39m[0m
[  94% ] [90m[1msavepack[22m | 正在保存文件：res://recourse/数据库/character-fdf-103.jpg.import[39m[0m
[  94% ] [90m[1msavepack[22m | 正在保存文件：res://.godot/imported/character-fdf-104.jpg-06df83dece309167a570a93ff73b719a.ctex[39m[0m
[  94% ] [90m[1msavepack[22m | 正在保存文件：res://recourse/数据库/character-fdf-104.jpg.import[39m[0m
[  95% ] [90m[1msavepack[22m | 正在保存文件：res://.godot/imported/character-fdf-105.jpg-e91b1b525ad712cafd3cbbdbe05c8167.ctex[39m[0m
[  95% ] [90m[1msavepack[22m | 正在保存文件：res://recourse/数据库/character-fdf-105.jpg.import[39m[0m
[  95% ] [90m[1msavepack[22m | 正在保存文件：res://.godot/imported/character-fdf-106.jpg-9f990096c52d6f0e92afe14e1e40f63d.ctex[39m[0m
[  95% ] [90m[1msavepack[22m | 正在保存文件：res://recourse/数据库/character-fdf-106.jpg.import[39m[0m
[  95% ] [90m[1msavepack[22m | 正在保存文件：res://.godot/imported/character-fdf-109.jpg-4bf6b86586f4b4cc08925df7e4163702.ctex[39m[0m
[  95% ] [90m[1msavepack[22m | 正在保存文件：res://recourse/数据库/character-fdf-109.jpg.import[39m[0m
[  95% ] [90m[1msavepack[22m | 正在保存文件：res://.godot/imported/character-fdf-110.jpg-98c0c2125cf2038edea3e3bd29b31843.ctex[39m[0m
[  95% ] [90m[1msavepack[22m | 正在保存文件：res://recourse/数据库/character-fdf-110.jpg.import[39m[0m
[  95% ] [90m[1msavepack[22m | 正在保存文件：res://.godot/imported/character-fdf-111.jpg-85aab730e207b67b704af89da4fba322.ctex[39m[0m
[  95% ] [90m[1msavepack[22m | 正在保存文件：res://recourse/数据库/character-fdf-111.jpg.import[39m[0m
[  95% ] [90m[1msavepack[22m | 正在保存文件：res://.godot/imported/character-fdf-112.jpg-1995e7e9828a5c3fc4925b206baab024.ctex[39m[0m
[  95% ] [90m[1msavepack[22m | 正在保存文件：res://recourse/数据库/character-fdf-112.jpg.import[39m[0m
[  95% ] [90m[1msavepack[22m | 正在保存文件：res://.godot/imported/character-fdf-113.jpg-27d2704136e072129fc50fe8b957de45.ctex[39m[0m
[  95% ] [90m[1msavepack[22m | 正在保存文件：res://recourse/数据库/character-fdf-113.jpg.import[39m[0m
[  95% ] [90m[1msavepack[22m | 正在保存文件：res://.godot/imported/character-fdf-114.jpg-504698e5ef15cc19a6610ee205acffca.ctex[39m[0m
[  95% ] [90m[1msavepack[22m | 正在保存文件：res://recourse/数据库/character-fdf-114.jpg.import[39m[0m
[  95% ] [90m[1msavepack[22m | 正在保存文件：res://.godot/imported/character-fdf-115.jpg-5e98d9429d2e464a1c101a6cdd941c27.ctex[39m[0m
[  95% ] [90m[1msavepack[22m | 正在保存文件：res://recourse/数据库/character-fdf-115.jpg.import[39m[0m
[  95% ] [90m[1msavepack[22m | 正在保存文件：res://.godot/imported/character-fdf-116.jpg-cda193687f13ff9f24377d07ac2344fd.ctex[39m[0m
[  95% ] [90m[1msavepack[22m | 正在保存文件：res://recourse/数据库/character-fdf-116.jpg.import[39m[0m
[  96% ] [90m[1msavepack[22m | 正在保存文件：res://.godot/imported/character-fdf-117.jpg-011b1b8c5c74256439f1d3e7ed18547b.ctex[39m[0m
[  96% ] [90m[1msavepack[22m | 正在保存文件：res://recourse/数据库/character-fdf-117.jpg.import[39m[0m
[  96% ] [90m[1msavepack[22m | 正在保存文件：res://.godot/imported/character-fdf-119.jpg-8e9a7eb6c54337b7b293792198404ee9.ctex[39m[0m
[  96% ] [90m[1msavepack[22m | 正在保存文件：res://recourse/数据库/character-fdf-119.jpg.import[39m[0m
[  96% ] [90m[1msavepack[22m | 正在保存文件：res://.godot/imported/character-fdf-ex01.jpg-49ba66933915d84e6b223ba5c59dbee6.ctex[39m[0m
[  96% ] [90m[1msavepack[22m | 正在保存文件：res://recourse/数据库/character-fdf-ex01.jpg.import[39m[0m
[  96% ] [90m[1msavepack[22m | 正在保存文件：res://.godot/imported/character-fdf-ex02.jpg-f30ef7f5e29f3a3dabd833a05df4a0bf.ctex[39m[0m
[  96% ] [90m[1msavepack[22m | 正在保存文件：res://recourse/数据库/character-fdf-ex02.jpg.import[39m[0m
[  96% ] [90m[1msavepack[22m | 正在保存文件：res://.godot/imported/character-fdf-ex03.jpg-5712a9f609b86ee8952218921311a205.ctex[39m[0m
[  96% ] [90m[1msavepack[22m | 正在保存文件：res://recourse/数据库/character-fdf-ex03.jpg.import[39m[0m
[  96% ] [90m[1msavepack[22m | 正在保存文件：res://.godot/imported/character-fdf-ex04.jpg-4e3038649cdf61055f3ab57ceba41718.ctex[39m[0m
[  96% ] [90m[1msavepack[22m | 正在保存文件：res://recourse/数据库/character-fdf-ex04.jpg.import[39m[0m
[  96% ] [90m[1msavepack[22m | 正在保存文件：res://.godot/imported/character-fdf-ex05.jpg-36bd3f8d84832c800dbd0bf481eb9b30.ctex[39m[0m
[  96% ] [90m[1msavepack[22m | 正在保存文件：res://recourse/数据库/character-fdf-ex05.jpg.import[39m[0m
[  96% ] [90m[1msavepack[22m | 正在保存文件：res://.godot/imported/character-fdn-004.jpg-1771bd766480f865f7b4aeeb68529097.ctex[39m[0m
[  96% ] [90m[1msavepack[22m | 正在保存文件：res://recourse/数据库/character-fdn-004.jpg.import[39m[0m
[  96% ] [90m[1msavepack[22m | 正在保存文件：res://.godot/imported/character-fdn-006.jpg-f5292182b0a8106f259b38d9af2cac5d.ctex[39m[0m
[  96% ] [90m[1msavepack[22m | 正在保存文件：res://recourse/数据库/character-fdn-006.jpg.import[39m[0m
[  96% ] [90m[1msavepack[22m | 正在保存文件：res://.godot/imported/character-fdn-007.jpg-afa93c94c1e4ab21385c578414aabbb2.ctex[39m[0m
[  96% ] [90m[1msavepack[22m | 正在保存文件：res://recourse/数据库/character-fdn-007.jpg.import[39m[0m
[  97% ] [90m[1msavepack[22m | 正在保存文件：res://.godot/imported/character-fdn-013.jpg-63af6ae2d3c63e6195da4bc0fa32dbc7.ctex[39m[0m
[  97% ] [90m[1msavepack[22m | 正在保存文件：res://recourse/数据库/character-fdn-013.jpg.import[39m[0m
[  97% ] [90m[1msavepack[22m | 正在保存文件：res://.godot/imported/character-fdn-014.jpg-87e1167b4dbda220bba5841c2930ec8c.ctex[39m[0m
[  97% ] [90m[1msavepack[22m | 正在保存文件：res://recourse/数据库/character-fdn-014.jpg.import[39m[0m
[  97% ] [90m[1msavepack[22m | 正在保存文件：res://.godot/imported/character-fdn-021.jpg-c6d91d7a953d256bf983bd39b80f2422.ctex[39m[0m
[  97% ] [90m[1msavepack[22m | 正在保存文件：res://recourse/数据库/character-fdn-021.jpg.import[39m[0m
[  97% ] [90m[1msavepack[22m | 正在保存文件：res://.godot/imported/character-fdn-024.jpg-6333caa04eef1ddb720f7a2a45a6a713.ctex[39m[0m
[  97% ] [90m[1msavepack[22m | 正在保存文件：res://recourse/数据库/character-fdn-024.jpg.import[39m[0m
[  97% ] [90m[1msavepack[22m | 正在保存文件：res://.godot/imported/character-fdn-025.jpg-a90eebf7814be3b066511cedb34c13b2.ctex[39m[0m
[  97% ] [90m[1msavepack[22m | 正在保存文件：res://recourse/数据库/character-fdn-025.jpg.import[39m[0m
[  97% ] [90m[1msavepack[22m | 正在保存文件：res://.godot/imported/character-fdn-026.jpg-f6139ac3bf9300705d6098b8056c2486.ctex[39m[0m
[  97% ] [90m[1msavepack[22m | 正在保存文件：res://recourse/数据库/character-fdn-026.jpg.import[39m[0m
[  97% ] [90m[1msavepack[22m | 正在保存文件：res://.godot/imported/character-fdn-027.jpg-f9213eba909685d45788b580d34a60b7.ctex[39m[0m
[  97% ] [90m[1msavepack[22m | 正在保存文件：res://recourse/数据库/character-fdn-027.jpg.import[39m[0m
[  97% ] [90m[1msavepack[22m | 正在保存文件：res://.godot/imported/character-fdn-034.jpg-f6e09074d1b5c6cf66765cbb68188bb5.ctex[39m[0m
[  97% ] [90m[1msavepack[22m | 正在保存文件：res://recourse/数据库/character-fdn-034.jpg.import[39m[0m
[  97% ] [90m[1msavepack[22m | 正在保存文件：res://.godot/imported/character-fdn-035.jpg-3f1ebdb345e2eeb80f3554d393bea873.ctex[39m[0m
[  97% ] [90m[1msavepack[22m | 正在保存文件：res://recourse/数据库/character-fdn-035.jpg.import[39m[0m
[  97% ] [90m[1msavepack[22m | 正在保存文件：res://.godot/imported/character-fdn-036.jpg-4edffe8637b15639ee1dfda67d8a2771.ctex[39m[0m
[  97% ] [90m[1msavepack[22m | 正在保存文件：res://recourse/数据库/character-fdn-036.jpg.import[39m[0m
[  98% ] [90m[1msavepack[22m | 正在保存文件：res://.godot/imported/character-fdn-037.jpg-73c3be968f33c8baf224b00c220e9370.ctex[39m[0m
[  98% ] [90m[1msavepack[22m | 正在保存文件：res://recourse/数据库/character-fdn-037.jpg.import[39m[0m
[  98% ] [90m[1msavepack[22m | 正在保存文件：res://.godot/imported/character-fdn-038.jpg-94811e9d02f95109f657fe317da2ac97.ctex[39m[0m
[  98% ] [90m[1msavepack[22m | 正在保存文件：res://recourse/数据库/character-fdn-038.jpg.import[39m[0m
[  98% ] [90m[1msavepack[22m | 正在保存文件：res://.godot/imported/character-fdn-041.jpg-11a0830d752c0b1b730a69dae7db7e3b.ctex[39m[0m
[  98% ] [90m[1msavepack[22m | 正在保存文件：res://recourse/数据库/character-fdn-041.jpg.import[39m[0m
[  98% ] [90m[1msavepack[22m | 正在保存文件：res://.godot/imported/character-fdn-042.jpg-f87b5acde547aa69c6202b66a2c95c6b.ctex[39m[0m
[  98% ] [90m[1msavepack[22m | 正在保存文件：res://recourse/数据库/character-fdn-042.jpg.import[39m[0m
[  98% ] [90m[1msavepack[22m | 正在保存文件：res://.godot/imported/character-fdn-043.jpg-2206eccdaf0f5fe16c9d597627c4708e.ctex[39m[0m
[  98% ] [90m[1msavepack[22m | 正在保存文件：res://recourse/数据库/character-fdn-043.jpg.import[39m[0m
[  98% ] [90m[1msavepack[22m | 正在保存文件：res://.godot/imported/character-fdn-045.jpg-d648dc66b6bc7f684fed182f4cf36be7.ctex[39m[0m
[  98% ] [90m[1msavepack[22m | 正在保存文件：res://recourse/数据库/character-fdn-045.jpg.import[39m[0m
[  98% ] [90m[1msavepack[22m | 正在保存文件：res://.godot/imported/character-fdn-048.jpg-5d6727128cfc4bab5c52d3e65df573db.ctex[39m[0m
[  98% ] [90m[1msavepack[22m | 正在保存文件：res://recourse/数据库/character-fdn-048.jpg.import[39m[0m
[  98% ] [90m[1msavepack[22m | 正在保存文件：res://.godot/imported/character-fdn-067.jpg-8a47affd5424ccb2821557a91a0ea599.ctex[39m[0m
[  98% ] [90m[1msavepack[22m | 正在保存文件：res://recourse/数据库/character-fdn-067.jpg.import[39m[0m
[  98% ] [90m[1msavepack[22m | 正在保存文件：res://.godot/imported/character-fdn-068.jpg-d8777b7571ed4ebed27851b72d87ef0b.ctex[39m[0m
[  98% ] [90m[1msavepack[22m | 正在保存文件：res://recourse/数据库/character-fdn-068.jpg.import[39m[0m
[  98% ] [90m[1msavepack[22m | 正在保存文件：res://.godot/imported/character-fdn-071.jpg-a920715202249c965fb356be9bbc91b1.ctex[39m[0m
[  98% ] [90m[1msavepack[22m | 正在保存文件：res://recourse/数据库/character-fdn-071.jpg.import[39m[0m
[  98% ] [90m[1msavepack[22m | 正在保存文件：res://new_script.gd.remap[39m[0m
[  98% ] [90m[1msavepack[22m | 正在保存文件：res://main.tscn.remap[39m[0m
[  98% ] [90m[1msavepack[22m | 正在保存文件：res://scripts/target_picker.gd.remap[39m[0m
[  98% ] [90m[1msavepack[22m | 正在保存文件：res://scripts/stack_arrows.gd.remap[39m[0m
[  98% ] [90m[1msavepack[22m | 正在保存文件：res://scripts/main.gd.remap[39m[0m
[  98% ] [90m[1msavepack[22m | 正在保存文件：res://scripts/duel_view.gd.remap[39m[0m
[  98% ] [90m[1msavepack[22m | 正在保存文件：res://scripts/duel_table.gd.remap[39m[0m
[  98% ] [90m[1msavepack[22m | 正在保存文件：res://scripts/duel_reveal.gd.remap[39m[0m
[  98% ] [90m[1msavepack[22m | 正在保存文件：res://scripts/duel_hand_card.gd.remap[39m[0m
[  98% ] [90m[1msavepack[22m | 正在保存文件：res://scripts/deck_store.gd.remap[39m[0m
[  98% ] [90m[1msavepack[22m | 正在保存文件：res://scripts/deck_card.gd.remap[39m[0m
[  98% ] [90m[1msavepack[22m | 正在保存文件：res://scripts/card_database.gd.remap[39m[0m
[  98% ] [90m[1msavepack[22m | 正在保存文件：res://scripts/battle_table.gd.remap[39m[0m
[  98% ] [90m[1msavepack[22m | 正在保存文件：res://scripts/rules/precon_abilities.gd.remap[39m[0m
[  98% ] [90m[1msavepack[22m | 正在保存文件：res://scripts/rules/mask_abilities.gd.remap[39m[0m
[  98% ] [90m[1msavepack[22m | 正在保存文件：res://scripts/rules/expanded_abilities.gd.remap[39m[0m
[  98% ] [90m[1msavepack[22m | 正在保存文件：res://scripts/rules/excel_abilities.gd.remap[39m[0m
[  98% ] [90m[1msavepack[22m | 正在保存文件：res://scripts/rules/duel_engine.gd.remap[39m[0m
[  98% ] [90m[1msavepack[22m | 正在保存文件：res://scripts/rules/demo_abilities.gd.remap[39m[0m
[  98% ] [90m[1msavepack[22m | 正在保存文件：res://scripts/rules/color_cost.gd.remap[39m[0m
[  98% ] [90m[1msavepack[22m | 正在保存文件：res://scripts/rules/catalogue_units.gd.remap[39m[0m
[  98% ] [90m[1msavepack[22m | 正在保存文件：res://scripts/rules/catalogue_state.gd.remap[39m[0m
[  98% ] [90m[1msavepack[22m | 正在保存文件：res://scripts/rules/catalogue_spells.gd.remap[39m[0m
[  98% ] [90m[1msavepack[22m | 正在保存文件：res://scripts/rules/catalogue_abilities.gd.remap[39m[0m
[  98% ] [90m[1msavepack[22m | 正在保存文件：res://scripts/rules/ability_caption.gd.remap[39m[0m
[  98% ] [90m[1msavepack[22m | 正在保存文件：res://scripts/export_verification/main.tscn.remap[39m[0m
[  98% ] [90m[1msavepack[22m | 正在保存文件：res://scripts/export_verification/main.gd.remap[39m[0m
[  98% ] [90m[1msavepack[22m | 正在保存文件：res://.godot/global_script_class_cache.cfg[39m[0m
[  98% ] [90m[1msavepack[22m | 正在保存文件：res://icon.svg[39m[0m
[  98% ] [90m[1msavepack[22m | 正在保存文件：res://.godot/uid_cache.bin[39m[0m
[  98% ] [90m[1msavepack[22m | 正在保存文件：res://project.binary[39m[0m
[92m[ DONE ][39m [1msavepack[22m
[0m
