Godot Engine v4.7.2.stable.official.ed1daf0bf - https://godotengine.org

ERROR: Failed to read the root certificate store.
   at: get_system_ca_certificates (platform/windows/os_windows.cpp:2582)
[   0% ] first_scan_filesystem | Started 项目初始化 (5 steps)
[   0% ] first_scan_filesystem | 正在扫描文件结构……
[  16% ] first_scan_filesystem | 正在加载全局类名……
[  33% ] first_scan_filesystem | 正在校验 GDExtension……
[  50% ] first_scan_filesystem | 正在创建自动加载脚本……
[  66% ] first_scan_filesystem | 正在初始化插件……
[  83% ] first_scan_filesystem | 正在启动文件扫描……
[ DONE ] first_scan_filesystem

[   0% ] update_scripts_classes | Started 正在注册全局类…… (4 steps)
[   0% ] update_scripts_classes | 
[  20% ] update_scripts_classes | 
[  40% ] update_scripts_classes | 
[  60% ] update_scripts_classes | 
[ DONE ] update_scripts_classes

[   0% ] _update_scan_actions | Started 正在扫描动作…… (785 steps)
[   0% ] _update_scan_actions | image91.png
[   0% ] _update_scan_actions | image133.png
[   0% ] _update_scan_actions | 未确认幻想飞行物「封兽ぬえ」__character-soi-086.jpg
[   0% ] _update_scan_actions | 蓬莱的人之形「藤原妹红」__character-rec-097.jpg
[   0% ] _update_scan_actions | download_report.csv
[   0% ] _update_scan_actions | QED「495年ノ波纹」.jpg
[   0% ] _update_scan_actions | 「5_30 PM」.jpg
[   0% ] _update_scan_actions | 「Hell's Tokamak」.jpg
[   1% ] _update_scan_actions | 「Mooned Insect」.jpg
[   1% ] _update_scan_actions | 「Paranoid Lost」__spell-mar-014.jpg
[   1% ] _update_scan_actions | 「Paranoid Lost」__spell-ucs-045.jpg
[   1% ] _update_scan_actions | 「Subterranean Rose」__spell-fdn-062.jpg
[   1% ] _update_scan_actions | 「Subterranean Rose」__spell-ucs-011.jpg
[   1% ] _update_scan_actions | 「U.N.OWEN 就是她吗？」.jpg
[   1% ] _update_scan_actions | 「Wall of Issun」.jpg
[   1% ] _update_scan_actions | 「万华ノ镜」__spell-htk-025.jpg
[   2% ] _update_scan_actions | 「万华ノ镜」__spell-soi-105.jpg
[   2% ] _update_scan_actions | 「不明ノ正体」__spell-lof-026.jpg
[   2% ] _update_scan_actions | 「不明ノ正体」__spell-soi-145.jpg
[   2% ] _update_scan_actions | 「不详」.jpg
[   2% ] _update_scan_actions | 「世界ノ间隙·大空魔术」.jpg
[   2% ] _update_scan_actions | 「九天ノ瀑布」__spell-rec-065.jpg
[   2% ] _update_scan_actions | 「九天ノ瀑布」__spell-smm-020.jpg
[   2% ] _update_scan_actions | 「九天ノ瀑布」__spell-soi-132.jpg
[   3% ] _update_scan_actions | 「云中」__spell-fdf-054.jpg
[   3% ] _update_scan_actions | 「云中」__spell-mar-015.jpg
[   3% ] _update_scan_actions | 「人神ノ嬉」__spell-rec-059.jpg
[   3% ] _update_scan_actions | 「人神ノ嬉」__spell-rei-014.jpg
[   3% ] _update_scan_actions | 「人神ノ嬉」__spell-smm-018.jpg
[   3% ] _update_scan_actions | 「人神ノ嬉」__spell-soi-098.jpg
[   3% ] _update_scan_actions | 「人神ノ黎明景」__spell-fdn-074.jpg
[   3% ] _update_scan_actions | 「人神ノ黎明景」__spell-ucs-008.jpg
[   4% ] _update_scan_actions | 「今昔ノ花」__spell-lof-019.jpg
[   4% ] _update_scan_actions | 「今昔ノ花」__spell-soi-154.jpg
[   4% ] _update_scan_actions | 「全人类ノ绯想天」.jpg
[   4% ] _update_scan_actions | 「八卦炉」__item-mar-017.jpg
[   4% ] _update_scan_actions | 「八卦炉」__item-ucs-002.jpg
[   4% ] _update_scan_actions | 「冬」.jpg
[   4% ] _update_scan_actions | 「冰精ノ花环」.jpg
[   4% ] _update_scan_actions | 「凭坐ノ缚」.jpg
[   5% ] _update_scan_actions | 「出鞘」__spell-rec-018.jpg
[   5% ] _update_scan_actions | 「出鞘」__spell-soi-147.jpg
[   5% ] _update_scan_actions | 「反魂蝶」.jpg
[   5% ] _update_scan_actions | 「可爱ノ妖精叠奏曲」.jpg
[   5% ] _update_scan_actions | 「因幡帝的幸运萝卜」.jpg
[   5% ] _update_scan_actions | 「圣ノ鼓动·法界ノ火」.jpg
[   5% ] _update_scan_actions | 「境界」__spell-fdn-063.jpg
[   5% ] _update_scan_actions | 「境界」__spell-soi-118.jpg
[   6% ] _update_scan_actions | 「境界」__spell-ucs-079.jpg
[   6% ] _update_scan_actions | 「夏」.jpg
[   6% ] _update_scan_actions | 「夜ノ蝶」__spell-htk-019.jpg
[   6% ] _update_scan_actions | 「夜ノ蝶」__spell-soi-141.jpg
[   6% ] _update_scan_actions | 「天ノ磐舟」__spell-smm-021.jpg
[   6% ] _update_scan_actions | 「天ノ磐舟」__spell-soi-142.jpg
[   6% ] _update_scan_actions | 「天ノ羽衣」__spell-lof-020.jpg
[   6% ] _update_scan_actions | 「天ノ羽衣」__spell-soi-144.jpg
[   7% ] _update_scan_actions | 「天狗ノ晴岚」__spell-htk-021.jpg
[   7% ] _update_scan_actions | 「天狗ノ晴岚」__spell-soi-101.jpg
[   7% ] _update_scan_actions | 「天狗ノ防御」__spell-rec-033.jpg
[   7% ] _update_scan_actions | 「天狗ノ防御」__spell-soi-127.jpg
[   7% ] _update_scan_actions | 「天界ノ蜜桃」__spell-lof-025.jpg
[   7% ] _update_scan_actions | 「天界ノ蜜桃」__spell-soi-128.jpg
[   7% ] _update_scan_actions | 「天空の魔法使」.jpg
[   8% ] _update_scan_actions | 「太阳ノ花田」__spell-rec-015.jpg
[   8% ] _update_scan_actions | 「太阳ノ花田」__spell-soi-120.jpg
[   8% ] _update_scan_actions | 「奏中ノ能乐、亡失ノ感情」.jpg
[   8% ] _update_scan_actions | 「妖恋谈」.jpg
[   8% ] _update_scan_actions | 「妖精ノ嬉游」__spell-lof-023.jpg
[   8% ] _update_scan_actions | 「妖精ノ嬉游」__spell-soi-100.jpg
[   8% ] _update_scan_actions | 「妖精ノ巡礼」__spell-fdn-066.jpg
[   8% ] _update_scan_actions | 「妖精ノ巡礼」__spell-lof-008.jpg
[   9% ] _update_scan_actions | 「妖精ノ祭典」__spell-lof-024.jpg
[   9% ] _update_scan_actions | 「妖精ノ祭典」__spell-soi-160.jpg
[   9% ] _update_scan_actions | 「妖精公主的信物」.jpg
[   9% ] _update_scan_actions | 「妖魔书」__item-htk-028.jpg
[   9% ] _update_scan_actions | 「妖魔书」__item-kmo-024.jpg
[   9% ] _update_scan_actions | 「妖魔书」__item-mar-016.jpg
[   9% ] _update_scan_actions | 「妖魔书」__item-rec-001.jpg
[   9% ] _update_scan_actions | 「妖魔书」__item-smm-022.jpg
[  10% ] _update_scan_actions | 「妖魔书」__item-soi-097.jpg
[  10% ] _update_scan_actions | 「守护ノ要石」.jpg
[  10% ] _update_scan_actions | 「审ノ视」__spell-rec-069.jpg
[  10% ] _update_scan_actions | 「审ノ视」__spell-soi-146.jpg
[  10% ] _update_scan_actions | 「宵暗ノ翼」__spell-kmo-019.jpg
[  10% ] _update_scan_actions | 「宵暗ノ翼」__spell-rec-066.jpg
[  10% ] _update_scan_actions | 「宵暗ノ翼」__spell-soi-135.jpg
[  10% ] _update_scan_actions | 「小憩」__spell-rec-058.jpg
[  11% ] _update_scan_actions | 「小憩」__spell-smm-006.jpg
[  11% ] _update_scan_actions | 「山涧ノ川」__spell-rei-015.jpg
[  11% ] _update_scan_actions | 「山涧ノ川」__spell-ucs-006.jpg
[  11% ] _update_scan_actions | 「常夜ノ樱」__spell-htk-018.jpg
[  11% ] _update_scan_actions | 「常夜ノ樱」__spell-rec-017.jpg
[  11% ] _update_scan_actions | 「常夜ノ樱」__spell-soi-121.jpg
[  11% ] _update_scan_actions | 「平安京ノ恶梦」.jpg
[  11% ] _update_scan_actions | 「幻想ノ灵火」.jpg
[  12% ] _update_scan_actions | 「幻想春花」.jpg
[  12% ] _update_scan_actions | 「幻想风靡」.jpg
[  12% ] _update_scan_actions | 「幻波ノ影、狂气ノ瞳」.jpg
[  12% ] _update_scan_actions | 「幼心ノ地，有顶天变」.jpg
[  12% ] _update_scan_actions | 「幽冥境」.jpg
[  12% ] _update_scan_actions | 「幽幽子的折扇」__item-htk-030.jpg
[  12% ] _update_scan_actions | 「幽幽子的折扇」__item-kmo-026.jpg
[  12% ] _update_scan_actions | 「幽幽子的折扇」__item-rec-005.jpg
[  13% ] _update_scan_actions | 「幽幽子的折扇」__item-soi-101.jpg
[  13% ] _update_scan_actions | 「幽香的阳伞」.jpg
[  13% ] _update_scan_actions | 「废墟ノ梦」.jpg
[  13% ] _update_scan_actions | 「异星弹幕ノ空」__spell-rec-116.jpg
[  13% ] _update_scan_actions | 「异星弹幕ノ空」__spell-soi-181.jpg
[  13% ] _update_scan_actions | 「彼岸ノ神想」__spell-rec-061.jpg
[  13% ] _update_scan_actions | 「彼岸ノ神想」__spell-smm-019.jpg
[  13% ] _update_scan_actions | 「彼岸ノ神想」__spell-soi-109.jpg
[  14% ] _update_scan_actions | 「承诏必慎」.jpg
[  14% ] _update_scan_actions | 「招雨ノ雨蛙」.jpg
[  14% ] _update_scan_actions | 「新绿ノ音·延伸ノ景」.jpg
[  14% ] _update_scan_actions | 「无意识ノ雨」__spell-rec-075.jpg
[  14% ] _update_scan_actions | 「无意识ノ雨」__spell-soi-153.jpg
[  14% ] _update_scan_actions | 「早苗的御币」__item-rec-003.jpg
[  14% ] _update_scan_actions | 「早苗的御币」__item-smm-023.jpg
[  15% ] _update_scan_actions | 「早苗的御币」__item-soi-099.jpg
[  15% ] _update_scan_actions | 「春」__spell-mar-013.jpg
[  15% ] _update_scan_actions | 「春」__spell-soi-111.jpg
[  15% ] _update_scan_actions | 「春雪」__spell-kmo-005.jpg
[  15% ] _update_scan_actions | 「春雪」__spell-rec-034.jpg
[  15% ] _update_scan_actions | 「昼酒」.jpg
[  15% ] _update_scan_actions | 「最凶&最恶」.jpg
[  15% ] _update_scan_actions | 「月ノ闲暇」.jpg
[  16% ] _update_scan_actions | 「月兔制造机」.jpg
[  16% ] _update_scan_actions | 「未应ノ爱」__spell-ucs-087.jpg
[  16% ] _update_scan_actions | 「极光」__spell-rec-071.jpg
[  16% ] _update_scan_actions | 「极光」__spell-soi-149.jpg
[  16% ] _update_scan_actions | 「根下」.jpg
[  16% ] _update_scan_actions | 「樱华ノ月」__spell-kmo-020.jpg
[  16% ] _update_scan_actions | 「樱华ノ月」__spell-rec-060.jpg
[  16% ] _update_scan_actions | 「樱华ノ月」__spell-soi-099.jpg
[  17% ] _update_scan_actions | 「正义宝塔ノ光」__spell-kmo-022.jpg
[  17% ] _update_scan_actions | 「正义宝塔ノ光」__spell-rec-117.jpg
[  17% ] _update_scan_actions | 「正义宝塔ノ光」__spell-rei-025.jpg
[  17% ] _update_scan_actions | 「正义宝塔ノ光」__spell-soi-182.jpg
[  17% ] _update_scan_actions | 「死神的大镰」.jpg
[  17% ] _update_scan_actions | 「永夜归返-丑ノ刻-」.jpg
[  17% ] _update_scan_actions | 「永夜归返-子ノ刻-」__spell-rec-021.jpg
[  17% ] _update_scan_actions | 「永夜归返-子ノ刻-」__spell-soi-164.jpg
[  18% ] _update_scan_actions | 「永夜归还-待宵-」.jpg
[  18% ] _update_scan_actions | 「永夜蛰居」__spell-rec-067.jpg
[  18% ] _update_scan_actions | 「永夜蛰居」__spell-soi-136.jpg
[  18% ] _update_scan_actions | 「河童背包」__item-fdn-078.jpg
[  18% ] _update_scan_actions | 「河童背包」__item-ucs-012.jpg
[  18% ] _update_scan_actions | 「活动记录」__spell-htk-026.jpg
[  18% ] _update_scan_actions | 「活动记录」__spell-soi-116.jpg
[  18% ] _update_scan_actions | 「深红ノ进击」__spell-kmo-023.jpg
[  19% ] _update_scan_actions | 「深红ノ进击」__spell-rec-072.jpg
[  19% ] _update_scan_actions | 「深红ノ进击」__spell-soi-150.jpg
[  19% ] _update_scan_actions | 「游星弹幕“X”」.jpg
[  19% ] _update_scan_actions | 「游行圣」__spell-rec-076.jpg
[  19% ] _update_scan_actions | 「游行圣」__spell-soi-165.jpg
[  19% ] _update_scan_actions | 「湖上」__spell-htk-020.jpg
[  19% ] _update_scan_actions | 「湖上」__spell-soi-131.jpg
[  19% ] _update_scan_actions | 「灵击符」.jpg
[  20% ] _update_scan_actions | 「甜蜜时刻」__spell-kmo-018.jpg
[  20% ] _update_scan_actions | 「甜蜜时刻」__spell-rec-062.jpg
[  20% ] _update_scan_actions | 「甜蜜时刻」__spell-soi-115.jpg
[  20% ] _update_scan_actions | 「畜生调服」.jpg
[  20% ] _update_scan_actions | 「白玉楼ノ夕」.jpg
[  20% ] _update_scan_actions | 「百万鬼夜行」.jpg
[  20% ] _update_scan_actions | 「祈雨ノ阵」.jpg
[  20% ] _update_scan_actions | 「神ノ通径」.jpg
[  21% ] _update_scan_actions | 「神ノ风」__spell-rec-068.jpg
[  21% ] _update_scan_actions | 「神ノ风」__spell-soi-140.jpg
[  21% ] _update_scan_actions | 「神明ノ威光」.jpg
[  21% ] _update_scan_actions | 「神游」__spell-htk-023.jpg
[  21% ] _update_scan_actions | 「神游」__spell-htk-024.jpg
[  21% ] _update_scan_actions | 「神游」__spell-soi-137.jpg
[  21% ] _update_scan_actions | 「秋」__spell-rec-070.jpg
[  22% ] _update_scan_actions | 「秋」__spell-soi-148.jpg
[  22% ] _update_scan_actions | 「秋意ノ溪」__spell-kmo-021.jpg
[  22% ] _update_scan_actions | 「秋意ノ溪」__spell-soi-097.jpg
[  22% ] _update_scan_actions | 「秘神ノ门扉」__spell-rec-019.jpg
[  22% ] _update_scan_actions | 「秘神ノ门扉」__spell-soi-155.jpg
[  22% ] _update_scan_actions | 「稻田姬ノ秋」__spell-soi-110.jpg
[  22% ] _update_scan_actions | 「稻田姬ノ秋」__spell-ucs-086.jpg
[  22% ] _update_scan_actions | 「红色ノ幻想乡」__spell-fdf-ex05.jpg
[  23% ] _update_scan_actions | 「红色ノ幻想乡」__spell-ucs-024.jpg
[  23% ] _update_scan_actions | 「约定」.jpg
[  23% ] _update_scan_actions | 「结界ノ一侧」.jpg
[  23% ] _update_scan_actions | 「缘起ノ幻想乡」__spell-htk-022.jpg
[  23% ] _update_scan_actions | 「缘起ノ幻想乡」__spell-soi-114.jpg
[  23% ] _update_scan_actions | 「背德ノ吸血鬼」.jpg
[  23% ] _update_scan_actions | 「花ノ幻想」__spell-rec-074.jpg
[  23% ] _update_scan_actions | 「花ノ幻想」__spell-soi-152.jpg
[  24% ] _update_scan_actions | 「花ノ都」.jpg
[  24% ] _update_scan_actions | 「花田的妖精」.jpg
[  24% ] _update_scan_actions | 「萤火ノ天」__spell-smm-017.jpg
[  24% ] _update_scan_actions | 「萤火ノ天」__spell-soi-106.jpg
[  24% ] _update_scan_actions | 「萤燈ノ森」__spell-rec-079.jpg
[  24% ] _update_scan_actions | 「萤燈ノ森」__spell-soi-168.jpg
[  24% ] _update_scan_actions | 「蓬莱的玉枝」.jpg
[  24% ] _update_scan_actions | 「蕾米莉亚的烛台」__item-kmo-025.jpg
[  25% ] _update_scan_actions | 「蕾米莉亚的烛台」__item-rec-002.jpg
[  25% ] _update_scan_actions | 「蕾米莉亚的烛台」__item-soi-098.jpg
[  25% ] _update_scan_actions | 「血族的末裔」__spell-kmo-004.jpg
[  25% ] _update_scan_actions | 「血族的末裔」__spell-rec-006.jpg
[  25% ] _update_scan_actions | 「起床ノ地灵殿」.jpg
[  25% ] _update_scan_actions | 「逸脱者ノ光」.jpg
[  25% ] _update_scan_actions | 「雾川」.jpg
[  25% ] _update_scan_actions | 「青ノ花」__spell-fdn-069.jpg
[  26% ] _update_scan_actions | 「青ノ花」__spell-htk-009.jpg
[  26% ] _update_scan_actions | 「静空」__spell-rec-073.jpg
[  26% ] _update_scan_actions | 「静空」__spell-soi-151.jpg
[  26% ] _update_scan_actions | 「风祝的头饰」.jpg
[  26% ] _update_scan_actions | 「风神的神德」__spell-rec-016.jpg
[  26% ] _update_scan_actions | 「风神的神德」__spell-soi-156.jpg
[  26% ] _update_scan_actions | 「飘上月球、不死之烟」.jpg
[  26% ] _update_scan_actions | 「香霖堂的谜之书籍」.jpg
[  27% ] _update_scan_actions | 「魔理沙的元素瓶」__item-htk-029.jpg
[  27% ] _update_scan_actions | 「魔理沙的元素瓶」__item-rec-004.jpg
[  27% ] _update_scan_actions | 「魔理沙的元素瓶」__item-smm-024.jpg
[  27% ] _update_scan_actions | 「魔理沙的元素瓶」__item-soi-100.jpg
[  27% ] _update_scan_actions | 「鲸落」.jpg
[  27% ] _update_scan_actions | 七曜魔法使「帕秋莉·诺蕾姬」__character-mar-ex01.jpg
[  27% ] _update_scan_actions | 七曜魔法使「帕秋莉·诺蕾姬」__character-rec-027.jpg
[  27% ] _update_scan_actions | 七曜魔法使「帕秋莉·诺蕾姬」__character-soi-083.jpg
[  28% ] _update_scan_actions | 七色的人偶使「爱丽丝·玛格特洛依德」__character-fdn-050.jpg
[  28% ] _update_scan_actions | 七色的人偶使「爱丽丝·玛格特洛依德」__character-rec-024.jpg
[  28% ] _update_scan_actions | 七色的人偶使「爱丽丝·玛格特洛依德」__character-soi-079.jpg
[  28% ] _update_scan_actions | 七色的人偶使「爱丽丝·玛格特洛依德」__character-ucs-074.jpg
[  28% ] _update_scan_actions | 三月精「斯塔·萨菲雅」__character-lof-016.jpg
[  28% ] _update_scan_actions | 三月精「斯塔·萨菲雅」__character-soi-005.jpg
[  28% ] _update_scan_actions | 三途川之引渡人「小野冢小町」__character-kmo-011.jpg
[  29% ] _update_scan_actions | 三途川之引渡人「小野冢小町」__character-soi-028.jpg
[  29% ] _update_scan_actions | 上海人偶__character-fdn-077.jpg
[  29% ] _update_scan_actions | 上海人偶__character-soi-010.jpg
[  29% ] _update_scan_actions | 上海人偶__character-ucs-084.jpg
[  29% ] _update_scan_actions | 不动的大图书馆「帕秋莉·诺蕾姬」.jpg
[  29% ] _update_scan_actions | 不明物体.jpg
[  29% ] _update_scan_actions | 不死「火鳥-鳳翼天翔-」.jpg
[  29% ] _update_scan_actions | 丰收之秋「秋穰子」__character-kmo-009.jpg
[  30% ] _update_scan_actions | 丰收之秋「秋穰子」__character-rec-088.jpg
[  30% ] _update_scan_actions | 丰收之秋「秋穰子」__character-rei-023.jpg
[  30% ] _update_scan_actions | 丰收之秋「秋穰子」__character-soi-012.jpg
[  30% ] _update_scan_actions | 乐园的可爱巫女「博丽灵梦」__character-fdn-047.jpg
[  30% ] _update_scan_actions | 乐园的可爱巫女「博丽灵梦」__character-soi-071.jpg
[  30% ] _update_scan_actions | 乐园的可爱巫女「博丽灵梦」__character-ucs-001.jpg
[  30% ] _update_scan_actions | 乐园的可爱巫女「博丽灵梦」__character-ucs-075.jpg
[  30% ] _update_scan_actions | 二百由旬之一闪「魂魄妖梦」__character-fdn-054.jpg
[  31% ] _update_scan_actions | 二百由旬之一闪「魂魄妖梦」__character-soi-089.jpg
[  31% ] _update_scan_actions | 二百由旬之一闪「魂魄妖梦」__character-ucs-091.jpg
[  31% ] _update_scan_actions | 五谷丰穰之神德「东风谷早苗」__character-lof-003.jpg
[  31% ] _update_scan_actions | 五谷丰穰之神德「东风谷早苗」__character-lof-ex.jpg
[  31% ] _update_scan_actions | 亡乡「亡我乡-彷徨ノ灵魂」.jpg
[  31% ] _update_scan_actions | 人符「现世斩」__spell-fdn-072.jpg
[  31% ] _update_scan_actions | 人符「现世斩」__spell-ucs-029.jpg
[  31% ] _update_scan_actions | 人鬼「未来永劫斩-樱-」.jpg
[  32% ] _update_scan_actions | 仲夏的妖精「爱塔妮缇拉尔瓦」__character-lof-017.jpg
[  32% ] _update_scan_actions | 仲夏的妖精「爱塔妮缇拉尔瓦」__character-soi-002.jpg
[  32% ] _update_scan_actions | 传统的幻想记者「射命丸文」.jpg
[  32% ] _update_scan_actions | 使人做梦的妖怪「哆来咪·苏伊特」.jpg
[  32% ] _update_scan_actions | 侦察的天狗.jpg
[  32% ] _update_scan_actions | 光击「射月」__spell-mar-012.jpg
[  32% ] _update_scan_actions | 光击「射月」__spell-ucs-049.jpg
[  32% ] _update_scan_actions | 光晕「唐伞惊吓闪光」.jpg
[  33% ] _update_scan_actions | 光符「最初ノ人形」.jpg
[  33% ] _update_scan_actions | 八坂的神风「八坂神奈子」__character-rec-028.jpg
[  33% ] _update_scan_actions | 八坂的神风「八坂神奈子」__character-soi-084.jpg
[  33% ] _update_scan_actions | 再思ノ道.jpg
[  33% ] _update_scan_actions | 冥界__field-rec-020.jpg
[  33% ] _update_scan_actions | 冥界__field-smm-003.jpg
[  33% ] _update_scan_actions | 冥符「虹色ノ冥界」.jpg
[  33% ] _update_scan_actions | 冬之妖怪「蕾蒂·霍瓦特洛克」__character-htk-012.jpg
[  34% ] _update_scan_actions | 冬之妖怪「蕾蒂·霍瓦特洛克」__character-soi-014.jpg
[  34% ] _update_scan_actions | 冻符「冰柱海潮」.jpg
[  34% ] _update_scan_actions | 冻符「完美冻结」__spell-lof-021.jpg
[  34% ] _update_scan_actions | 冻符「完美冻结」__spell-soi-161.jpg
[  34% ] _update_scan_actions | 凭依「喜怒哀乐附体」.jpg
[  34% ] _update_scan_actions | 刚欲同盟盟主「饕餮尤魔」.jpg
[  34% ] _update_scan_actions | 剧毒的死体「宫古芳香」.jpg
[  34% ] _update_scan_actions | 勤奋的图书管理员「小恶魔」__character-mar-023.jpg
[  35% ] _update_scan_actions | 勤奋的图书管理员「小恶魔」__character-ucs-055.jpg
[  35% ] _update_scan_actions | 半灵衍生物__token-fdn-084.jpg
[  35% ] _update_scan_actions | 半灵衍生物__token-ucs-099.jpg
[  35% ] _update_scan_actions | 华之大江山「星熊勇仪」.jpg
[  35% ] _update_scan_actions | 华胥的亡灵「西行寺幽幽子」__character-rec-007.jpg
[  35% ] _update_scan_actions | 华胥的亡灵「西行寺幽幽子」__character-soi-072.jpg
[  35% ] _update_scan_actions | 博丽神社__field-rec-081.jpg
[  36% ] _update_scan_actions | 博丽神社__field-rei-016.jpg
[  36% ] _update_scan_actions | 博丽神社__field-soi-103.jpg
[  36% ] _update_scan_actions | 反应「妖怪测谎仪」.jpg
[  36% ] _update_scan_actions | 可怕的波动「芙兰朵露·斯卡蕾特」__character-rec-114.jpg
[  36% ] _update_scan_actions | 可怕的波动「芙兰朵露·斯卡蕾特」__character-soi-008.jpg
[  36% ] _update_scan_actions | 名誉「十二阶の色彩」.jpg
[  36% ] _update_scan_actions | 后符「秘神ノ后光」.jpg
[  36% ] _update_scan_actions | 吞噬历史的半兽「上白泽慧音」__character-fdf-ex05.jpg
[  37% ] _update_scan_actions | 吞噬历史的半兽「上白泽慧音」__character-rec-008.jpg
[  37% ] _update_scan_actions | 吞噬历史的半兽「上白泽慧音」__character-soi-073.jpg
[  37% ] _update_scan_actions | 吸血鬼衍生物__token-fdf-133.jpg
[  37% ] _update_scan_actions | 吸血鬼衍生物__token-fdn-083.jpg
[  37% ] _update_scan_actions | 四天王奥义「三步坏废」__spell-fdn-057.jpg
[  37% ] _update_scan_actions | 四天王奥义「三步坏废」__spell-ucs-026.jpg
[  37% ] _update_scan_actions | 四季鲜花之主「风见幽香」__character-rec-041.jpg
[  37% ] _update_scan_actions | 四季鲜花之主「风见幽香」__character-soi-088.jpg
[  38% ] _update_scan_actions | 四季鲜花之主「风见幽香」__character-ucs-ex01.jpg
[  38% ] _update_scan_actions | 回声山彦「幽谷响子」__character-rec-083.jpg
[  38% ] _update_scan_actions | 回声山彦「幽谷响子」__character-soi-068.jpg
[  38% ] _update_scan_actions | 回忆「恐怖催眠术」.jpg
[  38% ] _update_scan_actions | 土符「Lazy Trilithon」.jpg
[  38% ] _update_scan_actions | 土著神「小小青蛙不输风雨」__spell-rec-049.jpg
[  38% ] _update_scan_actions | 土著神「小小青蛙不输风雨」__spell-soi-157.jpg
[  38% ] _update_scan_actions | 土著神之顶「洩矢诹访子」__character-fdn-049.jpg
[  39% ] _update_scan_actions | 土著神之顶「洩矢诹访子」__character-rec-045.jpg
[  39% ] _update_scan_actions | 土著神之顶「洩矢诹访子」__character-soi-095.jpg
[  39% ] _update_scan_actions | 地壳下的嫉妒心「水桥帕露西」__character-kmo-016.jpg
[  39% ] _update_scan_actions | 地壳下的嫉妒心「水桥帕露西」__character-rec-098.jpg
[  39% ] _update_scan_actions | 地壳下的嫉妒心「水桥帕露西」__character-soi-025.jpg
[  39% ] _update_scan_actions | 地底的太阳「灵乌路空」__character-rec-025.jpg
[  39% ] _update_scan_actions | 地底的太阳「灵乌路空」__character-soi-080.jpg
[  39% ] _update_scan_actions | 地底的太阳「灵乌路空」__character-ucs-ex02.jpg
[  40% ] _update_scan_actions | 地灵殿的妖精.jpg
[  40% ] _update_scan_actions | 地狱的口岸神「庭渡久诧歌」.jpg
[  40% ] _update_scan_actions | 地狱的妖精「克劳恩皮丝」__character-lof-011.jpg
[  40% ] _update_scan_actions | 地狱的妖精「克劳恩皮丝」__character-soi-036.jpg
[  40% ] _update_scan_actions | 地狱的最高裁判长「四季映姬」__character-kmo-014.jpg
[  40% ] _update_scan_actions | 地狱的最高裁判长「四季映姬」__character-rec-103.jpg
[  40% ] _update_scan_actions | 地狱的最高裁判长「四季映姬」__character-soi-037.jpg
[  40% ] _update_scan_actions | 地狱的轮祸「火焰猫燐」__character-rec-043.jpg
[  41% ] _update_scan_actions | 地狱的轮祸「火焰猫燐」__character-soi-093.jpg
[  41% ] _update_scan_actions | 埴轮泰坦.jpg
[  41% ] _update_scan_actions | 塞符「天上天下ノ照国」.jpg
[  41% ] _update_scan_actions | 塞符「天上天下的照国」.jpg
[  41% ] _update_scan_actions | 夏的妖精「爱塔妮缇拉尔瓦」__character-fdn-060.jpg
[  41% ] _update_scan_actions | 夏的妖精「爱塔妮缇拉尔瓦」__character-lof-005.jpg
[  41% ] _update_scan_actions | 夏的妖精「爱塔妮缇拉尔瓦」__character-rei-ex01.jpg
[  41% ] _update_scan_actions | 夜王「Deacula Cradle」.jpg
[  42% ] _update_scan_actions | 夜符「Queen of Midnight」.jpg
[  42% ] _update_scan_actions | 夜雀「米斯蒂娅·萝蕾拉」__character-htk-008.jpg
[  42% ] _update_scan_actions | 夜雀「米斯蒂娅·萝蕾拉」__character-soi-024.jpg
[  42% ] _update_scan_actions | 大地的守护神「比那名居天子」__character-fdf-ex04.jpg
[  42% ] _update_scan_actions | 大地的守护神「比那名居天子」__character-rec-044.jpg
[  42% ] _update_scan_actions | 大地的守护神「比那名居天子」__character-soi-094.jpg
[  42% ] _update_scan_actions | 大天狗.jpg
[  43% ] _update_scan_actions | 大妖精__character-lof-013.jpg
[  43% ] _update_scan_actions | 大妖精__character-smm13.jpg
[  43% ] _update_scan_actions | 大妖精__character-soi-007.jpg
[  43% ] _update_scan_actions | 大海的正义「村纱水蜜」__character-rec-022.jpg
[  43% ] _update_scan_actions | 大海的正义「村纱水蜜」__character-soi-062.jpg
[  43% ] _update_scan_actions | 大结界的巫女「博丽灵梦」__character-rei-001.jpg
[  43% ] _update_scan_actions | 大结界的巫女「博丽灵梦」__character-rei-ex.jpg
[  43% ] _update_scan_actions | 天地上等「比那名居天子」.jpg
[  44% ] _update_scan_actions | 天才的造型神「埴安神袿姬」.jpg
[  44% ] _update_scan_actions | 天狗记者「射命丸文」__character-kmo-015.jpg
[  44% ] _update_scan_actions | 天狗记者「射命丸文」__character-rec-094.jpg
[  44% ] _update_scan_actions | 天狗记者「射命丸文」__character-soi-020.jpg
[  44% ] _update_scan_actions | 天符「天道是非ノ剑」.jpg
[  44% ] _update_scan_actions | 奇迹「白昼ノ客星」.jpg
[  44% ] _update_scan_actions | 女仆秘技「杀人玩偶」.jpg
[  44% ] _update_scan_actions | 妖云「平安时代ノ黑云」.jpg
[  45% ] _update_scan_actions | 妖剑「辉针剑」.jpg
[  45% ] _update_scan_actions | 妖怪「火焰ノ车轮」__spell-rec-078.jpg
[  45% ] _update_scan_actions | 妖怪「火焰ノ车轮」__spell-soi-166.jpg
[  45% ] _update_scan_actions | 妖怪之山的哨戒「犬走椛」.jpg
[  45% ] _update_scan_actions | 妖怪之山的妖精.jpg
[  45% ] _update_scan_actions | 妖精们的居所.jpg
[  45% ] _update_scan_actions | 妖魔书.jpg
[  45% ] _update_scan_actions | 姥面.jpg
[  46% ] _update_scan_actions | 孤影悄然的妖怪「古明地觉」.jpg
[  46% ] _update_scan_actions | 孤援的造型神「埴安神袿姬」__character-rec-023.jpg
[  46% ] _update_scan_actions | 孤援的造型神「埴安神袿姬」__character-soi-047.jpg
[  46% ] _update_scan_actions | 守矢神社.jpg
[  46% ] _update_scan_actions | 完美而潇洒的从者「十六夜咲夜」.jpg
[  46% ] _update_scan_actions | 宝具「阴阳鬼神玉」__spell-fdf-020.jpg
[  46% ] _update_scan_actions | 宝具「阴阳鬼神玉」__spell-fdf-ex.jpg
[  46% ] _update_scan_actions | 宝具「阴阳鬼神玉」__spell-rei-010.jpg
[  47% ] _update_scan_actions | 实验中「歌莉娅人形」.jpg
[  47% ] _update_scan_actions | 实验中的魔女「雾雨魔理沙」__character-mar-020.jpg
[  47% ] _update_scan_actions | 实验中的魔女「雾雨魔理沙」__character-ucs-028.jpg
[  47% ] _update_scan_actions | 宵暗的妖怪「露米娅」__character-rec-091.jpg
[  47% ] _update_scan_actions | 宵暗的妖怪「露米娅」__character-soi-017.jpg
[  47% ] _update_scan_actions | 富士见之女.jpg
[  47% ] _update_scan_actions | 小人的公主「少名针妙丸」.jpg
[  47% ] _update_scan_actions | 小人的后裔「少名针妙丸」__character-rec-039.jpg
[  48% ] _update_scan_actions | 小人的后裔「少名针妙丸」__character-smm01.jpg
[  48% ] _update_scan_actions | 小人衍生物.jpg
[  48% ] _update_scan_actions | 小号手「梅露兰·普莉兹姆利巴」__character-htk-011.jpg
[  48% ] _update_scan_actions | 小号手「梅露兰·普莉兹姆利巴」__character-soi-032.jpg
[  48% ] _update_scan_actions | 小夜岚的女仆「十六夜咲夜」__character-fdn-052.jpg
[  48% ] _update_scan_actions | 小夜岚的女仆「十六夜咲夜」__character-ucs-032.jpg
[  48% ] _update_scan_actions | 小小的贤将「纳兹琳」.jpg
[  48% ] _update_scan_actions | 小弹「小人ノ道路」.jpg
[  49% ] _update_scan_actions | 小径的红叶巫女「博丽灵梦」__character-rei-017.jpg
[  49% ] _update_scan_actions | 小径的红叶巫女「博丽灵梦」__character-ucs-030.jpg
[  49% ] _update_scan_actions | 小恶魔__character-rec-090.jpg
[  49% ] _update_scan_actions | 小恶魔__character-soi-016.jpg
[  49% ] _update_scan_actions | 小槌「变大吧」.jpg
[  49% ] _update_scan_actions | 小锤「变大吧」.jpg
[  49% ] _update_scan_actions | 小面.jpg
[  50% ] _update_scan_actions | 少女秘封俱乐部「宇佐见莲子」.jpg
[  50% ] _update_scan_actions | 少女秘封俱乐部「玛艾露贝莉·赫恩」.jpg
[  50% ] _update_scan_actions | 山坂与湖水的化身「八坂神奈子」__character-fdn-055.jpg
[  50% ] _update_scan_actions | 山坂与湖水的化身「八坂神奈子」__character-ucs-072.jpg
[  50% ] _update_scan_actions | 山童士兵__character-rec-112.jpg
[  50% ] _update_scan_actions | 山童士兵__character-soi-055.jpg
[  50% ] _update_scan_actions | 山童探险家.jpg
[  50% ] _update_scan_actions | 川雾的引航人「小野冢小町」.jpg
[  51% ] _update_scan_actions | 巡秋而来「秋静叶」__character-kmo-010.jpg
[  51% ] _update_scan_actions | 巡秋而来「秋静叶」__character-rec-089.jpg
[  51% ] _update_scan_actions | 巡秋而来「秋静叶」__character-soi-013.jpg
[  51% ] _update_scan_actions | 巧言令色的白兔「因幡帝」.jpg
[  51% ] _update_scan_actions | 布加勒斯特的人偶师「爱丽丝·玛格特罗伊德」.jpg
[  51% ] _update_scan_actions | 常置阵.jpg
[  51% ] _update_scan_actions | 平安时代的妖怪「封兽鵺」.jpg
[  51% ] _update_scan_actions | 幸运的白兔「因幡帝」__character-rec-096.jpg
[  52% ] _update_scan_actions | 幸运的白兔「因幡帝」__character-rei-019.jpg
[  52% ] _update_scan_actions | 幸运的白兔「因幡帝」__character-smm10.jpg
[  52% ] _update_scan_actions | 幸运的白兔「因幡帝」__character-soi-022.jpg
[  52% ] _update_scan_actions | 幻世「the world」__spell-rec-047.jpg
[  52% ] _update_scan_actions | 幻世「the world」__spell-soi-125.jpg
[  52% ] _update_scan_actions | 幻在「Clock Corpse」.jpg
[  52% ] _update_scan_actions | 幻巢「飞光虫ノ巢」__spell-rec-063.jpg
[  52% ] _update_scan_actions | 幻巢「飞光虫ノ巢」__spell-soi-119.jpg
[  53% ] _update_scan_actions | 幻想「第一种永久机关」__spell-fdn-058.jpg
[  53% ] _update_scan_actions | 幻想「第一种永久机关」__spell-ucs-019.jpg
[  53% ] _update_scan_actions | 幻想「花鸟风月、啸风弄月」.jpg
[  53% ] _update_scan_actions | 幻想乡的记忆「稗田阿求」__character-rec-109.jpg
[  53% ] _update_scan_actions | 幻想乡的记忆「稗田阿求」__character-smm14.jpg
[  53% ] _update_scan_actions | 幻想乡的记忆「稗田阿求」__character-soi-046.jpg
[  53% ] _update_scan_actions | 幻想的冬天之物「蕾蒂·霍瓦特洛克」__character-fdf-070.jpg
[  53% ] _update_scan_actions | 幻想的冬天之物「蕾蒂·霍瓦特洛克」__character-mar-019.jpg
[  54% ] _update_scan_actions | 幻想的策士「八云蓝」.jpg
[  54% ] _update_scan_actions | 幻波「赤眼催眠」.jpg
[  54% ] _update_scan_actions | 幻胧的月兔「铃仙·优昙华院·因幡」.jpg
[  54% ] _update_scan_actions | 幻葬「夜雾ノ幻影杀人鬼」.jpg
[  54% ] _update_scan_actions | 幻象衍生物.jpg
[  54% ] _update_scan_actions | 幽冥的剑术家「魂魄妖梦」.jpg
[  54% ] _update_scan_actions | 开海「摩根的奇迹」.jpg
[  54% ] _update_scan_actions | 开海「摩西ノ奇迹」.jpg
[  55% ] _update_scan_actions | 式神「八云蓝」__character-htk-006.jpg
[  55% ] _update_scan_actions | 式神「八云蓝」__character-soi-026.jpg
[  55% ] _update_scan_actions | 引雷的亡灵「苏我屠自古」__character-rec-106.jpg
[  55% ] _update_scan_actions | 引雷的亡灵「苏我屠自古」__character-soi-040.jpg
[  55% ] _update_scan_actions | 彼岸的渡者「小野冢小町」__character-kmo-001.jpg
[  55% ] _update_scan_actions | 彼岸的渡者「小野冢小町」__character-rec-013.jpg
[  55% ] _update_scan_actions | 彼岸的鸡之神「庭渡久侘歌」.jpg
[  55% ] _update_scan_actions | 心ノ箱__field-htk-029.jpg
[  56% ] _update_scan_actions | 心ノ箱__field-soi-106.jpg
[  56% ] _update_scan_actions | 心花「Camera-Shy Rose」.jpg
[  56% ] _update_scan_actions | 忠诚的死体「宫古芳香」__character-rec-036.jpg
[  56% ] _update_scan_actions | 忠诚的死体「宫古芳香」__character-soi-063.jpg
[  56% ] _update_scan_actions | 忠诚的死体「宫古芳香」__character-ucs-080.jpg
[  56% ] _update_scan_actions | 念写记者「姬海棠果」__character-soi-027.jpg
[  56% ] _update_scan_actions | 念写记者「姬海棠果」__character-ucs-ex03.jpg
[  56% ] _update_scan_actions | 怒面「愤怒ノ忌狼面」.jpg
[  57% ] _update_scan_actions | 恋心「Double Spark」.jpg
[  57% ] _update_scan_actions | 恋符「Non-Directional Laser」.jpg
[  57% ] _update_scan_actions | 恋符「极限火花」__spell-mar-009.jpg
[  57% ] _update_scan_actions | 恋符「极限火花」__spell-soi-102.jpg
[  57% ] _update_scan_actions | 恋符「极限火花」__spell-ucs-078.jpg
[  57% ] _update_scan_actions | 恶魔之妹「芙兰朵露·斯卡蕾特」__character-fdf-ex01.jpg
[  57% ] _update_scan_actions | 恶魔之妹「芙兰朵露·斯卡蕾特」__character-rec-042.jpg
[  58% ] _update_scan_actions | 恶魔之妹「芙兰朵露·斯卡蕾特」__character-soi-091.jpg
[  58% ] _update_scan_actions | 恶魔的门番「红美铃」__character-rec-111.jpg
[  58% ] _update_scan_actions | 恶魔的门番「红美铃」__character-soi-049.jpg
[  58% ] _update_scan_actions | 惊天动地的唐伞妖怪「多多良小伞」__character-fdn-051.jpg
[  58% ] _update_scan_actions | 惊天动地的唐伞妖怪「多多良小伞」__character-ucs-071.jpg
[  58% ] _update_scan_actions | 想起「恐怖ノ回忆」__spell-rec-077.jpg
[  58% ] _update_scan_actions | 想起「恐怖ノ回忆」__spell-soi-162.jpg
[  58% ] _update_scan_actions | 意识之底「古明地觉&古明地恋」.jpg
[  59% ] _update_scan_actions | 战栗的蓬莱人「藤原妹红」.jpg
[  59% ] _update_scan_actions | 战符「小小军势」__spell-rec-050.jpg
[  59% ] _update_scan_actions | 战符「小小军势」__spell-soi-159.jpg
[  59% ] _update_scan_actions | 执符「御射山御狩神事」.jpg
[  59% ] _update_scan_actions | 投钱「宵越ノ钱」.jpg
[  59% ] _update_scan_actions | 换命「不惜身命，可惜身命」.jpg
[  59% ] _update_scan_actions | 探宝队员「纳兹琳」__character-htk-007.jpg
[  59% ] _update_scan_actions | 探宝队员「纳兹琳」__character-soi-065.jpg
[  60% ] _update_scan_actions | 探宝队员「纳兹琳」__character-ucs-081.jpg
[  60% ] _update_scan_actions | 控龙的少女「物部布都」.jpg
[  60% ] _update_scan_actions | 提琴手「露娜萨·普莉兹姆利巴」__character-kmo-012.jpg
[  60% ] _update_scan_actions | 提琴手「露娜萨·普莉兹姆利巴」__character-rec-099.jpg
[  60% ] _update_scan_actions | 提琴手「露娜萨·普莉兹姆利巴」__character-soi-030.jpg
[  60% ] _update_scan_actions | 操符「乙女文乐」.jpg
[  60% ] _update_scan_actions | 断迷剑「迷津慈航斩」.jpg
[  60% ] _update_scan_actions | 新史「新幻想史-现代史-」.jpg
[  61% ] _update_scan_actions | 新闻素材.jpg
[  61% ] _update_scan_actions | 无名ノ丘__field-lof-023.jpg
[  61% ] _update_scan_actions | 无名ノ丘__field-soi-104.jpg
[  61% ] _update_scan_actions | 无名的读书妖怪「朱鹭子」__character-mar-025.jpg
[  61% ] _update_scan_actions | 无名的读书妖怪「朱鹭子」__character-rec-108.jpg
[  61% ] _update_scan_actions | 无名的读书妖怪「朱鹭子」__character-smm08.jpg
[  61% ] _update_scan_actions | 无名的读书妖怪「朱鹭子」__character-soi-042.jpg
[  61% ] _update_scan_actions | 无理非道的仙人「霍青娥」.jpg
[  62% ] _update_scan_actions | 无间之钟「姬海棠果」.jpg
[  62% ] _update_scan_actions | 日之光「桑尼·米尔克」__character-lof-010.jpg
[  62% ] _update_scan_actions | 日之光「桑尼·米尔克」__character-soi-001.jpg
[  62% ] _update_scan_actions | 日符「皇家烈焰」.jpg
[  62% ] _update_scan_actions | 旧史「旧秘境史-古代史-」__spell-rec-046.jpg
[  62% ] _update_scan_actions | 旧史「旧秘境史-古代史-」__spell-soi-123.jpg
[  62% ] _update_scan_actions | 旧地狱的宠物妖怪「火焰猫燐」__character-fdn-053.jpg
[  62% ] _update_scan_actions | 旧地狱的宠物妖怪「火焰猫燐」__character-fdn-081.jpg
[  63% ] _update_scan_actions | 旧地狱的宠物妖怪「火焰猫燐」__character-ucs-038.jpg
[  63% ] _update_scan_actions | 旧都__field-fdf-108.jpg
[  63% ] _update_scan_actions | 旧都__field-ucs-062.jpg
[  63% ] _update_scan_actions | 早苗的御币.jpg
[  63% ] _update_scan_actions | 时符「Private Square」.jpg
[  63% ] _update_scan_actions | 星符「Escape Velocity」__spell-fdf-019.jpg
[  63% ] _update_scan_actions | 星符「Escape Velocity」__spell-mar-011.jpg
[  63% ] _update_scan_actions | 星符「Meteonic Shower」__spell-fdf-023.jpg
[  64% ] _update_scan_actions | 星符「Meteonic Shower」__spell-mar-010.jpg
[  64% ] _update_scan_actions | 星降之处的道士「丰聪耳神子」__character-fdn-056.jpg
[  64% ] _update_scan_actions | 星降之处的道士「丰聪耳神子」__character-ucs-069.jpg
[  64% ] _update_scan_actions | 星降的风水师「物部布都」__character-htk-013.jpg
[  64% ] _update_scan_actions | 星降的风水师「物部布都」__character-soi-051.jpg
[  64% ] _update_scan_actions | 春的另一面「莉莉黑」__character-fdn-068.jpg
[  64% ] _update_scan_actions | 春的另一面「莉莉黑」__character-htk-003.jpg
[  65% ] _update_scan_actions | 普通的魔法使「雾雨魔理沙」__character-rec-051.jpg
[  65% ] _update_scan_actions | 普通的魔法使「雾雨魔理沙」__character-soi-070.jpg
[  65% ] _update_scan_actions | 普通的魔法使「雾雨魔理沙」__character-soi-096.jpg
[  65% ] _update_scan_actions | 普通的魔法使「雾雨魔理沙」__character-ucs-076.jpg
[  65% ] _update_scan_actions | 暗中的光虫「莉格露·奈特巴格」__character-rec-095.jpg
[  65% ] _update_scan_actions | 暗中的光虫「莉格露·奈特巴格」__character-soi-021.jpg
[  65% ] _update_scan_actions | 月之光「露娜·切露德」__character-rec-085.jpg
[  65% ] _update_scan_actions | 月之光「露娜·切露德」__character-soi-003.jpg
[  66% ] _update_scan_actions | 月之头脑「八意永琳」__character-fdf-116.jpg
[  66% ] _update_scan_actions | 月之头脑「八意永琳」__character-ucs-070.jpg
[  66% ] _update_scan_actions | 月之都的射手「清兰」__character-mar-022.jpg
[  66% ] _update_scan_actions | 月之都的射手「清兰」__character-ucs-051.jpg
[  66% ] _update_scan_actions | 月兔衍生物.jpg
[  66% ] _update_scan_actions | 月符「静寂ノ月神」.jpg
[  66% ] _update_scan_actions | 有顶ノ天__field-rec-080.jpg
[  66% ] _update_scan_actions | 有顶ノ天__field-smm-002.jpg
[  67% ] _update_scan_actions | 木符「Sylphy Horn」.jpg
[  67% ] _update_scan_actions | 未知力量X「封兽ぬえ」.jpg
[  67% ] _update_scan_actions | 未确认幻想飞行物「封兽ぬえ」__character-rec-030.jpg
[  67% ] _update_scan_actions | 本能「本我的解放」__spell-rec-064.jpg
[  67% ] _update_scan_actions | 本能「本我的解放」__spell-soi-130.jpg
[  67% ] _update_scan_actions | 柳树下的首级「赤蛮奇」.jpg
[  67% ] _update_scan_actions | 栖息于淡水的人鱼「若鹭姬」.jpg
[  67% ] _update_scan_actions | 核热「核反应制御不能」.jpg
[  68% ] _update_scan_actions | 梦符「二重结界」__spell-fdf-011.jpg
[  68% ] _update_scan_actions | 梦符「二重结界」__spell-rei-008.jpg
[  68% ] _update_scan_actions | 樱符「Sense of Cherry Blossom」.jpg
[  68% ] _update_scan_actions | 橙__character-rec-110.jpg
[  68% ] _update_scan_actions | 橙__character-smm12.jpg
[  68% ] _update_scan_actions | 橙__character-soi-048.jpg
[  68% ] _update_scan_actions | 死价「price of life」.jpg
[  68% ] _update_scan_actions | 死歌「八重雾中渡」.jpg
[  69% ] _update_scan_actions | 死灵「死ノ妖精」.jpg
[  69% ] _update_scan_actions | 死神「彼岸归航」__spell-kmo-002.jpg
[  69% ] _update_scan_actions | 死神「彼岸归航」__spell-rec-053.jpg
[  69% ] _update_scan_actions | 毗沙门天「寅丸星」__character-rec-082.jpg
[  69% ] _update_scan_actions | 毗沙门天「寅丸星」__character-rei-022.jpg
[  69% ] _update_scan_actions | 毗沙门天「寅丸星」__character-soi-067.jpg
[  69% ] _update_scan_actions | 毗沙门天「寅丸星」__character-ucs-082.jpg
[  69% ] _update_scan_actions | 水中工程师「河城荷取」.jpg
[  70% ] _update_scan_actions | 水中的迷彩「河城荷取」.jpg
[  70% ] _update_scan_actions | 水符「Princess Undine」.jpg
[  70% ] _update_scan_actions | 水难事故的化身「村纱水蜜」.jpg
[  70% ] _update_scan_actions | 永远与须臾的罪人「蓬莱山辉夜」__character-fdn-059.jpg
[  70% ] _update_scan_actions | 永远与须臾的罪人「蓬莱山辉夜」__character-fdn-080.jpg
[  70% ] _update_scan_actions | 永远与须臾的罪人「蓬莱山辉夜」__character-soi-087.jpg
[  70% ] _update_scan_actions | 永远与须臾的罪人「蓬莱山辉夜」__character-ucs-090.jpg
[  70% ] _update_scan_actions | 永远鲜红的幼月「蕾米莉亚·斯卡蕾特」__character-rec-040.jpg
[  71% ] _update_scan_actions | 永远鲜红的幼月「蕾米莉亚·斯卡蕾特」__character-rec-052.jpg
[  71% ] _update_scan_actions | 永远鲜红的幼月「蕾米莉亚·斯卡蕾特」__character-soi-075.jpg
[  71% ] _update_scan_actions | 永远鲜红的幼月「蕾米莉亚·斯卡蕾特」__character-soi-117.jpg
[  71% ] _update_scan_actions | 污秽的有机怪物「天火人血枪」.jpg
[  71% ] _update_scan_actions | 沉着冷静的人狼「今泉影狼」.jpg
[  71% ] _update_scan_actions | 法兰西人偶__character-fdn-075.jpg
[  71% ] _update_scan_actions | 法兰西人偶__character-ucs-048.jpg
[  72% ] _update_scan_actions | 洞窟之网「黑谷山女」.jpg
[  72% ] _update_scan_actions | 活力四射的冰之勇者「琪露诺」.jpg
[  72% ] _update_scan_actions | 深夜食堂店长「米斯蒂娅·萝蕾拉」.jpg
[  72% ] _update_scan_actions | 深层「无意识ノ基因」.jpg
[  72% ] _update_scan_actions | 深山的妖怪「山城高岭」.jpg
[  72% ] _update_scan_actions | 湖上的冰精「琪露诺」__character-lof-015.jpg
[  72% ] _update_scan_actions | 湖上的冰精「琪露诺」__character-soi-082.jpg
[  72% ] _update_scan_actions | 湖畔的住人「大妖精」__character-lof-014.jpg
[  73% ] _update_scan_actions | 湖畔的住人「大妖精」__character-smm11.jpg
[  73% ] _update_scan_actions | 湖畔的住人「大妖精」__character-soi-015.jpg
[  73% ] _update_scan_actions | 漆黑的噬龙者「姬虫百百世」.jpg
[  73% ] _update_scan_actions | 火水木金土符「贤者之石」__spell-rec-048.jpg
[  73% ] _update_scan_actions | 火水木金土符「贤者之石」__spell-soi-133.jpg
[  73% ] _update_scan_actions | 火符「Agni Shine」.jpg
[  73% ] _update_scan_actions | 灵.jpg
[  73% ] _update_scan_actions | 灵符「梦想妙珠」__spell-fdf-004.jpg
[  74% ] _update_scan_actions | 灵符「梦想妙珠」__spell-rei-011.jpg
[  74% ] _update_scan_actions | 灵符「梦想封印-散-」__spell-rei-012.jpg
[  74% ] _update_scan_actions | 灵符「梦想封印-散-」__spell-ucs-047.jpg
[  74% ] _update_scan_actions | 灵符「梦想封印-瞬-」__spell-rei-009.jpg
[  74% ] _update_scan_actions | 灵符「梦想封印-瞬-」__spell-soi-103.jpg
[  74% ] _update_scan_actions | 灵符「梦想封印-瞬-」__spell-ucs-077.jpg
[  74% ] _update_scan_actions | 烤八目鳗.jpg
[  74% ] _update_scan_actions | 爆符「Mage-Flare」.jpg
[  75% ] _update_scan_actions | 狂气月兔「铃仙·优昙华院·因幡」__character-kmo-008.jpg
[  75% ] _update_scan_actions | 狂气月兔「铃仙·优昙华院·因幡」__character-rec-102.jpg
[  75% ] _update_scan_actions | 狂气月兔「铃仙·优昙华院·因幡」__character-soi-035.jpg
[  75% ] _update_scan_actions | 狂气的地狱妖精「克劳恩皮丝」.jpg
[  75% ] _update_scan_actions | 狂符「幻视调率」.jpg
[  75% ] _update_scan_actions | 独臂有角的仙人「茨木华扇」.jpg
[  75% ] _update_scan_actions | 狼女__character-rec-086.jpg
[  75% ] _update_scan_actions | 猫符「Cat’s Walk」.jpg
[  76% ] _update_scan_actions | 玩耍的妖精__character-lof-018.jpg
[  76% ] _update_scan_actions | 玩耍的妖精__character-soi-059.jpg
[  76% ] _update_scan_actions | 甜蜜毒药「梅蒂欣·梅兰可莉」__character-rec-093.jpg
[  76% ] _update_scan_actions | 甜蜜毒药「梅蒂欣·梅兰可莉」__character-soi-019.jpg
[  76% ] _update_scan_actions | 生意兴隆的吉祥物「豪德寺三花」__character-fdf-099.jpg
[  76% ] _update_scan_actions | 生意兴隆的吉祥物「豪德寺三花」__character-mar-026.jpg
[  76% ] _update_scan_actions | 生药「国士无双ノ药」.jpg
[  76% ] _update_scan_actions | 畜生界的藏匿者「吉吊八千慧」.jpg
[  77% ] _update_scan_actions | 白玉ノ阶梯.jpg
[  77% ] _update_scan_actions | 百鬼夜行「伊吹萃香」__character-fdn-065.jpg
[  77% ] _update_scan_actions | 百鬼夜行「伊吹萃香」__character-soi-092.jpg
[  77% ] _update_scan_actions | 百鬼夜行「伊吹萃香」__character-ucs-089.jpg
[  77% ] _update_scan_actions | 知识与避世的少女「帕秋莉·诺蕾姬」__character-mar-021.jpg
[  77% ] _update_scan_actions | 知识与避世的少女「帕秋莉·诺蕾姬」__character-ucs-040.jpg
[  77% ] _update_scan_actions | 祈风之人「东风谷早苗」__character-rec-087.jpg
[  77% ] _update_scan_actions | 祈风之人「东风谷早苗」__character-smm16.jpg
[  78% ] _update_scan_actions | 祈风之人「东风谷早苗」__character-soi-011.jpg
[  78% ] _update_scan_actions | 神志「思兼ノ意志」.jpg
[  78% ] _update_scan_actions | 神技「八方鬼缚阵」.jpg
[  78% ] _update_scan_actions | 神明后裔的亡灵「苏我屠自古」.jpg
[  78% ] _update_scan_actions | 神枪「冈格尼尔」__spell-rec-031.jpg
[  78% ] _update_scan_actions | 神枪「冈格尼尔」__spell-soi-112.jpg
[  78% ] _update_scan_actions | 神祭「Expanded Onbashira」.jpg
[  79% ] _update_scan_actions | 神符「天人ノ系谱」.jpg
[  79% ] _update_scan_actions | 神隐的主犯「八云紫」__character-fdf-ex02.jpg
[  79% ] _update_scan_actions | 神隐的主犯「八云紫」__character-soi-090.jpg
[  79% ] _update_scan_actions | 神隐的主犯「八云紫」__character-ucs-092.jpg
[  79% ] _update_scan_actions | 祭祀风之人「东风谷早苗」__character-rec-010.jpg
[  79% ] _update_scan_actions | 祭祀风之人「东风谷早苗」__character-rei-026.jpg
[  79% ] _update_scan_actions | 祭祀风之人「东风谷早苗」__character-smm07.jpg
[  79% ] _update_scan_actions | 祭祀风之人「东风谷早苗」__character-soi-076.jpg
[  80% ] _update_scan_actions | 禁弹「Catadioptric」.jpg
[  80% ] _update_scan_actions | 禁忌「Four of a Kind」.jpg
[  80% ] _update_scan_actions | 禁忌「莱瓦汀」__spell-rec-032.jpg
[  80% ] _update_scan_actions | 禁忌「莱瓦汀」__spell-soi-107.jpg
[  80% ] _update_scan_actions | 禁止通行「云居一轮&云山」.jpg
[  80% ] _update_scan_actions | 秘仪「弹幕ノ玉茧」.jpg
[  80% ] _update_scan_actions | 秘术「天文密葬法」.jpg
[  80% ] _update_scan_actions | 秘术「遗忘ノ祭仪」.jpg
[  81% ] _update_scan_actions | 秘法「九字切」.jpg
[  81% ] _update_scan_actions | 秘神流雏「键山雏」__character-rec-101.jpg
[  81% ] _update_scan_actions | 秘神流雏「键山雏」__character-soi-034.jpg
[  81% ] _update_scan_actions | 究极的绝对秘神「摩多罗·隐岐奈」.jpg
[  81% ] _update_scan_actions | 究极的绝对秘神「摩多罗隐崎奈」.jpg
[  81% ] _update_scan_actions | 空想人格的保持者「古明地恋」.jpg
[  81% ] _update_scan_actions | 空观剑「六根清净斩」.jpg
[  81% ] _update_scan_actions | 突符「天狗巨漾流」.jpg
[  82% ] _update_scan_actions | 竹林中的狼人「今泉影狼」.jpg
[  82% ] _update_scan_actions | 第三只眼「古明地觉」__character-rec-012.jpg
[  82% ] _update_scan_actions | 第三只眼「古明地觉」__character-soi-078.jpg
[  82% ] _update_scan_actions | 系缚阵.jpg
[  82% ] _update_scan_actions | 紧闭的恋之瞳「古明地恋」__character-rec-009.jpg
[  82% ] _update_scan_actions | 紧闭的恋之瞳「古明地恋」__character-soi-074.jpg
[  82% ] _update_scan_actions | 繁星的引导者「饭纲丸龙」.jpg
[  82% ] _update_scan_actions | 红符「不夜城-RED-」.jpg
[  83% ] _update_scan_actions | 红魔馆__field-rec-035.jpg
[  83% ] _update_scan_actions | 红魔馆__field-soi-102.jpg
[  83% ] _update_scan_actions | 红魔馆的吸血鬼女仆.jpg
[  83% ] _update_scan_actions | 红魔馆的吸血鬼妖精.jpg
[  83% ] _update_scan_actions | 红魔馆的女仆「十六夜咲夜」__character-htk-009.jpg
[  83% ] _update_scan_actions | 红魔馆的女仆「十六夜咲夜」__character-rec-011.jpg
[  83% ] _update_scan_actions | 红魔馆的女仆「十六夜咲夜」__character-soi-077.jpg
[  83% ] _update_scan_actions | 结界「光与暗ノ网目」.jpg
[  84% ] _update_scan_actions | 结界「扩散结界」.jpg
[  84% ] _update_scan_actions | 结界「梦境与现实ノ诅咒」.jpg
[  84% ] _update_scan_actions | 结界「魅力ノ四重结界」.jpg
[  84% ] _update_scan_actions | 绯红的宵暗「蕾米莉亚·斯卡蕾特」.jpg
[  84% ] _update_scan_actions | 绯红的霄暗「蕾米莉亚·斯卡雷特」.jpg
[  84% ] _update_scan_actions | 绿眼的无间妒嫉「水桥帕露西」__character-fdn-070.jpg
[  84% ] _update_scan_actions | 绿眼的无间妒嫉「水桥帕露西」__character-ucs-042.jpg
[  84% ] _update_scan_actions | 美丽的绯之衣「永江衣玖」__character-mar-024.jpg
[  85% ] _update_scan_actions | 美丽的绯之衣「永江衣玖」__character-rec-105.jpg
[  85% ] _update_scan_actions | 美丽的绯之衣「永江衣玖」__character-soi-039.jpg
[  85% ] _update_scan_actions | 美宵之酒.jpg
[  85% ] _update_scan_actions | 耳边低语的邪恶白狐「菅牧典」.jpg
[  85% ] _update_scan_actions | 胆大心细的魔法使「雾雨魔理沙」__character-mar-001.jpg
[  85% ] _update_scan_actions | 胆大心细的魔法使「雾雨魔理沙」__character-mar-ex.jpg
[  85% ] _update_scan_actions | 胆小的小人士兵.jpg
[  86% ] _update_scan_actions | 背德的姐妹「蕾米莉亚&芙兰朵露」.jpg
[  86% ] _update_scan_actions | 脑符「Brain Fingerprint」.jpg
[  86% ] _update_scan_actions | 腹黑的人鱼公主「若鹭姬」.jpg
[  86% ] _update_scan_actions | 自异星而来的物体.jpg
[  86% ] _update_scan_actions | 般若面.jpg
[  86% ] _update_scan_actions | 花田的新人「梅蒂欣·梅兰可莉」.jpg
[  86% ] _update_scan_actions | 花符「Flower Land」.jpg
[  86% ] _update_scan_actions | 花符「幻想乡ノ开花」.jpg
[  87% ] _update_scan_actions | 苍天的庭师「魂魄妖梦」__character-rec-107.jpg
[  87% ] _update_scan_actions | 苍天的庭师「魂魄妖梦」__character-soi-041.jpg
[  87% ] _update_scan_actions | 萃符「户隐山ノ投」.jpg
[  87% ] _update_scan_actions | 萤火的行踪「莉格露·奈特巴格」.jpg
[  87% ] _update_scan_actions | 蓬莱「凯风快晴-Fujiyama Volcano-」.jpg
[  87% ] _update_scan_actions | 蓬莱人偶__character-fdn-076.jpg
[  87% ] _update_scan_actions | 蓬莱人偶__character-soi-009.jpg
[  87% ] _update_scan_actions | 蓬莱人偶__character-ucs-083.jpg
[  88% ] _update_scan_actions | 蓬莱的人之形「藤原妹红」__character-soi-023.jpg
[  88% ] _update_scan_actions | 虚史「幻想乡传说」.jpg
[  88% ] _update_scan_actions | 蝙蝠衍生物.jpg
[  88% ] _update_scan_actions | 表情丰富的扑克脸「秦心」.jpg
[  88% ] _update_scan_actions | 表象「弹幕偏执狂」.jpg
[  88% ] _update_scan_actions | 要塞的天狗.jpg
[  88% ] _update_scan_actions | 要石.jpg
[  88% ] _update_scan_actions | 要石「天空ノ灵石」.jpg
[  89% ] _update_scan_actions | 要石「开天辟地ノ压」__spell-rec-014.jpg
[  89% ] _update_scan_actions | 要石「开天辟地ノ压」__spell-soi-134.jpg
[  89% ] _update_scan_actions | 警醒阵.jpg
[  89% ] _update_scan_actions | 诅咒「魔光ノ上海人形」.jpg
[  89% ] _update_scan_actions | 识文解意的爱书「本居小铃」__character-rec-104.jpg
[  89% ] _update_scan_actions | 识文解意的爱书「本居小铃」__character-rei-021.jpg
[  89% ] _update_scan_actions | 识文解意的爱书「本居小铃」__character-soi-038.jpg
[  89% ] _update_scan_actions | 试作型超巨大人偶「歌莉娅人偶」.jpg
[  90% ] _update_scan_actions | 诵经的山彦「幽谷响子」.jpg
[  90% ] _update_scan_actions | 诹访子与赤口大人.jpg
[  90% ] _update_scan_actions | 赎罪「旧地狱的针山」.jpg
[  90% ] _update_scan_actions | 转世「一条归桥」__spell-fdn-064.jpg
[  90% ] _update_scan_actions | 转世「一条归桥」__spell-ucs-014.jpg
[  90% ] _update_scan_actions | 辉光ノ城.jpg
[  90% ] _update_scan_actions | 辉光之城__field-rec-057.jpg
[  90% ] _update_scan_actions | 辉光之城__field-smm-004.jpg
[  91% ] _update_scan_actions | 辘轳首的怪奇「赤蛮奇」.jpg
[  91% ] _update_scan_actions | 运送春天的妖精「莉莉白」__character-kmo-017.jpg
[  91% ] _update_scan_actions | 运送春天的妖精「莉莉白」__character-rec-038.jpg
[  91% ] _update_scan_actions | 运送春天的妖精「莉莉白」__character-smm09.jpg
[  91% ] _update_scan_actions | 运送春天的妖精「莉莉白」__character-soi-006.jpg
[  91% ] _update_scan_actions | 连接海与山的月之公主「绵月丰姬」__character-fdn-067.jpg
[  91% ] _update_scan_actions | 连接海与山的月之公主「绵月丰姬」__character-htk-004.jpg
[  91% ] _update_scan_actions | 逆袭的天邪鬼「鬼人正邪」.jpg
[  92% ] _update_scan_actions | 道符「掌上の天道」.jpg
[  92% ] _update_scan_actions | 遗忘之伞「多多良小伞」__character-rec-115.jpg
[  92% ] _update_scan_actions | 遗忘之伞「多多良小伞」__character-soi-061.jpg
[  92% ] _update_scan_actions | 邪恋「容易结果ノ极限火花」.jpg
[  92% ] _update_scan_actions | 邪术仙人「霍青娥」__character-rec-037.jpg
[  92% ] _update_scan_actions | 邪术仙人「霍青娥」__character-soi-064.jpg
[  92% ] _update_scan_actions | 金符「Metal Fatigue」.jpg
[  93% ] _update_scan_actions | 键盘手「莉莉卡·普莉兹姆利巴」__character-kmo-013.jpg
[  93% ] _update_scan_actions | 键盘手「莉莉卡·普莉兹姆利巴」__character-rec-100.jpg
[  93% ] _update_scan_actions | 键盘手「莉莉卡·普莉兹姆利巴」__character-rei-020.jpg
[  93% ] _update_scan_actions | 门符「最后ノ理想国」.jpg
[  93% ] _update_scan_actions | 问答无用「云居一轮&云山」__character-rec-084.jpg
[  93% ] _update_scan_actions | 问答无用「云居一轮&云山」__character-smm15.jpg
[  93% ] _update_scan_actions | 问答无用「云居一轮&云山」__character-soi-069.jpg
[  93% ] _update_scan_actions | 阳花的妖怪「风见幽香」__character-rec-092.jpg
[  94% ] _update_scan_actions | 阳花的妖怪「风见幽香」__character-rei-024.jpg
[  94% ] _update_scan_actions | 阳花的妖怪「风见幽香」__character-soi-018.jpg
[  94% ] _update_scan_actions | 阳花的妖怪「风见幽香」__character-ucs-085.jpg
[  94% ] _update_scan_actions | 难以驾驭的神之火「灵乌路空」.jpg
[  94% ] _update_scan_actions | 雨符「虹彩细雨」.jpg
[  94% ] _update_scan_actions | 雨符「雨夜ノ怪谈」.jpg
[  94% ] _update_scan_actions | 雪中的天狗「犬走椛」.jpg
[  94% ] _update_scan_actions | 雪之亡灵「西行寺幽幽子」__character-soi-050.jpg
[  95% ] _update_scan_actions | 雪之亡灵「西行寺幽幽子」__character-ucs-ex04.jpg
[  95% ] _update_scan_actions | 雾ノ湖__field-lof-012.jpg
[  95% ] _update_scan_actions | 雾ノ湖__field-soi-105.jpg
[  95% ] _update_scan_actions | 雾之湖公主「大妖精」.jpg
[  95% ] _update_scan_actions | 雾符「云集雾散」.jpg
[  95% ] _update_scan_actions | 雾雨魔法店.jpg
[  95% ] _update_scan_actions | 非想「非想非非想ノ剑」__spell-fdn-073.jpg
[  95% ] _update_scan_actions | 非想「非想非非想ノ剑」__spell-ucs-027.jpg
[  96% ] _update_scan_actions | 风元素__character-rec-113.jpg
[  96% ] _update_scan_actions | 风元素__character-soi-057.jpg
[  96% ] _update_scan_actions | 飞散红叶的天狗「射命丸文」__character-kmo-007.jpg
[  96% ] _update_scan_actions | 飞散红叶的天狗「射命丸文」__character-rec-026.jpg
[  96% ] _update_scan_actions | 飞散红叶的天狗「射命丸文」__character-soi-081.jpg
[  96% ] _update_scan_actions | 香霖堂的谜之妖怪「朱鹭子」__character-htk-002.jpg
[  96% ] _update_scan_actions | 香霖堂的谜之妖怪「朱鹭子」__character-htk-ex.jpg
[  96% ] _update_scan_actions | 高地的山女「驹草山如」.jpg
[  97% ] _update_scan_actions | 高阶恶魔.jpg
[  97% ] _update_scan_actions | 鬼神仙人「茨木华扇」__character-rei-018.jpg
[  97% ] _update_scan_actions | 鬼神仙人「茨木华扇」__character-ucs-060.jpg
[  97% ] _update_scan_actions | 鬼神长.jpg
[  97% ] _update_scan_actions | 鬼群「Imp Swarm」.jpg
[  97% ] _update_scan_actions | 鬼衍生物.jpg
[  97% ] _update_scan_actions | 魂符「生魂流离ノ镰」.jpg
[  97% ] _update_scan_actions | 魂魄「幽冥求闻持聪ノ法」.jpg
[  98% ] _update_scan_actions | 魍魉.jpg
[  98% ] _update_scan_actions | 魔法「紫云ノ兆」.jpg
[  98% ] _update_scan_actions | 魔法之森的妖精.jpg
[  98% ] _update_scan_actions | 魔炮「Final Master Spark」.jpg
[  98% ] _update_scan_actions | 魔神复诵「圣白莲」__character-fdf-ex03.jpg
[  98% ] _update_scan_actions | 魔神复诵「圣白莲」__character-rec-029.jpg
[  98% ] _update_scan_actions | 魔神复诵「圣白莲」__character-soi-085.jpg
[  98% ] _update_scan_actions | 魔符「Stardust Reverie」__spell-fdf-036.jpg
[  99% ] _update_scan_actions | 魔符「Stardust Reverie」__spell-mar-008.jpg
[  99% ] _update_scan_actions | 鲜红的恶魔「蕾米莉亚·斯卡雷特」.jpg
[  99% ] _update_scan_actions | 鲵吞亭的店花「奥野田美宵」__character-fdf-095.jpg
[  99% ] _update_scan_actions | 鲵吞亭的店花「奥野田美宵」__character-mar-018.jpg
[  99% ] _update_scan_actions | 龙宫使者__character-htk-010.jpg
[  99% ] _update_scan_actions | 龙宫使者__character-soi-058.jpg
[ DONE ] _update_scan_actions

[   0% ] reimport | Started 正在导入或重新导入资产 (785 steps)
[   0% ] reimport | 正在准备重新导入文件……
[   0% ] reimport | 正在准备重新导入文件……
[   0% ] reimport | 正在准备重新导入文件……
[   0% ] reimport | 正在准备重新导入文件……
[   0% ] reimport | 正在准备重新导入文件……
[   0% ] reimport | 正在准备重新导入文件……
[   0% ] reimport | 正在准备重新导入文件……
[   0% ] reimport | 正在准备重新导入文件……
[   1% ] reimport | 正在准备重新导入文件……
[   1% ] reimport | 正在准备重新导入文件……
[   1% ] reimport | 正在准备重新导入文件……
[   1% ] reimport | 正在准备重新导入文件……
[   1% ] reimport | 正在准备重新导入文件……
[   1% ] reimport | 正在准备重新导入文件……
[   1% ] reimport | 正在准备重新导入文件……
[   1% ] reimport | 正在准备重新导入文件……
[   2% ] reimport | 正在准备重新导入文件……
[   2% ] reimport | 正在准备重新导入文件……
[   2% ] reimport | 正在准备重新导入文件……
[   2% ] reimport | 正在准备重新导入文件……
[   2% ] reimport | 正在准备重新导入文件……
[   2% ] reimport | 正在准备重新导入文件……
[   2% ] reimport | 正在准备重新导入文件……
[   2% ] reimport | 正在准备重新导入文件……
[   3% ] reimport | 正在准备重新导入文件……
[   3% ] reimport | 正在准备重新导入文件……
[   3% ] reimport | 正在准备重新导入文件……
[   3% ] reimport | 正在准备重新导入文件……
[   3% ] reimport | 正在准备重新导入文件……
[   3% ] reimport | 正在准备重新导入文件……
[   3% ] reimport | 正在准备重新导入文件……
[   3% ] reimport | 正在准备重新导入文件……
[   4% ] reimport | 正在准备重新导入文件……
[   4% ] reimport | 正在准备重新导入文件……
[   4% ] reimport | 正在准备重新导入文件……
[   4% ] reimport | 正在准备重新导入文件……
[   4% ] reimport | 正在准备重新导入文件……
[   4% ] reimport | 正在准备重新导入文件……
[   4% ] reimport | 正在准备重新导入文件……
[   4% ] reimport | 正在准备重新导入文件……
[   5% ] reimport | 正在准备重新导入文件……
[   5% ] reimport | 正在准备重新导入文件……
[   5% ] reimport | 正在准备重新导入文件……
[   5% ] reimport | 正在准备重新导入文件……
[   5% ] reimport | 正在准备重新导入文件……
[   5% ] reimport | 正在准备重新导入文件……
[   5% ] reimport | 正在准备重新导入文件……
[   5% ] reimport | 正在准备重新导入文件……
[   6% ] reimport | 正在准备重新导入文件……
[   6% ] reimport | 正在准备重新导入文件……
[   6% ] reimport | 正在准备重新导入文件……
[   6% ] reimport | 正在准备重新导入文件……
[   6% ] reimport | 正在准备重新导入文件……
[   6% ] reimport | 正在准备重新导入文件……
[   6% ] reimport | 正在准备重新导入文件……
[   6% ] reimport | 正在准备重新导入文件……
[   7% ] reimport | 正在准备重新导入文件……
[   7% ] reimport | 正在准备重新导入文件……
[   7% ] reimport | 正在准备重新导入文件……
[   7% ] reimport | 正在准备重新导入文件……
[   7% ] reimport | 正在准备重新导入文件……
[   7% ] reimport | 正在准备重新导入文件……
[   7% ] reimport | 正在准备重新导入文件……
[   8% ] reimport | 正在准备重新导入文件……
[   8% ] reimport | 正在准备重新导入文件……
[   8% ] reimport | 正在准备重新导入文件……
[   8% ] reimport | 正在准备重新导入文件……
[   8% ] reimport | 正在准备重新导入文件……
[   8% ] reimport | 正在准备重新导入文件……
[   8% ] reimport | 正在准备重新导入文件……
[   8% ] reimport | 正在准备重新导入文件……
[   9% ] reimport | 正在准备重新导入文件……
[   9% ] reimport | 正在准备重新导入文件……
[   9% ] reimport | 正在准备重新导入文件……
[   9% ] reimport | 正在准备重新导入文件……
[   9% ] reimport | 正在准备重新导入文件……
[   9% ] reimport | 正在准备重新导入文件……
[   9% ] reimport | 正在准备重新导入文件……
[   9% ] reimport | 正在准备重新导入文件……
[  10% ] reimport | 正在准备重新导入文件……
[  10% ] reimport | 正在准备重新导入文件……
[  10% ] reimport | 正在准备重新导入文件……
[  10% ] reimport | 正在准备重新导入文件……
[  10% ] reimport | 正在准备重新导入文件……
[  10% ] reimport | 正在准备重新导入文件……
[  10% ] reimport | 正在准备重新导入文件……
[  10% ] reimport | 正在准备重新导入文件……
[  11% ] reimport | 正在准备重新导入文件……
[  11% ] reimport | 正在准备重新导入文件……
[  11% ] reimport | 正在准备重新导入文件……
[  11% ] reimport | 正在准备重新导入文件……
[  11% ] reimport | 正在准备重新导入文件……
[  11% ] reimport | 正在准备重新导入文件……
[  11% ] reimport | 正在准备重新导入文件……
[  11% ] reimport | 正在准备重新导入文件……
[  12% ] reimport | 正在准备重新导入文件……
[  12% ] reimport | 正在准备重新导入文件……
[  12% ] reimport | 正在准备重新导入文件……
[  12% ] reimport | 正在准备重新导入文件……
[  12% ] reimport | 正在准备重新导入文件……
[  12% ] reimport | 正在准备重新导入文件……
[  12% ] reimport | 正在准备重新导入文件……
[  12% ] reimport | 正在准备重新导入文件……
[  13% ] reimport | 正在准备重新导入文件……
[  13% ] reimport | 正在准备重新导入文件……
[  13% ] reimport | 正在准备重新导入文件……
[  13% ] reimport | 正在准备重新导入文件……
[  13% ] reimport | 正在准备重新导入文件……
[  13% ] reimport | 正在准备重新导入文件……
[  13% ] reimport | 正在准备重新导入文件……
[  13% ] reimport | 正在准备重新导入文件……
[  14% ] reimport | 正在准备重新导入文件……
[  14% ] reimport | 正在准备重新导入文件……
[  14% ] reimport | 正在准备重新导入文件……
[  14% ] reimport | 正在准备重新导入文件……
[  14% ] reimport | 正在准备重新导入文件……
[  14% ] reimport | 正在准备重新导入文件……
[  14% ] reimport | 正在准备重新导入文件……
[  15% ] reimport | 正在准备重新导入文件……
[  15% ] reimport | 正在准备重新导入文件……
[  15% ] reimport | 正在准备重新导入文件……
[  15% ] reimport | 正在准备重新导入文件……
[  15% ] reimport | 正在准备重新导入文件……
[  15% ] reimport | 正在准备重新导入文件……
[  15% ] reimport | 正在准备重新导入文件……
[  15% ] reimport | 正在准备重新导入文件……
[  16% ] reimport | 正在准备重新导入文件……
[  16% ] reimport | 正在准备重新导入文件……
[  16% ] reimport | 正在准备重新导入文件……
[  16% ] reimport | 正在准备重新导入文件……
[  16% ] reimport | 正在准备重新导入文件……
[  16% ] reimport | 正在准备重新导入文件……
[  16% ] reimport | 正在准备重新导入文件……
[  16% ] reimport | 正在准备重新导入文件……
[  17% ] reimport | 正在准备重新导入文件……
[  17% ] reimport | 正在准备重新导入文件……
[  17% ] reimport | 正在准备重新导入文件……
[  17% ] reimport | 正在准备重新导入文件……
[  17% ] reimport | 正在准备重新导入文件……
[  17% ] reimport | 正在准备重新导入文件……
[  17% ] reimport | 正在准备重新导入文件……
[  17% ] reimport | 正在准备重新导入文件……
[  18% ] reimport | 正在准备重新导入文件……
[  18% ] reimport | 正在准备重新导入文件……
[  18% ] reimport | 正在准备重新导入文件……
[  18% ] reimport | 正在准备重新导入文件……
[  18% ] reimport | 正在准备重新导入文件……
[  18% ] reimport | 正在准备重新导入文件……
[  18% ] reimport | 正在准备重新导入文件……
[  18% ] reimport | 正在准备重新导入文件……
[  19% ] reimport | 正在准备重新导入文件……
[  19% ] reimport | 正在准备重新导入文件……
[  19% ] reimport | 正在准备重新导入文件……
[  19% ] reimport | 正在准备重新导入文件……
[  19% ] reimport | 正在准备重新导入文件……
[  19% ] reimport | 正在准备重新导入文件……
[  19% ] reimport | 正在准备重新导入文件……
[  19% ] reimport | 正在准备重新导入文件……
[  20% ] reimport | 正在准备重新导入文件……
[  20% ] reimport | 正在准备重新导入文件……
[  20% ] reimport | 正在准备重新导入文件……
[  20% ] reimport | 正在准备重新导入文件……
[  20% ] reimport | 正在准备重新导入文件……
[  20% ] reimport | 正在准备重新导入文件……
[  20% ] reimport | 正在准备重新导入文件……
[  20% ] reimport | 正在准备重新导入文件……
[  21% ] reimport | 正在准备重新导入文件……
[  21% ] reimport | 正在准备重新导入文件……
[  21% ] reimport | 正在准备重新导入文件……
[  21% ] reimport | 正在准备重新导入文件……
[  21% ] reimport | 正在准备重新导入文件……
[  21% ] reimport | 正在准备重新导入文件……
[  21% ] reimport | 正在准备重新导入文件……
[  22% ] reimport | 正在准备重新导入文件……
[  22% ] reimport | 正在准备重新导入文件……
[  22% ] reimport | 正在准备重新导入文件……
[  22% ] reimport | 正在准备重新导入文件……
[  22% ] reimport | 正在准备重新导入文件……
[  22% ] reimport | 正在准备重新导入文件……
[  22% ] reimport | 正在准备重新导入文件……
[  22% ] reimport | 正在准备重新导入文件……
[  23% ] reimport | 正在准备重新导入文件……
[  23% ] reimport | 正在准备重新导入文件……
[  23% ] reimport | 正在准备重新导入文件……
[  23% ] reimport | 正在准备重新导入文件……
[  23% ] reimport | 正在准备重新导入文件……
[  23% ] reimport | 正在准备重新导入文件……
[  23% ] reimport | 正在准备重新导入文件……
[  23% ] reimport | 正在准备重新导入文件……
[  24% ] reimport | 正在准备重新导入文件……
[  24% ] reimport | 正在准备重新导入文件……
[  24% ] reimport | 正在准备重新导入文件……
[  24% ] reimport | 正在准备重新导入文件……
[  24% ] reimport | 正在准备重新导入文件……
[  24% ] reimport | 正在准备重新导入文件……
[  24% ] reimport | 正在准备重新导入文件……
[  24% ] reimport | 正在准备重新导入文件……
[  25% ] reimport | 正在准备重新导入文件……
[  25% ] reimport | 正在准备重新导入文件……
[  25% ] reimport | 正在准备重新导入文件……
[  25% ] reimport | 正在准备重新导入文件……
[  25% ] reimport | 正在准备重新导入文件……
[  25% ] reimport | 正在准备重新导入文件……
[  25% ] reimport | 正在准备重新导入文件……
[  25% ] reimport | 正在准备重新导入文件……
[  26% ] reimport | 正在准备重新导入文件……
[  26% ] reimport | 正在准备重新导入文件……
[  26% ] reimport | 正在准备重新导入文件……
[  26% ] reimport | 正在准备重新导入文件……
[  26% ] reimport | 正在准备重新导入文件……
[  26% ] reimport | 正在准备重新导入文件……
[  26% ] reimport | 正在准备重新导入文件……
[  26% ] reimport | 正在准备重新导入文件……
[  27% ] reimport | 正在准备重新导入文件……
[  27% ] reimport | 正在准备重新导入文件……
[  27% ] reimport | 正在准备重新导入文件……
[  27% ] reimport | 正在准备重新导入文件……
[  27% ] reimport | 正在准备重新导入文件……
[  27% ] reimport | 正在准备重新导入文件……
[  27% ] reimport | 正在准备重新导入文件……
[  27% ] reimport | 正在准备重新导入文件……
[  28% ] reimport | 正在准备重新导入文件……
[  28% ] reimport | 正在准备重新导入文件……
[  28% ] reimport | 正在准备重新导入文件……
[  28% ] reimport | 正在准备重新导入文件……
[  28% ] reimport | 正在准备重新导入文件……
[  28% ] reimport | 正在准备重新导入文件……
[  28% ] reimport | 正在准备重新导入文件……
[  29% ] reimport | 正在准备重新导入文件……
[  29% ] reimport | 正在准备重新导入文件……
[  29% ] reimport | 正在准备重新导入文件……
[  29% ] reimport | 正在准备重新导入文件……
[  29% ] reimport | 正在准备重新导入文件……
[  29% ] reimport | 正在准备重新导入文件……
[  29% ] reimport | 正在准备重新导入文件……
[  29% ] reimport | 正在准备重新导入文件……
[  30% ] reimport | 正在准备重新导入文件……
[  30% ] reimport | 正在准备重新导入文件……
[  30% ] reimport | 正在准备重新导入文件……
[  30% ] reimport | 正在准备重新导入文件……
[  30% ] reimport | 正在准备重新导入文件……
[  30% ] reimport | 正在准备重新导入文件……
[  30% ] reimport | 正在准备重新导入文件……
[  30% ] reimport | 正在准备重新导入文件……
[  31% ] reimport | 正在准备重新导入文件……
[  31% ] reimport | 正在准备重新导入文件……
[  31% ] reimport | 正在准备重新导入文件……
[  31% ] reimport | 正在准备重新导入文件……
[  31% ] reimport | 正在准备重新导入文件……
[  31% ] reimport | 正在准备重新导入文件……
[  31% ] reimport | 正在准备重新导入文件……
[  31% ] reimport | 正在准备重新导入文件……
[  32% ] reimport | 正在准备重新导入文件……
[  32% ] reimport | 正在准备重新导入文件……
[  32% ] reimport | 正在准备重新导入文件……
[  32% ] reimport | 正在准备重新导入文件……
[  32% ] reimport | 正在准备重新导入文件……
[  32% ] reimport | 正在准备重新导入文件……
[  32% ] reimport | 正在准备重新导入文件……
[  32% ] reimport | 正在准备重新导入文件……
[  33% ] reimport | 正在准备重新导入文件……
[  33% ] reimport | 正在准备重新导入文件……
[  33% ] reimport | 正在准备重新导入文件……
[  33% ] reimport | 正在准备重新导入文件……
[  33% ] reimport | 正在准备重新导入文件……
[  33% ] reimport | 正在准备重新导入文件……
[  33% ] reimport | 正在准备重新导入文件……
[  33% ] reimport | 正在准备重新导入文件……
[  34% ] reimport | 正在准备重新导入文件……
[  34% ] reimport | 正在准备重新导入文件……
[  34% ] reimport | 正在准备重新导入文件……
[  34% ] reimport | 正在准备重新导入文件……
[  34% ] reimport | 正在准备重新导入文件……
[  34% ] reimport | 正在准备重新导入文件……
[  34% ] reimport | 正在准备重新导入文件……
[  34% ] reimport | 正在准备重新导入文件……
[  35% ] reimport | 正在准备重新导入文件……
[  35% ] reimport | 正在准备重新导入文件……
[  35% ] reimport | 正在准备重新导入文件……
[  35% ] reimport | 正在准备重新导入文件……
[  35% ] reimport | 正在准备重新导入文件……
[  35% ] reimport | 正在准备重新导入文件……
[  35% ] reimport | 正在准备重新导入文件……
[  36% ] reimport | 正在准备重新导入文件……
[  36% ] reimport | 正在准备重新导入文件……
[  36% ] reimport | 正在准备重新导入文件……
[  36% ] reimport | 正在准备重新导入文件……
[  36% ] reimport | 正在准备重新导入文件……
[  36% ] reimport | 正在准备重新导入文件……
[  36% ] reimport | 正在准备重新导入文件……
[  36% ] reimport | 正在准备重新导入文件……
[  37% ] reimport | 正在准备重新导入文件……
[  37% ] reimport | 正在准备重新导入文件……
[  37% ] reimport | 正在准备重新导入文件……
[  37% ] reimport | 正在准备重新导入文件……
[  37% ] reimport | 正在准备重新导入文件……
[  37% ] reimport | 正在准备重新导入文件……
[  37% ] reimport | 正在准备重新导入文件……
[  37% ] reimport | 正在准备重新导入文件……
[  38% ] reimport | 正在准备重新导入文件……
[  38% ] reimport | 正在准备重新导入文件……
[  38% ] reimport | 正在准备重新导入文件……
[  38% ] reimport | 正在准备重新导入文件……
[  38% ] reimport | 正在准备重新导入文件……
[  38% ] reimport | 正在准备重新导入文件……
[  38% ] reimport | 正在准备重新导入文件……
[  38% ] reimport | 正在准备重新导入文件……
[  39% ] reimport | 正在准备重新导入文件……
[  39% ] reimport | 正在准备重新导入文件……
[  39% ] reimport | 正在准备重新导入文件……
[  39% ] reimport | 正在准备重新导入文件……
[  39% ] reimport | 正在准备重新导入文件……
[  39% ] reimport | 正在准备重新导入文件……
[  39% ] reimport | 正在准备重新导入文件……
[  39% ] reimport | 正在准备重新导入文件……
[  40% ] reimport | 正在准备重新导入文件……
[  40% ] reimport | 正在准备重新导入文件……
[  40% ] reimport | 正在准备重新导入文件……
[  40% ] reimport | 正在准备重新导入文件……
[  40% ] reimport | 正在准备重新导入文件……
[  40% ] reimport | 正在准备重新导入文件……
[  40% ] reimport | 正在准备重新导入文件……
[  40% ] reimport | 正在准备重新导入文件……
[  41% ] reimport | 正在准备重新导入文件……
[  41% ] reimport | 正在准备重新导入文件……
[  41% ] reimport | 正在准备重新导入文件……
[  41% ] reimport | 正在准备重新导入文件……
[  41% ] reimport | 正在准备重新导入文件……
[  41% ] reimport | 正在准备重新导入文件……
[  41% ] reimport | 正在准备重新导入文件……
[  41% ] reimport | 正在准备重新导入文件……
[  42% ] reimport | 正在准备重新导入文件……
[  42% ] reimport | 正在准备重新导入文件……
[  42% ] reimport | 正在准备重新导入文件……
[  42% ] reimport | 正在准备重新导入文件……
[  42% ] reimport | 正在准备重新导入文件……
[  42% ] reimport | 正在准备重新导入文件……
[  42% ] reimport | 正在准备重新导入文件……
[  43% ] reimport | 正在准备重新导入文件……
[  43% ] reimport | 正在准备重新导入文件……
[  43% ] reimport | 正在准备重新导入文件……
[  43% ] reimport | 正在准备重新导入文件……
[  43% ] reimport | 正在准备重新导入文件……
[  43% ] reimport | 正在准备重新导入文件……
[  43% ] reimport | 正在准备重新导入文件……
[  43% ] reimport | 正在准备重新导入文件……
[  44% ] reimport | 正在准备重新导入文件……
[  44% ] reimport | 正在准备重新导入文件……
[  44% ] reimport | 正在准备重新导入文件……
[  44% ] reimport | 正在准备重新导入文件……
[  44% ] reimport | 正在准备重新导入文件……
[  44% ] reimport | 正在准备重新导入文件……
[  44% ] reimport | 正在准备重新导入文件……
[  44% ] reimport | 正在准备重新导入文件……
[  45% ] reimport | 正在准备重新导入文件……
[  45% ] reimport | 正在准备重新导入文件……
[  45% ] reimport | 正在准备重新导入文件……
[  45% ] reimport | 正在准备重新导入文件……
[  45% ] reimport | 正在准备重新导入文件……
[  45% ] reimport | 正在准备重新导入文件……
[  45% ] reimport | 正在准备重新导入文件……
[  45% ] reimport | 正在准备重新导入文件……
[  46% ] reimport | 正在准备重新导入文件……
[  46% ] reimport | 正在准备重新导入文件……
[  46% ] reimport | 正在准备重新导入文件……
[  46% ] reimport | 正在准备重新导入文件……
[  46% ] reimport | 正在准备重新导入文件……
[  46% ] reimport | 正在准备重新导入文件……
[  46% ] reimport | 正在准备重新导入文件……
[  46% ] reimport | 正在准备重新导入文件……
[  47% ] reimport | 正在准备重新导入文件……
[  47% ] reimport | 正在准备重新导入文件……
[  47% ] reimport | 正在准备重新导入文件……
[  47% ] reimport | 正在准备重新导入文件……
[  47% ] reimport | 正在准备重新导入文件……
[  47% ] reimport | 正在准备重新导入文件……
[  47% ] reimport | 正在准备重新导入文件……
[  47% ] reimport | 正在准备重新导入文件……
[  48% ] reimport | 正在准备重新导入文件……
[  48% ] reimport | 正在准备重新导入文件……
[  48% ] reimport | 正在准备重新导入文件……
[  48% ] reimport | 正在准备重新导入文件……
[  48% ] reimport | 正在准备重新导入文件……
[  48% ] reimport | 正在准备重新导入文件……
[  48% ] reimport | 正在准备重新导入文件……
[  48% ] reimport | 正在准备重新导入文件……
[  49% ] reimport | 正在准备重新导入文件……
[  49% ] reimport | 正在准备重新导入文件……
[  49% ] reimport | 正在准备重新导入文件……
[  49% ] reimport | 正在准备重新导入文件……
[  49% ] reimport | 正在准备重新导入文件……
[  49% ] reimport | 正在准备重新导入文件……
[  49% ] reimport | 正在准备重新导入文件……
[  50% ] reimport | 正在准备重新导入文件……
[  50% ] reimport | 正在准备重新导入文件……
[  50% ] reimport | 正在准备重新导入文件……
[  50% ] reimport | 正在准备重新导入文件……
[  50% ] reimport | 正在准备重新导入文件……
[  50% ] reimport | 正在准备重新导入文件……
[  50% ] reimport | 正在准备重新导入文件……
[  50% ] reimport | 正在准备重新导入文件……
[  51% ] reimport | 正在准备重新导入文件……
[  51% ] reimport | 正在准备重新导入文件……
[  51% ] reimport | 正在准备重新导入文件……
[  51% ] reimport | 正在准备重新导入文件……
[  51% ] reimport | 正在准备重新导入文件……
[  51% ] reimport | 正在准备重新导入文件……
[  51% ] reimport | 正在准备重新导入文件……
[  51% ] reimport | 正在准备重新导入文件……
[  52% ] reimport | 正在准备重新导入文件……
[  52% ] reimport | 正在准备重新导入文件……
[  52% ] reimport | 正在准备重新导入文件……
[  52% ] reimport | 正在准备重新导入文件……
[  52% ] reimport | 正在准备重新导入文件……
[  52% ] reimport | 正在准备重新导入文件……
[  52% ] reimport | 正在准备重新导入文件……
[  52% ] reimport | 正在准备重新导入文件……
[  53% ] reimport | 正在准备重新导入文件……
[  53% ] reimport | 正在准备重新导入文件……
[  53% ] reimport | 正在准备重新导入文件……
[  53% ] reimport | 正在准备重新导入文件……
[  53% ] reimport | 正在准备重新导入文件……
[  53% ] reimport | 正在准备重新导入文件……
[  53% ] reimport | 正在准备重新导入文件……
[  53% ] reimport | 正在准备重新导入文件……
[  54% ] reimport | 正在准备重新导入文件……
[  54% ] reimport | 正在准备重新导入文件……
[  54% ] reimport | 正在准备重新导入文件……
[  54% ] reimport | 正在准备重新导入文件……
[  54% ] reimport | 正在准备重新导入文件……
[  54% ] reimport | 正在准备重新导入文件……
[  54% ] reimport | 正在准备重新导入文件……
[  54% ] reimport | 正在准备重新导入文件……
[  55% ] reimport | 正在准备重新导入文件……
[  55% ] reimport | 正在准备重新导入文件……
[  55% ] reimport | 正在准备重新导入文件……
[  55% ] reimport | 正在准备重新导入文件……
[  55% ] reimport | 正在准备重新导入文件……
[  55% ] reimport | 正在准备重新导入文件……
[  55% ] reimport | 正在准备重新导入文件……
[  55% ] reimport | 正在准备重新导入文件……
[  56% ] reimport | 正在准备重新导入文件……
[  56% ] reimport | 正在准备重新导入文件……
[  56% ] reimport | 正在准备重新导入文件……
[  56% ] reimport | 正在准备重新导入文件……
[  56% ] reimport | 正在准备重新导入文件……
[  56% ] reimport | 正在准备重新导入文件……
[  56% ] reimport | 正在准备重新导入文件……
[  56% ] reimport | 正在准备重新导入文件……
[  57% ] reimport | 正在准备重新导入文件……
[  57% ] reimport | 正在准备重新导入文件……
[  57% ] reimport | 正在准备重新导入文件……
[  57% ] reimport | 正在准备重新导入文件……
[  57% ] reimport | 正在准备重新导入文件……
[  57% ] reimport | 正在准备重新导入文件……
[  57% ] reimport | 正在准备重新导入文件……
[  58% ] reimport | 正在准备重新导入文件……
[  58% ] reimport | 正在准备重新导入文件……
[  58% ] reimport | 正在准备重新导入文件……
[  58% ] reimport | 正在准备重新导入文件……
[  58% ] reimport | 正在准备重新导入文件……
[  58% ] reimport | 正在准备重新导入文件……
[  58% ] reimport | 正在准备重新导入文件……
[  58% ] reimport | 正在准备重新导入文件……
[  59% ] reimport | 正在准备重新导入文件……
[  59% ] reimport | 正在准备重新导入文件……
[  59% ] reimport | 正在准备重新导入文件……
[  59% ] reimport | 正在准备重新导入文件……
[  59% ] reimport | 正在准备重新导入文件……
[  59% ] reimport | 正在准备重新导入文件……
[  59% ] reimport | 正在准备重新导入文件……
[  59% ] reimport | 正在准备重新导入文件……
[  60% ] reimport | 正在准备重新导入文件……
[  60% ] reimport | 正在准备重新导入文件……
[  60% ] reimport | 正在准备重新导入文件……
[  60% ] reimport | 正在准备重新导入文件……
[  60% ] reimport | 正在准备重新导入文件……
[  60% ] reimport | 正在准备重新导入文件……
[  60% ] reimport | 正在准备重新导入文件……
[  60% ] reimport | 正在准备重新导入文件……
[  61% ] reimport | 正在准备重新导入文件……
[  61% ] reimport | 正在准备重新导入文件……
[  61% ] reimport | 正在准备重新导入文件……
[  61% ] reimport | 正在准备重新导入文件……
[  61% ] reimport | 正在准备重新导入文件……
[  61% ] reimport | 正在准备重新导入文件……
[  61% ] reimport | 正在准备重新导入文件……
[  61% ] reimport | 正在准备重新导入文件……
[  62% ] reimport | 正在准备重新导入文件……
[  62% ] reimport | 正在准备重新导入文件……
[  62% ] reimport | 正在准备重新导入文件……
[  62% ] reimport | 正在准备重新导入文件……
[  62% ] reimport | 正在准备重新导入文件……
[  62% ] reimport | 正在准备重新导入文件……
[  62% ] reimport | 正在准备重新导入文件……
[  62% ] reimport | 正在准备重新导入文件……
[  63% ] reimport | 正在准备重新导入文件……
[  63% ] reimport | 正在准备重新导入文件……
[  63% ] reimport | 正在准备重新导入文件……
[  63% ] reimport | 正在准备重新导入文件……
[  63% ] reimport | 正在准备重新导入文件……
[  63% ] reimport | 正在准备重新导入文件……
[  63% ] reimport | 正在准备重新导入文件……
[  63% ] reimport | 正在准备重新导入文件……
[  64% ] reimport | 正在准备重新导入文件……
[  64% ] reimport | 正在准备重新导入文件……
[  64% ] reimport | 正在准备重新导入文件……
[  64% ] reimport | 正在准备重新导入文件……
[  64% ] reimport | 正在准备重新导入文件……
[  64% ] reimport | 正在准备重新导入文件……
[  64% ] reimport | 正在准备重新导入文件……
[  65% ] reimport | 正在准备重新导入文件……
[  65% ] reimport | 正在准备重新导入文件……
[  65% ] reimport | 正在准备重新导入文件……
[  65% ] reimport | 正在准备重新导入文件……
[  65% ] reimport | 正在准备重新导入文件……
[  65% ] reimport | 正在准备重新导入文件……
[  65% ] reimport | 正在准备重新导入文件……
[  65% ] reimport | 正在准备重新导入文件……
[  66% ] reimport | 正在准备重新导入文件……
[  66% ] reimport | 正在准备重新导入文件……
[  66% ] reimport | 正在准备重新导入文件……
[  66% ] reimport | 正在准备重新导入文件……
[  66% ] reimport | 正在准备重新导入文件……
[  66% ] reimport | 正在准备重新导入文件……
[  66% ] reimport | 正在准备重新导入文件……
[  66% ] reimport | 正在准备重新导入文件……
[  67% ] reimport | 正在准备重新导入文件……
[  67% ] reimport | 正在准备重新导入文件……
[  67% ] reimport | 正在准备重新导入文件……
[  67% ] reimport | 正在准备重新导入文件……
[  67% ] reimport | 正在准备重新导入文件……
[  67% ] reimport | 正在准备重新导入文件……
[  67% ] reimport | 正在准备重新导入文件……
[  67% ] reimport | 正在准备重新导入文件……
[  68% ] reimport | 正在准备重新导入文件……
[  68% ] reimport | 正在准备重新导入文件……
[  68% ] reimport | 正在准备重新导入文件……
[  68% ] reimport | 正在准备重新导入文件……
[  68% ] reimport | 正在准备重新导入文件……
[  68% ] reimport | 正在准备重新导入文件……
[  68% ] reimport | 正在准备重新导入文件……
[  68% ] reimport | 正在准备重新导入文件……
[  69% ] reimport | 正在准备重新导入文件……
[  69% ] reimport | 正在准备重新导入文件……
[  69% ] reimport | 正在准备重新导入文件……
[  69% ] reimport | 正在准备重新导入文件……
[  69% ] reimport | 正在准备重新导入文件……
[  69% ] reimport | 正在准备重新导入文件……
[  69% ] reimport | 正在准备重新导入文件……
[  69% ] reimport | 正在准备重新导入文件……
[  70% ] reimport | 正在准备重新导入文件……
[  70% ] reimport | 正在准备重新导入文件……
[  70% ] reimport | 正在准备重新导入文件……
[  70% ] reimport | 正在准备重新导入文件……
[  70% ] reimport | 正在准备重新导入文件……
[  70% ] reimport | 正在准备重新导入文件……
[  70% ] reimport | 正在准备重新导入文件……
[  70% ] reimport | 正在准备重新导入文件……
[  71% ] reimport | 正在准备重新导入文件……
[  71% ] reimport | 正在准备重新导入文件……
[  71% ] reimport | 正在准备重新导入文件……
[  71% ] reimport | 正在准备重新导入文件……
[  71% ] reimport | 正在准备重新导入文件……
[  71% ] reimport | 正在准备重新导入文件……
[  71% ] reimport | 正在准备重新导入文件……
[  72% ] reimport | 正在准备重新导入文件……
[  72% ] reimport | 正在准备重新导入文件……
[  72% ] reimport | 正在准备重新导入文件……
[  72% ] reimport | 正在准备重新导入文件……
[  72% ] reimport | 正在准备重新导入文件……
[  72% ] reimport | 正在准备重新导入文件……
[  72% ] reimport | 正在准备重新导入文件……
[  72% ] reimport | 正在准备重新导入文件……
[  73% ] reimport | 正在准备重新导入文件……
[  73% ] reimport | 正在准备重新导入文件……
[  73% ] reimport | 正在准备重新导入文件……
[  73% ] reimport | 正在准备重新导入文件……
[  73% ] reimport | 正在准备重新导入文件……
[  73% ] reimport | 正在准备重新导入文件……
[  73% ] reimport | 正在准备重新导入文件……
[  73% ] reimport | 正在准备重新导入文件……
[  74% ] reimport | 正在准备重新导入文件……
[  74% ] reimport | 正在准备重新导入文件……
[  74% ] reimport | 正在准备重新导入文件……
[  74% ] reimport | 正在准备重新导入文件……
[  74% ] reimport | 正在准备重新导入文件……
[  74% ] reimport | 正在准备重新导入文件……
[  74% ] reimport | 正在准备重新导入文件……
[  74% ] reimport | 正在准备重新导入文件……
[  75% ] reimport | 正在准备重新导入文件……
[  75% ] reimport | 正在准备重新导入文件……
[  75% ] reimport | 正在准备重新导入文件……
[  75% ] reimport | 正在准备重新导入文件……
[  75% ] reimport | 正在准备重新导入文件……
[  75% ] reimport | 正在准备重新导入文件……
[  75% ] reimport | 正在准备重新导入文件……
[  75% ] reimport | 正在准备重新导入文件……
[  76% ] reimport | 正在准备重新导入文件……
[  76% ] reimport | 正在准备重新导入文件……
[  76% ] reimport | 正在准备重新导入文件……
[  76% ] reimport | 正在准备重新导入文件……
[  76% ] reimport | 正在准备重新导入文件……
[  76% ] reimport | 正在准备重新导入文件……
[  76% ] reimport | 正在准备重新导入文件……
[  76% ] reimport | 正在准备重新导入文件……
[  77% ] reimport | 正在准备重新导入文件……
[  77% ] reimport | 正在准备重新导入文件……
[  77% ] reimport | 正在准备重新导入文件……
[  77% ] reimport | 正在准备重新导入文件……
[  77% ] reimport | 正在准备重新导入文件……
[  77% ] reimport | 正在准备重新导入文件……
[  77% ] reimport | 正在准备重新导入文件……
[  77% ] reimport | 正在准备重新导入文件……
[  78% ] reimport | 正在准备重新导入文件……
[  78% ] reimport | 正在准备重新导入文件……
[  78% ] reimport | 正在准备重新导入文件……
[  78% ] reimport | 正在准备重新导入文件……
[  78% ] reimport | 正在准备重新导入文件……
[  78% ] reimport | 正在准备重新导入文件……
[  78% ] reimport | 正在准备重新导入文件……
[  79% ] reimport | 正在准备重新导入文件……
[  79% ] reimport | 正在准备重新导入文件……
[  79% ] reimport | 正在准备重新导入文件……
[  79% ] reimport | 正在准备重新导入文件……
[  79% ] reimport | 正在准备重新导入文件……
[  79% ] reimport | 正在准备重新导入文件……
[  79% ] reimport | 正在准备重新导入文件……
[  79% ] reimport | 正在准备重新导入文件……
[  80% ] reimport | 正在准备重新导入文件……
[  80% ] reimport | 正在准备重新导入文件……
[  80% ] reimport | 正在准备重新导入文件……
[  80% ] reimport | 正在准备重新导入文件……
[  80% ] reimport | 正在准备重新导入文件……
[  80% ] reimport | 正在准备重新导入文件……
[  80% ] reimport | 正在准备重新导入文件……
[  80% ] reimport | 正在准备重新导入文件……
[  81% ] reimport | 正在准备重新导入文件……
[  81% ] reimport | 正在准备重新导入文件……
[  81% ] reimport | 正在准备重新导入文件……
[  81% ] reimport | 正在准备重新导入文件……
[  81% ] reimport | 正在准备重新导入文件……
[  81% ] reimport | 正在准备重新导入文件……
[  81% ] reimport | 正在准备重新导入文件……
[  81% ] reimport | 正在准备重新导入文件……
[  82% ] reimport | 正在准备重新导入文件……
[  82% ] reimport | 正在准备重新导入文件……
[  82% ] reimport | 正在准备重新导入文件……
[  82% ] reimport | 正在准备重新导入文件……
[  82% ] reimport | 正在准备重新导入文件……
[  82% ] reimport | 正在准备重新导入文件……
[  82% ] reimport | 正在准备重新导入文件……
[  82% ] reimport | 正在准备重新导入文件……
[  83% ] reimport | 正在准备重新导入文件……
[  83% ] reimport | 正在准备重新导入文件……
[  83% ] reimport | 正在准备重新导入文件……
[  83% ] reimport | 正在准备重新导入文件……
[  83% ] reimport | 正在准备重新导入文件……
[  83% ] reimport | 正在准备重新导入文件……
[  83% ] reimport | 正在准备重新导入文件……
[  83% ] reimport | 正在准备重新导入文件……
[  84% ] reimport | 正在准备重新导入文件……
[  84% ] reimport | 正在准备重新导入文件……
[  84% ] reimport | 正在准备重新导入文件……
[  84% ] reimport | 正在准备重新导入文件……
[  84% ] reimport | 正在准备重新导入文件……
[  84% ] reimport | 正在准备重新导入文件……
[  84% ] reimport | 正在准备重新导入文件……
[  84% ] reimport | 正在准备重新导入文件……
[  85% ] reimport | 正在准备重新导入文件……
[  85% ] reimport | 正在准备重新导入文件……
[  85% ] reimport | 正在准备重新导入文件……
[  85% ] reimport | 正在准备重新导入文件……
[  85% ] reimport | 正在准备重新导入文件……
[  85% ] reimport | 正在准备重新导入文件……
[  85% ] reimport | 正在准备重新导入文件……
[  86% ] reimport | 正在准备重新导入文件……
[  86% ] reimport | 正在准备重新导入文件……
[  86% ] reimport | 正在准备重新导入文件……
[  86% ] reimport | 正在准备重新导入文件……
[  86% ] reimport | 正在准备重新导入文件……
[  86% ] reimport | 正在准备重新导入文件……
[  86% ] reimport | 正在准备重新导入文件……
[  86% ] reimport | 正在准备重新导入文件……
[  87% ] reimport | 正在准备重新导入文件……
[  87% ] reimport | 正在准备重新导入文件……
[  87% ] reimport | 正在准备重新导入文件……
[  87% ] reimport | 正在准备重新导入文件……
[  87% ] reimport | 正在准备重新导入文件……
[  87% ] reimport | 正在准备重新导入文件……
[  87% ] reimport | 正在准备重新导入文件……
[  87% ] reimport | 正在准备重新导入文件……
[  88% ] reimport | 正在准备重新导入文件……
[  88% ] reimport | 正在准备重新导入文件……
[  88% ] reimport | 正在准备重新导入文件……
[  88% ] reimport | 正在准备重新导入文件……
[  88% ] reimport | 正在准备重新导入文件……
[  88% ] reimport | 正在准备重新导入文件……
[  88% ] reimport | 正在准备重新导入文件……
[  88% ] reimport | 正在准备重新导入文件……
[  89% ] reimport | 正在准备重新导入文件……
[  89% ] reimport | 正在准备重新导入文件……
[  89% ] reimport | 正在准备重新导入文件……
[  89% ] reimport | 正在准备重新导入文件……
[  89% ] reimport | 正在准备重新导入文件……
[  89% ] reimport | 正在准备重新导入文件……
[  89% ] reimport | 正在准备重新导入文件……
[  89% ] reimport | 正在准备重新导入文件……
[  90% ] reimport | 正在准备重新导入文件……
[  90% ] reimport | 正在准备重新导入文件……
[  90% ] reimport | 正在准备重新导入文件……
[  90% ] reimport | 正在准备重新导入文件……
[  90% ] reimport | 正在准备重新导入文件……
[  90% ] reimport | 正在准备重新导入文件……
[  90% ] reimport | 正在准备重新导入文件……
[  90% ] reimport | 正在准备重新导入文件……
[  91% ] reimport | 正在准备重新导入文件……
[  91% ] reimport | 正在准备重新导入文件……
[  91% ] reimport | 正在准备重新导入文件……
[  91% ] reimport | 正在准备重新导入文件……
[  91% ] reimport | 正在准备重新导入文件……
[  91% ] reimport | 正在准备重新导入文件……
[  91% ] reimport | 正在准备重新导入文件……
[  91% ] reimport | 正在准备重新导入文件……
[  92% ] reimport | 正在准备重新导入文件……
[  92% ] reimport | 正在准备重新导入文件……
[  92% ] reimport | 正在准备重新导入文件……
[  92% ] reimport | 正在准备重新导入文件……
[  92% ] reimport | 正在准备重新导入文件……
[  92% ] reimport | 正在准备重新导入文件……
[  92% ] reimport | 正在准备重新导入文件……
[  93% ] reimport | 正在准备重新导入文件……
[  93% ] reimport | 正在准备重新导入文件……
[  93% ] reimport | 正在准备重新导入文件……
[  93% ] reimport | 正在准备重新导入文件……
[  93% ] reimport | 正在准备重新导入文件……
[  93% ] reimport | 正在准备重新导入文件……
[  93% ] reimport | 正在准备重新导入文件……
[  93% ] reimport | 正在准备重新导入文件……
[  94% ] reimport | 正在准备重新导入文件……
[  94% ] reimport | 正在准备重新导入文件……
[  94% ] reimport | 正在准备重新导入文件……
[  94% ] reimport | 正在准备重新导入文件……
[  94% ] reimport | 正在准备重新导入文件……
[  94% ] reimport | 正在准备重新导入文件……
[  94% ] reimport | 正在准备重新导入文件……
[  94% ] reimport | 正在准备重新导入文件……
[  95% ] reimport | 正在准备重新导入文件……
[  95% ] reimport | 正在准备重新导入文件……
[  95% ] reimport | 正在准备重新导入文件……
[  95% ] reimport | 正在准备重新导入文件……
[  95% ] reimport | 正在准备重新导入文件……
[  95% ] reimport | 正在准备重新导入文件……
[  95% ] reimport | 正在准备重新导入文件……
[  95% ] reimport | 正在准备重新导入文件……
[  96% ] reimport | 正在准备重新导入文件……
[  96% ] reimport | 正在准备重新导入文件……
[  96% ] reimport | 正在准备重新导入文件……
[  96% ] reimport | 正在准备重新导入文件……
[  96% ] reimport | 正在准备重新导入文件……
[  96% ] reimport | 正在准备重新导入文件……
[  96% ] reimport | 正在准备重新导入文件……
[  96% ] reimport | 正在准备重新导入文件……
[  97% ] reimport | 正在准备重新导入文件……
[  97% ] reimport | 正在准备重新导入文件……
[  97% ] reimport | 正在准备重新导入文件……
[  97% ] reimport | 正在准备重新导入文件……
[  97% ] reimport | 正在准备重新导入文件……
[  97% ] reimport | 正在准备重新导入文件……
[  97% ] reimport | 正在准备重新导入文件……
[  97% ] reimport | 正在准备重新导入文件……
[  98% ] reimport | 正在准备重新导入文件……
[  98% ] reimport | 正在准备重新导入文件……
[  98% ] reimport | 正在准备重新导入文件……
[  98% ] reimport | 正在准备重新导入文件……
[  98% ] reimport | 正在准备重新导入文件……
[  98% ] reimport | 正在准备重新导入文件……
[  98% ] reimport | 正在准备重新导入文件……
[  98% ] reimport | 正在准备重新导入文件……
[  99% ] reimport | 正在准备重新导入文件……
[  99% ] reimport | 正在准备重新导入文件……
[  99% ] reimport | 正在准备重新导入文件……
[  99% ] reimport | 正在准备重新导入文件……
[  99% ] reimport | 正在准备重新导入文件……
[  99% ] reimport | 正在准备重新导入文件……
[   0% ] reimport | 正在执行重新导入的前置操作……
[   0% ] reimport | download_report.csv
[   0% ] reimport | download_report.csv
[   0% ] reimport | 暗中的光虫「莉格露·奈特巴格」__character-soi-021.jpg
[   0% ] reimport | 月之光「露娜·切露德」__character-rec-085.jpg
[   0% ] reimport | 月之光「露娜·切露德」__character-soi-003.jpg
[   0% ] reimport | 月之头脑「八意永琳」__character-fdf-116.jpg
[   0% ] reimport | 月之头脑「八意永琳」__character-ucs-070.jpg
[   0% ] reimport | 月之都的射手「清兰」__character-mar-022.jpg
[   1% ] reimport | 月之都的射手「清兰」__character-ucs-051.jpg
[   1% ] reimport | 月兔衍生物.jpg
[   1% ] reimport | 月符「静寂ノ月神」.jpg
[   1% ] reimport | 有顶ノ天__field-rec-080.jpg
[   1% ] reimport | 有顶ノ天__field-smm-002.jpg
[   1% ] reimport | 木符「Sylphy Horn」.jpg
[   1% ] reimport | 未知力量X「封兽ぬえ」.jpg
[   1% ] reimport | 未确认幻想飞行物「封兽ぬえ」__character-rec-030.jpg
[   2% ] reimport | 本能「本我的解放」__spell-rec-064.jpg
[   2% ] reimport | 本能「本我的解放」__spell-soi-130.jpg
[   2% ] reimport | 柳树下的首级「赤蛮奇」.jpg
[   2% ] reimport | 栖息于淡水的人鱼「若鹭姬」.jpg
[   2% ] reimport | 核热「核反应制御不能」.jpg
[   2% ] reimport | 梦符「二重结界」__spell-fdf-011.jpg
[   2% ] reimport | 梦符「二重结界」__spell-rei-008.jpg
[   2% ] reimport | 樱符「Sense of Cherry Blossom」.jpg
[   3% ] reimport | 橙__character-rec-110.jpg
[   3% ] reimport | 橙__character-smm12.jpg
[   3% ] reimport | 日符「皇家烈焰」.jpg
[   3% ] reimport | 旧史「旧秘境史-古代史-」__spell-rec-046.jpg
[   3% ] reimport | 旧史「旧秘境史-古代史-」__spell-soi-123.jpg
[   3% ] reimport | 旧地狱的宠物妖怪「火焰猫燐」__character-fdn-053.jpg
[   3% ] reimport | 旧地狱的宠物妖怪「火焰猫燐」__character-fdn-081.jpg
[   3% ] reimport | 旧地狱的宠物妖怪「火焰猫燐」__character-ucs-038.jpg
[   4% ] reimport | 旧都__field-fdf-108.jpg
[   4% ] reimport | 旧都__field-ucs-062.jpg
[   4% ] reimport | 早苗的御币.jpg
[   4% ] reimport | 时符「Private Square」.jpg
[   4% ] reimport | 星符「Escape Velocity」__spell-fdf-019.jpg
[   4% ] reimport | 星符「Escape Velocity」__spell-mar-011.jpg
[   4% ] reimport | 星符「Meteonic Shower」__spell-fdf-023.jpg
[   4% ] reimport | 星符「Meteonic Shower」__spell-mar-010.jpg
[   5% ] reimport | 星降之处的道士「丰聪耳神子」__character-fdn-056.jpg
[   5% ] reimport | 星降之处的道士「丰聪耳神子」__character-ucs-069.jpg
[   5% ] reimport | 星降的风水师「物部布都」__character-htk-013.jpg
[   5% ] reimport | 星降的风水师「物部布都」__character-soi-051.jpg
[   5% ] reimport | 春的另一面「莉莉黑」__character-fdn-068.jpg
[   5% ] reimport | 春的另一面「莉莉黑」__character-htk-003.jpg
[   5% ] reimport | 普通的魔法使「雾雨魔理沙」__character-rec-051.jpg
[   5% ] reimport | 普通的魔法使「雾雨魔理沙」__character-soi-070.jpg
[   6% ] reimport | 普通的魔法使「雾雨魔理沙」__character-soi-096.jpg
[   6% ] reimport | 普通的魔法使「雾雨魔理沙」__character-ucs-076.jpg
[   6% ] reimport | 暗中的光虫「莉格露·奈特巴格」__character-rec-095.jpg
[   6% ] reimport | 法兰西人偶__character-ucs-048.jpg
[   6% ] reimport | 洞窟之网「黑谷山女」.jpg
[   6% ] reimport | 活力四射的冰之勇者「琪露诺」.jpg
[   6% ] reimport | 深夜食堂店长「米斯蒂娅·萝蕾拉」.jpg
[   6% ] reimport | 深层「无意识ノ基因」.jpg
[   7% ] reimport | 深山的妖怪「山城高岭」.jpg
[   7% ] reimport | 湖上的冰精「琪露诺」__character-lof-015.jpg
[   7% ] reimport | 湖上的冰精「琪露诺」__character-soi-082.jpg
[   7% ] reimport | 湖畔的住人「大妖精」__character-lof-014.jpg
[   7% ] reimport | 湖畔的住人「大妖精」__character-smm11.jpg
[   7% ] reimport | 湖畔的住人「大妖精」__character-soi-015.jpg
[   7% ] reimport | 漆黑的噬龙者「姬虫百百世」.jpg
[   8% ] reimport | 火水木金土符「贤者之石」__spell-rec-048.jpg
[   8% ] reimport | 火水木金土符「贤者之石」__spell-soi-133.jpg
[   8% ] reimport | 火符「Agni Shine」.jpg
[   8% ] reimport | 灵.jpg
[   8% ] reimport | 灵符「梦想妙珠」__spell-fdf-004.jpg
[   8% ] reimport | 灵符「梦想妙珠」__spell-rei-011.jpg
[   8% ] reimport | 灵符「梦想封印-散-」__spell-rei-012.jpg
[   8% ] reimport | 灵符「梦想封印-散-」__spell-ucs-047.jpg
[   9% ] reimport | 灵符「梦想封印-瞬-」__spell-rei-009.jpg
[   9% ] reimport | 灵符「梦想封印-瞬-」__spell-soi-103.jpg
[   9% ] reimport | 灵符「梦想封印-瞬-」__spell-ucs-077.jpg
[   9% ] reimport | 烤八目鳗.jpg
[   9% ] reimport | 橙__character-soi-048.jpg
[   9% ] reimport | 死价「price of life」.jpg
[   9% ] reimport | 死歌「八重雾中渡」.jpg
[   9% ] reimport | 死灵「死ノ妖精」.jpg
[  10% ] reimport | 死神「彼岸归航」__spell-kmo-002.jpg
[  10% ] reimport | 死神「彼岸归航」__spell-rec-053.jpg
[  10% ] reimport | 毗沙门天「寅丸星」__character-rec-082.jpg
[  10% ] reimport | 毗沙门天「寅丸星」__character-rei-022.jpg
[  10% ] reimport | 毗沙门天「寅丸星」__character-soi-067.jpg
[  10% ] reimport | 毗沙门天「寅丸星」__character-ucs-082.jpg
[  10% ] reimport | 水中工程师「河城荷取」.jpg
[  10% ] reimport | 水中的迷彩「河城荷取」.jpg
[  11% ] reimport | 水符「Princess Undine」.jpg
[  11% ] reimport | 水难事故的化身「村纱水蜜」.jpg
[  11% ] reimport | 永远与须臾的罪人「蓬莱山辉夜」__character-fdn-059.jpg
[  11% ] reimport | 永远与须臾的罪人「蓬莱山辉夜」__character-fdn-080.jpg
[  11% ] reimport | 永远与须臾的罪人「蓬莱山辉夜」__character-soi-087.jpg
[  11% ] reimport | 永远与须臾的罪人「蓬莱山辉夜」__character-ucs-090.jpg
[  11% ] reimport | 永远鲜红的幼月「蕾米莉亚·斯卡蕾特」__character-rec-040.jpg
[  11% ] reimport | 永远鲜红的幼月「蕾米莉亚·斯卡蕾特」__character-rec-052.jpg
[  12% ] reimport | 永远鲜红的幼月「蕾米莉亚·斯卡蕾特」__character-soi-075.jpg
[  12% ] reimport | 永远鲜红的幼月「蕾米莉亚·斯卡蕾特」__character-soi-117.jpg
[  12% ] reimport | 污秽的有机怪物「天火人血枪」.jpg
[  12% ] reimport | 沉着冷静的人狼「今泉影狼」.jpg
[  12% ] reimport | 法兰西人偶__character-fdn-075.jpg
[  12% ] reimport | 幻想「第一种永久机关」__spell-ucs-019.jpg
[  12% ] reimport | 幻想「花鸟风月、啸风弄月」.jpg
[  12% ] reimport | 幻想乡的记忆「稗田阿求」__character-rec-109.jpg
[  13% ] reimport | 幻想乡的记忆「稗田阿求」__character-smm14.jpg
[  13% ] reimport | 幻想乡的记忆「稗田阿求」__character-soi-046.jpg
[  13% ] reimport | 幻想的冬天之物「蕾蒂·霍瓦特洛克」__character-fdf-070.jpg
[  13% ] reimport | 幻想的冬天之物「蕾蒂·霍瓦特洛克」__character-mar-019.jpg
[  13% ] reimport | 幻想的策士「八云蓝」.jpg
[  13% ] reimport | 幻波「赤眼催眠」.jpg
[  13% ] reimport | 幻胧的月兔「铃仙·优昙华院·因幡」.jpg
[  13% ] reimport | 幻葬「夜雾ノ幻影杀人鬼」.jpg
[  14% ] reimport | 幻象衍生物.jpg
[  14% ] reimport | 幽冥的剑术家「魂魄妖梦」.jpg
[  14% ] reimport | 开海「摩根的奇迹」.jpg
[  14% ] reimport | 开海「摩西ノ奇迹」.jpg
[  14% ] reimport | 式神「八云蓝」__character-htk-006.jpg
[  14% ] reimport | 式神「八云蓝」__character-soi-026.jpg
[  14% ] reimport | 引雷的亡灵「苏我屠自古」__character-rec-106.jpg
[  15% ] reimport | 引雷的亡灵「苏我屠自古」__character-soi-040.jpg
[  15% ] reimport | 彼岸的渡者「小野冢小町」__character-kmo-001.jpg
[  15% ] reimport | 彼岸的渡者「小野冢小町」__character-rec-013.jpg
[  15% ] reimport | 彼岸的鸡之神「庭渡久侘歌」.jpg
[  15% ] reimport | 心ノ箱__field-htk-029.jpg
[  15% ] reimport | 心ノ箱__field-soi-106.jpg
[  15% ] reimport | 少女秘封俱乐部「宇佐见莲子」.jpg
[  15% ] reimport | 少女秘封俱乐部「玛艾露贝莉·赫恩」.jpg
[  16% ] reimport | 山坂与湖水的化身「八坂神奈子」__character-fdn-055.jpg
[  16% ] reimport | 山坂与湖水的化身「八坂神奈子」__character-ucs-072.jpg
[  16% ] reimport | 山童士兵__character-rec-112.jpg
[  16% ] reimport | 山童士兵__character-soi-055.jpg
[  16% ] reimport | 山童探险家.jpg
[  16% ] reimport | 川雾的引航人「小野冢小町」.jpg
[  16% ] reimport | 巡秋而来「秋静叶」__character-kmo-010.jpg
[  16% ] reimport | 巡秋而来「秋静叶」__character-rec-089.jpg
[  17% ] reimport | 巡秋而来「秋静叶」__character-soi-013.jpg
[  17% ] reimport | 巧言令色的白兔「因幡帝」.jpg
[  17% ] reimport | 布加勒斯特的人偶师「爱丽丝·玛格特罗伊德」.jpg
[  17% ] reimport | 常置阵.jpg
[  17% ] reimport | 平安时代的妖怪「封兽鵺」.jpg
[  17% ] reimport | 幸运的白兔「因幡帝」__character-rec-096.jpg
[  17% ] reimport | 幸运的白兔「因幡帝」__character-rei-019.jpg
[  17% ] reimport | 幸运的白兔「因幡帝」__character-smm10.jpg
[  18% ] reimport | 幸运的白兔「因幡帝」__character-soi-022.jpg
[  18% ] reimport | 幻世「the world」__spell-rec-047.jpg
[  18% ] reimport | 幻世「the world」__spell-soi-125.jpg
[  18% ] reimport | 幻在「Clock Corpse」.jpg
[  18% ] reimport | 幻巢「飞光虫ノ巢」__spell-rec-063.jpg
[  18% ] reimport | 幻巢「飞光虫ノ巢」__spell-soi-119.jpg
[  18% ] reimport | 幻想「第一种永久机关」__spell-fdn-058.jpg
[  18% ] reimport | 执符「御射山御狩神事」.jpg
[  19% ] reimport | 投钱「宵越ノ钱」.jpg
[  19% ] reimport | 换命「不惜身命，可惜身命」.jpg
[  19% ] reimport | 探宝队员「纳兹琳」__character-htk-007.jpg
[  19% ] reimport | 探宝队员「纳兹琳」__character-soi-065.jpg
[  19% ] reimport | 探宝队员「纳兹琳」__character-ucs-081.jpg
[  19% ] reimport | 控龙的少女「物部布都」.jpg
[  19% ] reimport | 提琴手「露娜萨·普莉兹姆利巴」__character-kmo-012.jpg
[  19% ] reimport | 提琴手「露娜萨·普莉兹姆利巴」__character-rec-099.jpg
[  20% ] reimport | 提琴手「露娜萨·普莉兹姆利巴」__character-soi-030.jpg
[  20% ] reimport | 操符「乙女文乐」.jpg
[  20% ] reimport | 断迷剑「迷津慈航斩」.jpg
[  20% ] reimport | 新史「新幻想史-现代史-」.jpg
[  20% ] reimport | 新闻素材.jpg
[  20% ] reimport | 无名ノ丘__field-lof-023.jpg
[  20% ] reimport | 无名ノ丘__field-soi-104.jpg
[  20% ] reimport | 无名的读书妖怪「朱鹭子」__character-mar-025.jpg
[  21% ] reimport | 无名的读书妖怪「朱鹭子」__character-rec-108.jpg
[  21% ] reimport | 无名的读书妖怪「朱鹭子」__character-smm08.jpg
[  21% ] reimport | 无名的读书妖怪「朱鹭子」__character-soi-042.jpg
[  21% ] reimport | 无理非道的仙人「霍青娥」.jpg
[  21% ] reimport | 无间之钟「姬海棠果」.jpg
[  21% ] reimport | 日之光「桑尼·米尔克」__character-lof-010.jpg
[  21% ] reimport | 日之光「桑尼·米尔克」__character-soi-001.jpg
[  22% ] reimport | 心花「Camera-Shy Rose」.jpg
[  22% ] reimport | 忠诚的死体「宫古芳香」__character-rec-036.jpg
[  22% ] reimport | 忠诚的死体「宫古芳香」__character-soi-063.jpg
[  22% ] reimport | 忠诚的死体「宫古芳香」__character-ucs-080.jpg
[  22% ] reimport | 念写记者「姬海棠果」__character-soi-027.jpg
[  22% ] reimport | 念写记者「姬海棠果」__character-ucs-ex03.jpg
[  22% ] reimport | 怒面「愤怒ノ忌狼面」.jpg
[  22% ] reimport | 恋心「Double Spark」.jpg
[  23% ] reimport | 恋符「Non-Directional Laser」.jpg
[  23% ] reimport | 恋符「极限火花」__spell-mar-009.jpg
[  23% ] reimport | 恋符「极限火花」__spell-soi-102.jpg
[  23% ] reimport | 恋符「极限火花」__spell-ucs-078.jpg
[  23% ] reimport | 恶魔之妹「芙兰朵露·斯卡蕾特」__character-fdf-ex01.jpg
[  23% ] reimport | 恶魔之妹「芙兰朵露·斯卡蕾特」__character-rec-042.jpg
[  23% ] reimport | 恶魔之妹「芙兰朵露·斯卡蕾特」__character-soi-091.jpg
[  23% ] reimport | 恶魔的门番「红美铃」__character-rec-111.jpg
[  24% ] reimport | 恶魔的门番「红美铃」__character-soi-049.jpg
[  24% ] reimport | 惊天动地的唐伞妖怪「多多良小伞」__character-fdn-051.jpg
[  24% ] reimport | 惊天动地的唐伞妖怪「多多良小伞」__character-ucs-071.jpg
[  24% ] reimport | 想起「恐怖ノ回忆」__spell-rec-077.jpg
[  24% ] reimport | 想起「恐怖ノ回忆」__spell-soi-162.jpg
[  24% ] reimport | 意识之底「古明地觉&古明地恋」.jpg
[  24% ] reimport | 战栗的蓬莱人「藤原妹红」.jpg
[  24% ] reimport | 战符「小小军势」__spell-rec-050.jpg
[  25% ] reimport | 战符「小小军势」__spell-soi-159.jpg
[  25% ] reimport | 转世「一条归桥」__spell-ucs-014.jpg
[  25% ] reimport | 辉光ノ城.jpg
[  25% ] reimport | 辉光之城__field-rec-057.jpg
[  25% ] reimport | 辉光之城__field-smm-004.jpg
[  25% ] reimport | 辘轳首的怪奇「赤蛮奇」.jpg
[  25% ] reimport | 运送春天的妖精「莉莉白」__character-kmo-017.jpg
[  25% ] reimport | 运送春天的妖精「莉莉白」__character-rec-038.jpg
[  26% ] reimport | 运送春天的妖精「莉莉白」__character-smm09.jpg
[  26% ] reimport | 运送春天的妖精「莉莉白」__character-soi-006.jpg
[  26% ] reimport | 连接海与山的月之公主「绵月丰姬」__character-fdn-067.jpg
[  26% ] reimport | 连接海与山的月之公主「绵月丰姬」__character-htk-004.jpg
[  26% ] reimport | 逆袭的天邪鬼「鬼人正邪」.jpg
[  26% ] reimport | 道符「掌上の天道」.jpg
[  26% ] reimport | 遗忘之伞「多多良小伞」__character-rec-115.jpg
[  26% ] reimport | 遗忘之伞「多多良小伞」__character-soi-061.jpg
[  27% ] reimport | 邪恋「容易结果ノ极限火花」.jpg
[  27% ] reimport | 邪术仙人「霍青娥」__character-rec-037.jpg
[  27% ] reimport | 邪术仙人「霍青娥」__character-soi-064.jpg
[  27% ] reimport | 金符「Metal Fatigue」.jpg
[  27% ] reimport | 键盘手「莉莉卡·普莉兹姆利巴」__character-kmo-013.jpg
[  27% ] reimport | 键盘手「莉莉卡·普莉兹姆利巴」__character-rec-100.jpg
[  27% ] reimport | 键盘手「莉莉卡·普莉兹姆利巴」__character-rei-020.jpg
[  27% ] reimport | 门符「最后ノ理想国」.jpg
[  28% ] reimport | 问答无用「云居一轮&云山」__character-rec-084.jpg
[  28% ] reimport | 萤火的行踪「莉格露·奈特巴格」.jpg
[  28% ] reimport | 蓬莱「凯风快晴-Fujiyama Volcano-」.jpg
[  28% ] reimport | 蓬莱人偶__character-fdn-076.jpg
[  28% ] reimport | 蓬莱人偶__character-soi-009.jpg
[  28% ] reimport | 蓬莱人偶__character-ucs-083.jpg
[  28% ] reimport | 蓬莱的人之形「藤原妹红」__character-soi-023.jpg
[  29% ] reimport | 虚史「幻想乡传说」.jpg
[  29% ] reimport | 蝙蝠衍生物.jpg
[  29% ] reimport | 表情丰富的扑克脸「秦心」.jpg
[  29% ] reimport | 表象「弹幕偏执狂」.jpg
[  29% ] reimport | 要塞的天狗.jpg
[  29% ] reimport | 要石.jpg
[  29% ] reimport | 要石「天空ノ灵石」.jpg
[  29% ] reimport | 要石「开天辟地ノ压」__spell-rec-014.jpg
[  30% ] reimport | 要石「开天辟地ノ压」__spell-soi-134.jpg
[  30% ] reimport | 警醒阵.jpg
[  30% ] reimport | 诅咒「魔光ノ上海人形」.jpg
[  30% ] reimport | 识文解意的爱书「本居小铃」__character-rec-104.jpg
[  30% ] reimport | 识文解意的爱书「本居小铃」__character-rei-021.jpg
[  30% ] reimport | 识文解意的爱书「本居小铃」__character-soi-038.jpg
[  30% ] reimport | 试作型超巨大人偶「歌莉娅人偶」.jpg
[  30% ] reimport | 诵经的山彦「幽谷响子」.jpg
[  31% ] reimport | 诹访子与赤口大人.jpg
[  31% ] reimport | 赎罪「旧地狱的针山」.jpg
[  31% ] reimport | 转世「一条归桥」__spell-fdn-064.jpg
[  31% ] reimport | 香霖堂的谜之妖怪「朱鹭子」__character-htk-ex.jpg
[  31% ] reimport | 高地的山女「驹草山如」.jpg
[  31% ] reimport | 高阶恶魔.jpg
[  31% ] reimport | 鬼神仙人「茨木华扇」__character-rei-018.jpg
[  31% ] reimport | 鬼神仙人「茨木华扇」__character-ucs-060.jpg
[  32% ] reimport | 鬼神长.jpg
[  32% ] reimport | 鬼群「Imp Swarm」.jpg
[  32% ] reimport | 鬼衍生物.jpg
[  32% ] reimport | 魂符「生魂流离ノ镰」.jpg
[  32% ] reimport | 魂魄「幽冥求闻持聪ノ法」.jpg
[  32% ] reimport | 魍魉.jpg
[  32% ] reimport | 魔法「紫云ノ兆」.jpg
[  32% ] reimport | 魔法之森的妖精.jpg
[  33% ] reimport | 魔炮「Final Master Spark」.jpg
[  33% ] reimport | 魔神复诵「圣白莲」__character-fdf-ex03.jpg
[  33% ] reimport | 魔神复诵「圣白莲」__character-rec-029.jpg
[  33% ] reimport | 魔神复诵「圣白莲」__character-soi-085.jpg
[  33% ] reimport | 魔符「Stardust Reverie」__spell-fdf-036.jpg
[  33% ] reimport | 魔符「Stardust Reverie」__spell-mar-008.jpg
[  33% ] reimport | 鲜红的恶魔「蕾米莉亚·斯卡雷特」.jpg
[  33% ] reimport | 鲵吞亭的店花「奥野田美宵」__character-fdf-095.jpg
[  34% ] reimport | 鲵吞亭的店花「奥野田美宵」__character-mar-018.jpg
[  34% ] reimport | 龙宫使者__character-htk-010.jpg
[  34% ] reimport | 龙宫使者__character-soi-058.jpg
[  34% ] reimport | 问答无用「云居一轮&云山」__character-smm15.jpg
[  34% ] reimport | 问答无用「云居一轮&云山」__character-soi-069.jpg
[  34% ] reimport | 阳花的妖怪「风见幽香」__character-rec-092.jpg
[  34% ] reimport | 阳花的妖怪「风见幽香」__character-rei-024.jpg
[  34% ] reimport | 阳花的妖怪「风见幽香」__character-soi-018.jpg
[  35% ] reimport | 阳花的妖怪「风见幽香」__character-ucs-085.jpg
[  35% ] reimport | 难以驾驭的神之火「灵乌路空」.jpg
[  35% ] reimport | 雨符「虹彩细雨」.jpg
[  35% ] reimport | 雨符「雨夜ノ怪谈」.jpg
[  35% ] reimport | 雪中的天狗「犬走椛」.jpg
[  35% ] reimport | 雪之亡灵「西行寺幽幽子」__character-soi-050.jpg
[  35% ] reimport | 雪之亡灵「西行寺幽幽子」__character-ucs-ex04.jpg
[  36% ] reimport | 雾ノ湖__field-lof-012.jpg
[  36% ] reimport | 雾ノ湖__field-soi-105.jpg
[  36% ] reimport | 雾之湖公主「大妖精」.jpg
[  36% ] reimport | 雾符「云集雾散」.jpg
[  36% ] reimport | 雾雨魔法店.jpg
[  36% ] reimport | 非想「非想非非想ノ剑」__spell-fdn-073.jpg
[  36% ] reimport | 非想「非想非非想ノ剑」__spell-ucs-027.jpg
[  36% ] reimport | 风元素__character-rec-113.jpg
[  37% ] reimport | 风元素__character-soi-057.jpg
[  37% ] reimport | 飞散红叶的天狗「射命丸文」__character-kmo-007.jpg
[  37% ] reimport | 飞散红叶的天狗「射命丸文」__character-rec-026.jpg
[  37% ] reimport | 飞散红叶的天狗「射命丸文」__character-soi-081.jpg
[  37% ] reimport | 香霖堂的谜之妖怪「朱鹭子」__character-htk-002.jpg
[  37% ] reimport | 祈风之人「东风谷早苗」__character-soi-011.jpg
[  37% ] reimport | 神志「思兼ノ意志」.jpg
[  37% ] reimport | 神技「八方鬼缚阵」.jpg
[  38% ] reimport | 神明后裔的亡灵「苏我屠自古」.jpg
[  38% ] reimport | 神枪「冈格尼尔」__spell-rec-031.jpg
[  38% ] reimport | 神枪「冈格尼尔」__spell-soi-112.jpg
[  38% ] reimport | 神祭「Expanded Onbashira」.jpg
[  38% ] reimport | 神符「天人ノ系谱」.jpg
[  38% ] reimport | 神隐的主犯「八云紫」__character-fdf-ex02.jpg
[  38% ] reimport | 神隐的主犯「八云紫」__character-soi-090.jpg
[  38% ] reimport | 神隐的主犯「八云紫」__character-ucs-092.jpg
[  39% ] reimport | 祭祀风之人「东风谷早苗」__character-rec-010.jpg
[  39% ] reimport | 祭祀风之人「东风谷早苗」__character-rei-026.jpg
[  39% ] reimport | 祭祀风之人「东风谷早苗」__character-smm07.jpg
[  39% ] reimport | 祭祀风之人「东风谷早苗」__character-soi-076.jpg
[  39% ] reimport | 禁弹「Catadioptric」.jpg
[  39% ] reimport | 禁忌「Four of a Kind」.jpg
[  39% ] reimport | 禁忌「莱瓦汀」__spell-rec-032.jpg
[  39% ] reimport | 禁忌「莱瓦汀」__spell-soi-107.jpg
[  40% ] reimport | 禁止通行「云居一轮&云山」.jpg
[  40% ] reimport | 秘仪「弹幕ノ玉茧」.jpg
[  40% ] reimport | 秘术「天文密葬法」.jpg
[  40% ] reimport | 秘术「遗忘ノ祭仪」.jpg
[  40% ] reimport | 秘法「九字切」.jpg
[  40% ] reimport | 爆符「Mage-Flare」.jpg
[  40% ] reimport | 狂气月兔「铃仙·优昙华院·因幡」__character-kmo-008.jpg
[  40% ] reimport | 狂气月兔「铃仙·优昙华院·因幡」__character-rec-102.jpg
[  41% ] reimport | 狂气月兔「铃仙·优昙华院·因幡」__character-soi-035.jpg
[  41% ] reimport | 狂气的地狱妖精「克劳恩皮丝」.jpg
[  41% ] reimport | 狂符「幻视调率」.jpg
[  41% ] reimport | 独臂有角的仙人「茨木华扇」.jpg
[  41% ] reimport | 狼女__character-rec-086.jpg
[  41% ] reimport | 猫符「Cat’s Walk」.jpg
[  41% ] reimport | 玩耍的妖精__character-lof-018.jpg
[  41% ] reimport | 玩耍的妖精__character-soi-059.jpg
[  42% ] reimport | 甜蜜毒药「梅蒂欣·梅兰可莉」__character-rec-093.jpg
[  42% ] reimport | 甜蜜毒药「梅蒂欣·梅兰可莉」__character-soi-019.jpg
[  42% ] reimport | 生意兴隆的吉祥物「豪德寺三花」__character-fdf-099.jpg
[  42% ] reimport | 生意兴隆的吉祥物「豪德寺三花」__character-mar-026.jpg
[  42% ] reimport | 生药「国士无双ノ药」.jpg
[  42% ] reimport | 畜生界的藏匿者「吉吊八千慧」.jpg
[  42% ] reimport | 白玉ノ阶梯.jpg
[  43% ] reimport | 百鬼夜行「伊吹萃香」__character-fdn-065.jpg
[  43% ] reimport | 百鬼夜行「伊吹萃香」__character-soi-092.jpg
[  43% ] reimport | 百鬼夜行「伊吹萃香」__character-ucs-089.jpg
[  43% ] reimport | 知识与避世的少女「帕秋莉·诺蕾姬」__character-mar-021.jpg
[  43% ] reimport | 知识与避世的少女「帕秋莉·诺蕾姬」__character-ucs-040.jpg
[  43% ] reimport | 祈风之人「东风谷早苗」__character-rec-087.jpg
[  43% ] reimport | 祈风之人「东风谷早苗」__character-smm16.jpg
[  43% ] reimport | 结界「魅力ノ四重结界」.jpg
[  44% ] reimport | 绯红的宵暗「蕾米莉亚·斯卡蕾特」.jpg
[  44% ] reimport | 绯红的霄暗「蕾米莉亚·斯卡雷特」.jpg
[  44% ] reimport | 绿眼的无间妒嫉「水桥帕露西」__character-fdn-070.jpg
[  44% ] reimport | 绿眼的无间妒嫉「水桥帕露西」__character-ucs-042.jpg
[  44% ] reimport | 美丽的绯之衣「永江衣玖」__character-mar-024.jpg
[  44% ] reimport | 美丽的绯之衣「永江衣玖」__character-rec-105.jpg
[  44% ] reimport | 美丽的绯之衣「永江衣玖」__character-soi-039.jpg
[  44% ] reimport | 美宵之酒.jpg
[  45% ] reimport | 耳边低语的邪恶白狐「菅牧典」.jpg
[  45% ] reimport | 胆大心细的魔法使「雾雨魔理沙」__character-mar-001.jpg
[  45% ] reimport | 胆大心细的魔法使「雾雨魔理沙」__character-mar-ex.jpg
[  45% ] reimport | 胆小的小人士兵.jpg
[  45% ] reimport | 背德的姐妹「蕾米莉亚&芙兰朵露」.jpg
[  45% ] reimport | 脑符「Brain Fingerprint」.jpg
[  45% ] reimport | 腹黑的人鱼公主「若鹭姬」.jpg
[  45% ] reimport | 自异星而来的物体.jpg
[  46% ] reimport | 般若面.jpg
[  46% ] reimport | 花田的新人「梅蒂欣·梅兰可莉」.jpg
[  46% ] reimport | 花符「Flower Land」.jpg
[  46% ] reimport | 花符「幻想乡ノ开花」.jpg
[  46% ] reimport | 苍天的庭师「魂魄妖梦」__character-rec-107.jpg
[  46% ] reimport | 苍天的庭师「魂魄妖梦」__character-soi-041.jpg
[  46% ] reimport | 萃符「户隐山ノ投」.jpg
[  46% ] reimport | 秘神流雏「键山雏」__character-rec-101.jpg
[  47% ] reimport | 秘神流雏「键山雏」__character-soi-034.jpg
[  47% ] reimport | 究极的绝对秘神「摩多罗·隐岐奈」.jpg
[  47% ] reimport | 究极的绝对秘神「摩多罗隐崎奈」.jpg
[  47% ] reimport | 空想人格的保持者「古明地恋」.jpg
[  47% ] reimport | 空观剑「六根清净斩」.jpg
[  47% ] reimport | 突符「天狗巨漾流」.jpg
[  47% ] reimport | 竹林中的狼人「今泉影狼」.jpg
[  47% ] reimport | 第三只眼「古明地觉」__character-rec-012.jpg
[  48% ] reimport | 第三只眼「古明地觉」__character-soi-078.jpg
[  48% ] reimport | 系缚阵.jpg
[  48% ] reimport | 紧闭的恋之瞳「古明地恋」__character-rec-009.jpg
[  48% ] reimport | 紧闭的恋之瞳「古明地恋」__character-soi-074.jpg
[  48% ] reimport | 繁星的引导者「饭纲丸龙」.jpg
[  48% ] reimport | 红符「不夜城-RED-」.jpg
[  48% ] reimport | 红魔馆__field-rec-035.jpg
[  48% ] reimport | 红魔馆__field-soi-102.jpg
[  49% ] reimport | 红魔馆的吸血鬼女仆.jpg
[  49% ] reimport | 红魔馆的吸血鬼妖精.jpg
[  49% ] reimport | 红魔馆的女仆「十六夜咲夜」__character-htk-009.jpg
[  49% ] reimport | 红魔馆的女仆「十六夜咲夜」__character-rec-011.jpg
[  49% ] reimport | 红魔馆的女仆「十六夜咲夜」__character-soi-077.jpg
[  49% ] reimport | 结界「光与暗ノ网目」.jpg
[  49% ] reimport | 结界「扩散结界」.jpg
[  50% ] reimport | 结界「梦境与现实ノ诅咒」.jpg
[  50% ] reimport | 「最凶&最恶」.jpg
[  50% ] reimport | 「月ノ闲暇」.jpg
[  50% ] reimport | 「月兔制造机」.jpg
[  50% ] reimport | 「未应ノ爱」__spell-ucs-087.jpg
[  50% ] reimport | 「极光」__spell-rec-071.jpg
[  50% ] reimport | 「极光」__spell-soi-149.jpg
[  50% ] reimport | 「根下」.jpg
[  51% ] reimport | 「樱华ノ月」__spell-kmo-020.jpg
[  51% ] reimport | 「樱华ノ月」__spell-rec-060.jpg
[  51% ] reimport | 「樱华ノ月」__spell-soi-099.jpg
[  51% ] reimport | 「正义宝塔ノ光」__spell-kmo-022.jpg
[  51% ] reimport | 「正义宝塔ノ光」__spell-rec-117.jpg
[  51% ] reimport | 「正义宝塔ノ光」__spell-rei-025.jpg
[  51% ] reimport | 「正义宝塔ノ光」__spell-soi-182.jpg
[  51% ] reimport | 「死神的大镰」.jpg
[  52% ] reimport | 「永夜归返-丑ノ刻-」.jpg
[  52% ] reimport | 「永夜归返-子ノ刻-」__spell-rec-021.jpg
[  52% ] reimport | 「永夜归返-子ノ刻-」__spell-soi-164.jpg
[  52% ] reimport | 「永夜归还-待宵-」.jpg
[  52% ] reimport | 「永夜蛰居」__spell-rec-067.jpg
[  52% ] reimport | 「永夜蛰居」__spell-soi-136.jpg
[  52% ] reimport | 「河童背包」__item-fdn-078.jpg
[  52% ] reimport | 「河童背包」__item-ucs-012.jpg
[  53% ] reimport | 「活动记录」__spell-htk-026.jpg
[  53% ] reimport | 「幽冥境」.jpg
[  53% ] reimport | 「幽幽子的折扇」__item-htk-030.jpg
[  53% ] reimport | 「幽幽子的折扇」__item-kmo-026.jpg
[  53% ] reimport | 「幽幽子的折扇」__item-rec-005.jpg
[  53% ] reimport | 「幽幽子的折扇」__item-soi-101.jpg
[  53% ] reimport | 「幽香的阳伞」.jpg
[  53% ] reimport | 「废墟ノ梦」.jpg
[  54% ] reimport | 「异星弹幕ノ空」__spell-rec-116.jpg
[  54% ] reimport | 「异星弹幕ノ空」__spell-soi-181.jpg
[  54% ] reimport | 「彼岸ノ神想」__spell-rec-061.jpg
[  54% ] reimport | 「彼岸ノ神想」__spell-smm-019.jpg
[  54% ] reimport | 「彼岸ノ神想」__spell-soi-109.jpg
[  54% ] reimport | 「承诏必慎」.jpg
[  54% ] reimport | 「招雨ノ雨蛙」.jpg
[  54% ] reimport | 「新绿ノ音·延伸ノ景」.jpg
[  55% ] reimport | 「无意识ノ雨」__spell-rec-075.jpg
[  55% ] reimport | 「无意识ノ雨」__spell-soi-153.jpg
[  55% ] reimport | 「早苗的御币」__item-rec-003.jpg
[  55% ] reimport | 「早苗的御币」__item-smm-023.jpg
[  55% ] reimport | 「早苗的御币」__item-soi-099.jpg
[  55% ] reimport | 「春」__spell-mar-013.jpg
[  55% ] reimport | 「春」__spell-soi-111.jpg
[  55% ] reimport | 「春雪」__spell-kmo-005.jpg
[  56% ] reimport | 「春雪」__spell-rec-034.jpg
[  56% ] reimport | 「昼酒」.jpg
[  56% ] reimport | 「秋」__spell-soi-148.jpg
[  56% ] reimport | 「秋意ノ溪」__spell-kmo-021.jpg
[  56% ] reimport | 「秋意ノ溪」__spell-soi-097.jpg
[  56% ] reimport | 「秘神ノ门扉」__spell-rec-019.jpg
[  56% ] reimport | 「秘神ノ门扉」__spell-soi-155.jpg
[  56% ] reimport | 「稻田姬ノ秋」__spell-soi-110.jpg
[  57% ] reimport | 「稻田姬ノ秋」__spell-ucs-086.jpg
[  57% ] reimport | 「红色ノ幻想乡」__spell-fdf-ex05.jpg
[  57% ] reimport | 「红色ノ幻想乡」__spell-ucs-024.jpg
[  57% ] reimport | 「约定」.jpg
[  57% ] reimport | 「结界ノ一侧」.jpg
[  57% ] reimport | 「缘起ノ幻想乡」__spell-htk-022.jpg
[  57% ] reimport | 「缘起ノ幻想乡」__spell-soi-114.jpg
[  58% ] reimport | 「背德ノ吸血鬼」.jpg
[  58% ] reimport | 「花ノ幻想」__spell-rec-074.jpg
[  58% ] reimport | 「花ノ幻想」__spell-soi-152.jpg
[  58% ] reimport | 「花ノ都」.jpg
[  58% ] reimport | 「花田的妖精」.jpg
[  58% ] reimport | 「萤火ノ天」__spell-smm-017.jpg
[  58% ] reimport | 「萤火ノ天」__spell-soi-106.jpg
[  58% ] reimport | 「萤燈ノ森」__spell-rec-079.jpg
[  59% ] reimport | 「萤燈ノ森」__spell-soi-168.jpg
[  59% ] reimport | 「蓬莱的玉枝」.jpg
[  59% ] reimport | 「蕾米莉亚的烛台」__item-kmo-025.jpg
[  59% ] reimport | 「活动记录」__spell-soi-116.jpg
[  59% ] reimport | 「深红ノ进击」__spell-kmo-023.jpg
[  59% ] reimport | 「深红ノ进击」__spell-rec-072.jpg
[  59% ] reimport | 「深红ノ进击」__spell-soi-150.jpg
[  59% ] reimport | 「游星弹幕“X”」.jpg
[  60% ] reimport | 「游行圣」__spell-rec-076.jpg
[  60% ] reimport | 「游行圣」__spell-soi-165.jpg
[  60% ] reimport | 「湖上」__spell-htk-020.jpg
[  60% ] reimport | 「湖上」__spell-soi-131.jpg
[  60% ] reimport | 「灵击符」.jpg
[  60% ] reimport | 「甜蜜时刻」__spell-kmo-018.jpg
[  60% ] reimport | 「甜蜜时刻」__spell-rec-062.jpg
[  60% ] reimport | 「甜蜜时刻」__spell-soi-115.jpg
[  61% ] reimport | 「畜生调服」.jpg
[  61% ] reimport | 「白玉楼ノ夕」.jpg
[  61% ] reimport | 「百万鬼夜行」.jpg
[  61% ] reimport | 「祈雨ノ阵」.jpg
[  61% ] reimport | 「神ノ通径」.jpg
[  61% ] reimport | 「神ノ风」__spell-rec-068.jpg
[  61% ] reimport | 「神ノ风」__spell-soi-140.jpg
[  61% ] reimport | 「神明ノ威光」.jpg
[  62% ] reimport | 「神游」__spell-htk-023.jpg
[  62% ] reimport | 「神游」__spell-htk-024.jpg
[  62% ] reimport | 「神游」__spell-soi-137.jpg
[  62% ] reimport | 「秋」__spell-rec-070.jpg
[  62% ] reimport | 「人神ノ嬉」__spell-rec-059.jpg
[  62% ] reimport | 「人神ノ嬉」__spell-rei-014.jpg
[  62% ] reimport | 「人神ノ嬉」__spell-smm-018.jpg
[  62% ] reimport | 「人神ノ嬉」__spell-soi-098.jpg
[  63% ] reimport | 「人神ノ黎明景」__spell-fdn-074.jpg
[  63% ] reimport | 「人神ノ黎明景」__spell-ucs-008.jpg
[  63% ] reimport | 「今昔ノ花」__spell-lof-019.jpg
[  63% ] reimport | 「今昔ノ花」__spell-soi-154.jpg
[  63% ] reimport | 「全人类ノ绯想天」.jpg
[  63% ] reimport | 「八卦炉」__item-mar-017.jpg
[  63% ] reimport | 「八卦炉」__item-ucs-002.jpg
[  63% ] reimport | 「冬」.jpg
[  64% ] reimport | 「冰精ノ花环」.jpg
[  64% ] reimport | 「凭坐ノ缚」.jpg
[  64% ] reimport | 「出鞘」__spell-rec-018.jpg
[  64% ] reimport | 「出鞘」__spell-soi-147.jpg
[  64% ] reimport | 「反魂蝶」.jpg
[  64% ] reimport | 「可爱ノ妖精叠奏曲」.jpg
[  64% ] reimport | 「因幡帝的幸运萝卜」.jpg
[  65% ] reimport | 「圣ノ鼓动·法界ノ火」.jpg
[  65% ] reimport | 「境界」__spell-fdn-063.jpg
[  65% ] reimport | 「境界」__spell-soi-118.jpg
[  65% ] reimport | 「境界」__spell-ucs-079.jpg
[  65% ] reimport | 「夏」.jpg
[  65% ] reimport | image91.png
[  65% ] reimport | image133.png
[  65% ] reimport | 未确认幻想飞行物「封兽ぬえ」__character-soi-086.jpg
[  66% ] reimport | 蓬莱的人之形「藤原妹红」__character-rec-097.jpg
[  66% ] reimport | QED「495年ノ波纹」.jpg
[  66% ] reimport | 「5_30 PM」.jpg
[  66% ] reimport | 「Hell's Tokamak」.jpg
[  66% ] reimport | 「Mooned Insect」.jpg
[  66% ] reimport | 「Paranoid Lost」__spell-mar-014.jpg
[  66% ] reimport | 「Paranoid Lost」__spell-ucs-045.jpg
[  66% ] reimport | 「Subterranean Rose」__spell-fdn-062.jpg
[  67% ] reimport | 「Subterranean Rose」__spell-ucs-011.jpg
[  67% ] reimport | 「U.N.OWEN 就是她吗？」.jpg
[  67% ] reimport | 「Wall of Issun」.jpg
[  67% ] reimport | 「万华ノ镜」__spell-htk-025.jpg
[  67% ] reimport | 「万华ノ镜」__spell-soi-105.jpg
[  67% ] reimport | 「不明ノ正体」__spell-lof-026.jpg
[  67% ] reimport | 「不明ノ正体」__spell-soi-145.jpg
[  67% ] reimport | 「不详」.jpg
[  68% ] reimport | 「世界ノ间隙·大空魔术」.jpg
[  68% ] reimport | 「九天ノ瀑布」__spell-rec-065.jpg
[  68% ] reimport | 「九天ノ瀑布」__spell-smm-020.jpg
[  68% ] reimport | 「九天ノ瀑布」__spell-soi-132.jpg
[  68% ] reimport | 「云中」__spell-fdf-054.jpg
[  68% ] reimport | 「云中」__spell-mar-015.jpg
[  68% ] reimport | 「妖魔书」__item-kmo-024.jpg
[  68% ] reimport | 「妖魔书」__item-mar-016.jpg
[  69% ] reimport | 「妖魔书」__item-rec-001.jpg
[  69% ] reimport | 「妖魔书」__item-smm-022.jpg
[  69% ] reimport | 「妖魔书」__item-soi-097.jpg
[  69% ] reimport | 「守护ノ要石」.jpg
[  69% ] reimport | 「审ノ视」__spell-rec-069.jpg
[  69% ] reimport | 「审ノ视」__spell-soi-146.jpg
[  69% ] reimport | 「宵暗ノ翼」__spell-kmo-019.jpg
[  69% ] reimport | 「宵暗ノ翼」__spell-rec-066.jpg
[  70% ] reimport | 「宵暗ノ翼」__spell-soi-135.jpg
[  70% ] reimport | 「小憩」__spell-rec-058.jpg
[  70% ] reimport | 「小憩」__spell-smm-006.jpg
[  70% ] reimport | 「山涧ノ川」__spell-rei-015.jpg
[  70% ] reimport | 「山涧ノ川」__spell-ucs-006.jpg
[  70% ] reimport | 「常夜ノ樱」__spell-htk-018.jpg
[  70% ] reimport | 「常夜ノ樱」__spell-rec-017.jpg
[  70% ] reimport | 「常夜ノ樱」__spell-soi-121.jpg
[  71% ] reimport | 「平安京ノ恶梦」.jpg
[  71% ] reimport | 「幻想ノ灵火」.jpg
[  71% ] reimport | 「幻想春花」.jpg
[  71% ] reimport | 「幻想风靡」.jpg
[  71% ] reimport | 「幻波ノ影、狂气ノ瞳」.jpg
[  71% ] reimport | 「幼心ノ地，有顶天变」.jpg
[  71% ] reimport | 「夜ノ蝶」__spell-htk-019.jpg
[  72% ] reimport | 「夜ノ蝶」__spell-soi-141.jpg
[  72% ] reimport | 「天ノ磐舟」__spell-smm-021.jpg
[  72% ] reimport | 「天ノ磐舟」__spell-soi-142.jpg
[  72% ] reimport | 「天ノ羽衣」__spell-lof-020.jpg
[  72% ] reimport | 「天ノ羽衣」__spell-soi-144.jpg
[  72% ] reimport | 「天狗ノ晴岚」__spell-htk-021.jpg
[  72% ] reimport | 「天狗ノ晴岚」__spell-soi-101.jpg
[  72% ] reimport | 「天狗ノ防御」__spell-rec-033.jpg
[  73% ] reimport | 「天狗ノ防御」__spell-soi-127.jpg
[  73% ] reimport | 「天界ノ蜜桃」__spell-lof-025.jpg
[  73% ] reimport | 「天界ノ蜜桃」__spell-soi-128.jpg
[  73% ] reimport | 「天空の魔法使」.jpg
[  73% ] reimport | 「太阳ノ花田」__spell-rec-015.jpg
[  73% ] reimport | 「太阳ノ花田」__spell-soi-120.jpg
[  73% ] reimport | 「奏中ノ能乐、亡失ノ感情」.jpg
[  73% ] reimport | 「妖恋谈」.jpg
[  74% ] reimport | 「妖精ノ嬉游」__spell-lof-023.jpg
[  74% ] reimport | 「妖精ノ嬉游」__spell-soi-100.jpg
[  74% ] reimport | 「妖精ノ巡礼」__spell-fdn-066.jpg
[  74% ] reimport | 「妖精ノ巡礼」__spell-lof-008.jpg
[  74% ] reimport | 「妖精ノ祭典」__spell-lof-024.jpg
[  74% ] reimport | 「妖精ノ祭典」__spell-soi-160.jpg
[  74% ] reimport | 「妖精公主的信物」.jpg
[  74% ] reimport | 「妖魔书」__item-htk-028.jpg
[  75% ] reimport | 地狱的最高裁判长「四季映姬」__character-rec-103.jpg
[  75% ] reimport | 地狱的最高裁判长「四季映姬」__character-soi-037.jpg
[  75% ] reimport | 地狱的轮祸「火焰猫燐」__character-rec-043.jpg
[  75% ] reimport | 地狱的轮祸「火焰猫燐」__character-soi-093.jpg
[  75% ] reimport | 埴轮泰坦.jpg
[  75% ] reimport | 塞符「天上天下ノ照国」.jpg
[  75% ] reimport | 塞符「天上天下的照国」.jpg
[  75% ] reimport | 夏的妖精「爱塔妮缇拉尔瓦」__character-fdn-060.jpg
[  76% ] reimport | 夏的妖精「爱塔妮缇拉尔瓦」__character-lof-005.jpg
[  76% ] reimport | 夏的妖精「爱塔妮缇拉尔瓦」__character-rei-ex01.jpg
[  76% ] reimport | 夜王「Deacula Cradle」.jpg
[  76% ] reimport | 夜符「Queen of Midnight」.jpg
[  76% ] reimport | 夜雀「米斯蒂娅·萝蕾拉」__character-htk-008.jpg
[  76% ] reimport | 夜雀「米斯蒂娅·萝蕾拉」__character-soi-024.jpg
[  76% ] reimport | 大地的守护神「比那名居天子」__character-fdf-ex04.jpg
[  76% ] reimport | 大地的守护神「比那名居天子」__character-rec-044.jpg
[  77% ] reimport | 大地的守护神「比那名居天子」__character-soi-094.jpg
[  77% ] reimport | 大天狗.jpg
[  77% ] reimport | 大妖精__character-lof-013.jpg
[  77% ] reimport | 大妖精__character-smm13.jpg
[  77% ] reimport | 大妖精__character-soi-007.jpg
[  77% ] reimport | 大海的正义「村纱水蜜」__character-rec-022.jpg
[  77% ] reimport | 大海的正义「村纱水蜜」__character-soi-062.jpg
[  77% ] reimport | 大结界的巫女「博丽灵梦」__character-rei-001.jpg
[  78% ] reimport | 四天王奥义「三步坏废」__spell-fdn-057.jpg
[  78% ] reimport | 四天王奥义「三步坏废」__spell-ucs-026.jpg
[  78% ] reimport | 四季鲜花之主「风见幽香」__character-rec-041.jpg
[  78% ] reimport | 四季鲜花之主「风见幽香」__character-soi-088.jpg
[  78% ] reimport | 四季鲜花之主「风见幽香」__character-ucs-ex01.jpg
[  78% ] reimport | 回声山彦「幽谷响子」__character-rec-083.jpg
[  78% ] reimport | 回声山彦「幽谷响子」__character-soi-068.jpg
[  79% ] reimport | 回忆「恐怖催眠术」.jpg
[  79% ] reimport | 土符「Lazy Trilithon」.jpg
[  79% ] reimport | 土著神「小小青蛙不输风雨」__spell-rec-049.jpg
[  79% ] reimport | 土著神「小小青蛙不输风雨」__spell-soi-157.jpg
[  79% ] reimport | 土著神之顶「洩矢诹访子」__character-fdn-049.jpg
[  79% ] reimport | 土著神之顶「洩矢诹访子」__character-rec-045.jpg
[  79% ] reimport | 土著神之顶「洩矢诹访子」__character-soi-095.jpg
[  79% ] reimport | 地壳下的嫉妒心「水桥帕露西」__character-kmo-016.jpg
[  80% ] reimport | 地壳下的嫉妒心「水桥帕露西」__character-rec-098.jpg
[  80% ] reimport | 地壳下的嫉妒心「水桥帕露西」__character-soi-025.jpg
[  80% ] reimport | 地底的太阳「灵乌路空」__character-rec-025.jpg
[  80% ] reimport | 地底的太阳「灵乌路空」__character-soi-080.jpg
[  80% ] reimport | 地底的太阳「灵乌路空」__character-ucs-ex02.jpg
[  80% ] reimport | 地灵殿的妖精.jpg
[  80% ] reimport | 地狱的口岸神「庭渡久诧歌」.jpg
[  80% ] reimport | 地狱的妖精「克劳恩皮丝」__character-lof-011.jpg
[  81% ] reimport | 地狱的妖精「克劳恩皮丝」__character-soi-036.jpg
[  81% ] reimport | 地狱的最高裁判长「四季映姬」__character-kmo-014.jpg
[  81% ] reimport | 宝具「阴阳鬼神玉」__spell-rei-010.jpg
[  81% ] reimport | 实验中「歌莉娅人形」.jpg
[  81% ] reimport | 实验中的魔女「雾雨魔理沙」__character-mar-020.jpg
[  81% ] reimport | 实验中的魔女「雾雨魔理沙」__character-ucs-028.jpg
[  81% ] reimport | 宵暗的妖怪「露米娅」__character-rec-091.jpg
[  81% ] reimport | 宵暗的妖怪「露米娅」__character-soi-017.jpg
[  82% ] reimport | 富士见之女.jpg
[  82% ] reimport | 小人的公主「少名针妙丸」.jpg
[  82% ] reimport | 小人的后裔「少名针妙丸」__character-rec-039.jpg
[  82% ] reimport | 小人的后裔「少名针妙丸」__character-smm01.jpg
[  82% ] reimport | 小人衍生物.jpg
[  82% ] reimport | 小号手「梅露兰·普莉兹姆利巴」__character-htk-011.jpg
[  82% ] reimport | 小号手「梅露兰·普莉兹姆利巴」__character-soi-032.jpg
[  82% ] reimport | 小夜岚的女仆「十六夜咲夜」__character-fdn-052.jpg
[  83% ] reimport | 小夜岚的女仆「十六夜咲夜」__character-ucs-032.jpg
[  83% ] reimport | 小小的贤将「纳兹琳」.jpg
[  83% ] reimport | 小弹「小人ノ道路」.jpg
[  83% ] reimport | 小径的红叶巫女「博丽灵梦」__character-rei-017.jpg
[  83% ] reimport | 小径的红叶巫女「博丽灵梦」__character-ucs-030.jpg
[  83% ] reimport | 小恶魔__character-rec-090.jpg
[  83% ] reimport | 小恶魔__character-soi-016.jpg
[  83% ] reimport | 小槌「变大吧」.jpg
[  84% ] reimport | 小锤「变大吧」.jpg
[  84% ] reimport | 小面.jpg
[  84% ] reimport | 大结界的巫女「博丽灵梦」__character-rei-ex.jpg
[  84% ] reimport | 天地上等「比那名居天子」.jpg
[  84% ] reimport | 天才的造型神「埴安神袿姬」.jpg
[  84% ] reimport | 天狗记者「射命丸文」__character-kmo-015.jpg
[  84% ] reimport | 天狗记者「射命丸文」__character-rec-094.jpg
[  84% ] reimport | 天狗记者「射命丸文」__character-soi-020.jpg
[  85% ] reimport | 天符「天道是非ノ剑」.jpg
[  85% ] reimport | 奇迹「白昼ノ客星」.jpg
[  85% ] reimport | 女仆秘技「杀人玩偶」.jpg
[  85% ] reimport | 妖云「平安时代ノ黑云」.jpg
[  85% ] reimport | 妖剑「辉针剑」.jpg
[  85% ] reimport | 妖怪「火焰ノ车轮」__spell-rec-078.jpg
[  85% ] reimport | 妖怪「火焰ノ车轮」__spell-soi-166.jpg
[  86% ] reimport | 妖怪之山的哨戒「犬走椛」.jpg
[  86% ] reimport | 妖怪之山的妖精.jpg
[  86% ] reimport | 妖精们的居所.jpg
[  86% ] reimport | 妖魔书.jpg
[  86% ] reimport | 姥面.jpg
[  86% ] reimport | 孤影悄然的妖怪「古明地觉」.jpg
[  86% ] reimport | 孤援的造型神「埴安神袿姬」__character-rec-023.jpg
[  86% ] reimport | 孤援的造型神「埴安神袿姬」__character-soi-047.jpg
[  87% ] reimport | 守矢神社.jpg
[  87% ] reimport | 完美而潇洒的从者「十六夜咲夜」.jpg
[  87% ] reimport | 宝具「阴阳鬼神玉」__spell-fdf-020.jpg
[  87% ] reimport | 宝具「阴阳鬼神玉」__spell-fdf-ex.jpg
[  87% ] reimport | 七色的人偶使「爱丽丝·玛格特洛依德」__character-rec-024.jpg
[  87% ] reimport | 七色的人偶使「爱丽丝·玛格特洛依德」__character-soi-079.jpg
[  87% ] reimport | 七色的人偶使「爱丽丝·玛格特洛依德」__character-ucs-074.jpg
[  87% ] reimport | 三月精「斯塔·萨菲雅」__character-lof-016.jpg
[  88% ] reimport | 三月精「斯塔·萨菲雅」__character-soi-005.jpg
[  88% ] reimport | 三途川之引渡人「小野冢小町」__character-kmo-011.jpg
[  88% ] reimport | 三途川之引渡人「小野冢小町」__character-soi-028.jpg
[  88% ] reimport | 上海人偶__character-fdn-077.jpg
[  88% ] reimport | 上海人偶__character-soi-010.jpg
[  88% ] reimport | 上海人偶__character-ucs-084.jpg
[  88% ] reimport | 不动的大图书馆「帕秋莉·诺蕾姬」.jpg
[  88% ] reimport | 不明物体.jpg
[  89% ] reimport | 不死「火鳥-鳳翼天翔-」.jpg
[  89% ] reimport | 丰收之秋「秋穰子」__character-kmo-009.jpg
[  89% ] reimport | 丰收之秋「秋穰子」__character-rec-088.jpg
[  89% ] reimport | 丰收之秋「秋穰子」__character-rei-023.jpg
[  89% ] reimport | 丰收之秋「秋穰子」__character-soi-012.jpg
[  89% ] reimport | 乐园的可爱巫女「博丽灵梦」__character-fdn-047.jpg
[  89% ] reimport | 乐园的可爱巫女「博丽灵梦」__character-soi-071.jpg
[  89% ] reimport | 乐园的可爱巫女「博丽灵梦」__character-ucs-001.jpg
[  90% ] reimport | 乐园的可爱巫女「博丽灵梦」__character-ucs-075.jpg
[  90% ] reimport | 二百由旬之一闪「魂魄妖梦」__character-fdn-054.jpg
[  90% ] reimport | 二百由旬之一闪「魂魄妖梦」__character-soi-089.jpg
[  90% ] reimport | 二百由旬之一闪「魂魄妖梦」__character-ucs-091.jpg
[  90% ] reimport | 「蕾米莉亚的烛台」__item-rec-002.jpg
[  90% ] reimport | 「蕾米莉亚的烛台」__item-soi-098.jpg
[  90% ] reimport | 「血族的末裔」__spell-kmo-004.jpg
[  90% ] reimport | 「血族的末裔」__spell-rec-006.jpg
[  91% ] reimport | 「起床ノ地灵殿」.jpg
[  91% ] reimport | 「逸脱者ノ光」.jpg
[  91% ] reimport | 「雾川」.jpg
[  91% ] reimport | 「青ノ花」__spell-fdn-069.jpg
[  91% ] reimport | 「青ノ花」__spell-htk-009.jpg
[  91% ] reimport | 「静空」__spell-rec-073.jpg
[  91% ] reimport | 「静空」__spell-soi-151.jpg
[  91% ] reimport | 「风祝的头饰」.jpg
[  92% ] reimport | 「风神的神德」__spell-rec-016.jpg
[  92% ] reimport | 「风神的神德」__spell-soi-156.jpg
[  92% ] reimport | 「飘上月球、不死之烟」.jpg
[  92% ] reimport | 「香霖堂的谜之书籍」.jpg
[  92% ] reimport | 「魔理沙的元素瓶」__item-htk-029.jpg
[  92% ] reimport | 「魔理沙的元素瓶」__item-rec-004.jpg
[  92% ] reimport | 「魔理沙的元素瓶」__item-smm-024.jpg
[  93% ] reimport | 「魔理沙的元素瓶」__item-soi-100.jpg
[  93% ] reimport | 「鲸落」.jpg
[  93% ] reimport | 七曜魔法使「帕秋莉·诺蕾姬」__character-mar-ex01.jpg
[  93% ] reimport | 七曜魔法使「帕秋莉·诺蕾姬」__character-rec-027.jpg
[  93% ] reimport | 七曜魔法使「帕秋莉·诺蕾姬」__character-soi-083.jpg
[  93% ] reimport | 七色的人偶使「爱丽丝·玛格特洛依德」__character-fdn-050.jpg
[  93% ] reimport | 冻符「完美冻结」__spell-soi-161.jpg
[  93% ] reimport | 凭依「喜怒哀乐附体」.jpg
[  94% ] reimport | 刚欲同盟盟主「饕餮尤魔」.jpg
[  94% ] reimport | 剧毒的死体「宫古芳香」.jpg
[  94% ] reimport | 勤奋的图书管理员「小恶魔」__character-mar-023.jpg
[  94% ] reimport | 勤奋的图书管理员「小恶魔」__character-ucs-055.jpg
[  94% ] reimport | 半灵衍生物__token-fdn-084.jpg
[  94% ] reimport | 半灵衍生物__token-ucs-099.jpg
[  94% ] reimport | 华之大江山「星熊勇仪」.jpg
[  94% ] reimport | 华胥的亡灵「西行寺幽幽子」__character-rec-007.jpg
[  95% ] reimport | 华胥的亡灵「西行寺幽幽子」__character-soi-072.jpg
[  95% ] reimport | 博丽神社__field-rec-081.jpg
[  95% ] reimport | 博丽神社__field-rei-016.jpg
[  95% ] reimport | 博丽神社__field-soi-103.jpg
[  95% ] reimport | 反应「妖怪测谎仪」.jpg
[  95% ] reimport | 可怕的波动「芙兰朵露·斯卡蕾特」__character-rec-114.jpg
[  95% ] reimport | 可怕的波动「芙兰朵露·斯卡蕾特」__character-soi-008.jpg
[  95% ] reimport | 名誉「十二阶の色彩」.jpg
[  96% ] reimport | 后符「秘神ノ后光」.jpg
[  96% ] reimport | 吞噬历史的半兽「上白泽慧音」__character-fdf-ex05.jpg
[  96% ] reimport | 吞噬历史的半兽「上白泽慧音」__character-rec-008.jpg
[  96% ] reimport | 吞噬历史的半兽「上白泽慧音」__character-soi-073.jpg
[  96% ] reimport | 吸血鬼衍生物__token-fdf-133.jpg
[  96% ] reimport | 吸血鬼衍生物__token-fdn-083.jpg
[  96% ] reimport | 五谷丰穰之神德「东风谷早苗」__character-lof-003.jpg
[  96% ] reimport | 五谷丰穰之神德「东风谷早苗」__character-lof-ex.jpg
[  97% ] reimport | 亡乡「亡我乡-彷徨ノ灵魂」.jpg
[  97% ] reimport | 人符「现世斩」__spell-fdn-072.jpg
[  97% ] reimport | 人符「现世斩」__spell-ucs-029.jpg
[  97% ] reimport | 人鬼「未来永劫斩-樱-」.jpg
[  97% ] reimport | 仲夏的妖精「爱塔妮缇拉尔瓦」__character-lof-017.jpg
[  97% ] reimport | 仲夏的妖精「爱塔妮缇拉尔瓦」__character-soi-002.jpg
[  97% ] reimport | 传统的幻想记者「射命丸文」.jpg
[  97% ] reimport | 使人做梦的妖怪「哆来咪·苏伊特」.jpg
[  98% ] reimport | 侦察的天狗.jpg
[  98% ] reimport | 光击「射月」__spell-mar-012.jpg
[  98% ] reimport | 光击「射月」__spell-ucs-049.jpg
[  98% ] reimport | 光晕「唐伞惊吓闪光」.jpg
[  98% ] reimport | 光符「最初ノ人形」.jpg
[  98% ] reimport | 八坂的神风「八坂神奈子」__character-rec-028.jpg
[  98% ] reimport | 八坂的神风「八坂神奈子」__character-soi-084.jpg
[  98% ] reimport | 再思ノ道.jpg
[  99% ] reimport | 冥界__field-rec-020.jpg
[  99% ] reimport | 冥界__field-smm-003.jpg
[  99% ] reimport | 冥符「虹色ノ冥界」.jpg
[  99% ] reimport | 冬之妖怪「蕾蒂·霍瓦特洛克」__character-htk-012.jpg
[  99% ] reimport | 冬之妖怪「蕾蒂·霍瓦特洛克」__character-soi-014.jpg
[  99% ] reimport | 冻符「冰柱海潮」.jpg
[  99% ] reimport | 正在结束资产导入……
[ DONE ] reimport

[   0% ] reimport | Started 正在导入或重新导入资产 (785 steps)
[   0% ] reimport | 正在执行重新导入的后置操作……
[ DONE ] reimport

[   0% ] loading_editor_layout | Started 正在加载编辑器 (5 steps)
[   0% ] loading_editor_layout | 正在加载编辑器布局……
[  16% ] loading_editor_layout | 正在加载停靠面板……
[  33% ] loading_editor_layout | 正在重新打开场景……
[  50% ] loading_editor_layout | 正在加载中央编辑器布局……
[  66% ] loading_editor_layout | 正在加载插件窗口布局……
[  83% ] loading_editor_layout | 编辑器布局就绪。
[ DONE ] loading_editor_layout

